sequence,seq_type,method,pair,baseline_idx,ratio,num_matches,num_correct,num_ground_truth
i_ajuntament,illumination,sift,1_2,2,0.5,155,147,481
i_ajuntament,illumination,sift,1_2,2,0.55,180,172,481
i_ajuntament,illumination,sift,1_2,2,0.6,210,197,481
i_ajuntament,illumination,sift,1_2,2,0.65,254,229,481
i_ajuntament,illumination,sift,1_2,2,0.7,296,256,481
i_ajuntament,illumination,sift,1_2,2,0.75,348,284,481
i_ajuntament,illumination,sift,1_2,2,0.8,396,300,481
i_ajuntament,illumination,sift,1_2,2,0.85,447,314,481
i_ajuntament,illumination,sift,1_2,2,0.9,518,329,481
i_ajuntament,illumination,sift,1_2,2,0.95,631,344,481
i_ajuntament,illumination,sift,1_2,2,0.99,792,351,481
i_ajuntament,illumination,sift,1_3,3,0.5,2,1,137
i_ajuntament,illumination,sift,1_3,3,0.55,8,3,137
i_ajuntament,illumination,sift,1_3,3,0.6,17,5,137
i_ajuntament,illumination,sift,1_3,3,0.65,24,6,137
i_ajuntament,illumination,sift,1_3,3,0.7,39,8,137
i_ajuntament,illumination,sift,1_3,3,0.75,64,12,137
i_ajuntament,illumination,sift,1_3,3,0.8,95,16,137
i_ajuntament,illumination,sift,1_3,3,0.85,147,22,137
i_ajuntament,illumination,sift,1_3,3,0.9,255,27,137
i_ajuntament,illumination,sift,1_3,3,0.95,453,32,137
i_ajuntament,illumination,sift,1_3,3,0.99,727,41,137
i_ajuntament,illumination,sift,1_4,4,0.5,3,1,67
i_ajuntament,illumination,sift,1_4,4,0.55,4,1,67
i_ajuntament,illumination,sift,1_4,4,0.6,7,1,67
i_ajuntament,illumination,sift,1_4,4,0.65,12,3,67
i_ajuntament,illumination,sift,1_4,4,0.7,19,4,67
i_ajuntament,illumination,sift,1_4,4,0.75,38,6,67
i_ajuntament,illumination,sift,1_4,4,0.8,67,9,67
i_ajuntament,illumination,sift,1_4,4,0.85,125,10,67
i_ajuntament,illumination,sift,1_4,4,0.9,212,11,67
i_ajuntament,illumination,sift,1_4,4,0.95,428,12,67
i_ajuntament,illumination,sift,1_4,4,0.99,730,14,67
i_ajuntament,illumination,sift,1_5,5,0.5,7,4,69
i_ajuntament,illumination,sift,1_5,5,0.55,17,6,69
i_ajuntament,illumination,sift,1_5,5,0.6,32,7,69
i_ajuntament,illumination,sift,1_5,5,0.65,41,8,69
i_ajuntament,illumination,sift,1_5,5,0.7,58,8,69
i_ajuntament,illumination,sift,1_5,5,0.75,79,8,69
i_ajuntament,illumination,sift,1_5,5,0.8,119,9,69
i_ajuntament,illumination,sift,1_5,5,0.85,181,10,69
i_ajuntament,illumination,sift,1_5,5,0.9,278,10,69
i_ajuntament,illumination,sift,1_5,5,0.95,467,12,69
i_ajuntament,illumination,sift,1_5,5,0.99,748,16,69
i_ajuntament,illumination,sift,1_6,6,0.5,3,2,69
i_ajuntament,illumination,sift,1_6,6,0.55,5,3,69
i_ajuntament,illumination,sift,1_6,6,0.6,6,3,69
i_ajuntament,illumination,sift,1_6,6,0.65,9,5,69
i_ajuntament,illumination,sift,1_6,6,0.7,22,6,69
i_ajuntament,illumination,sift,1_6,6,0.75,33,7,69
i_ajuntament,illumination,sift,1_6,6,0.8,62,8,69
i_ajuntament,illumination,sift,1_6,6,0.85,101,10,69
i_ajuntament,illumination,sift,1_6,6,0.9,198,10,69
i_ajuntament,illumination,sift,1_6,6,0.95,392,10,69
i_ajuntament,illumination,sift,1_6,6,0.99,723,13,69
i_ajuntament,illumination,orb,1_2,2,0.5,349,343,1766
i_ajuntament,illumination,orb,1_2,2,0.55,427,416,1766
i_ajuntament,illumination,orb,1_2,2,0.6,499,486,1766
i_ajuntament,illumination,orb,1_2,2,0.65,585,561,1766
i_ajuntament,illumination,orb,1_2,2,0.7,688,650,1766
i_ajuntament,illumination,orb,1_2,2,0.75,803,733,1766
i_ajuntament,illumination,orb,1_2,2,0.8,937,821,1766
i_ajuntament,illumination,orb,1_2,2,0.85,1109,922,1766
i_ajuntament,illumination,orb,1_2,2,0.9,1296,1015,1766
i_ajuntament,illumination,orb,1_2,2,0.95,1547,1105,1766
i_ajuntament,illumination,orb,1_2,2,0.99,1850,1188,1766
i_ajuntament,illumination,orb,1_3,3,0.5,2,2,917
i_ajuntament,illumination,orb,1_3,3,0.55,6,4,917
i_ajuntament,illumination,orb,1_3,3,0.6,13,10,917
i_ajuntament,illumination,orb,1_3,3,0.65,23,16,917
i_ajuntament,illumination,orb,1_3,3,0.7,35,23,917
i_ajuntament,illumination,orb,1_3,3,0.75,66,35,917
i_ajuntament,illumination,orb,1_3,3,0.8,129,49,917
i_ajuntament,illumination,orb,1_3,3,0.85,232,68,917
i_ajuntament,illumination,orb,1_3,3,0.9,497,92,917
i_ajuntament,illumination,orb,1_3,3,0.95,976,129,917
i_ajuntament,illumination,orb,1_3,3,0.99,1749,156,917
i_ajuntament,illumination,orb,1_4,4,0.5,0,0,549
i_ajuntament,illumination,orb,1_4,4,0.55,0,0,549
i_ajuntament,illumination,orb,1_4,4,0.6,1,1,549
i_ajuntament,illumination,orb,1_4,4,0.65,4,2,549
i_ajuntament,illumination,orb,1_4,4,0.7,5,2,549
i_ajuntament,illumination,orb,1_4,4,0.75,16,5,549
i_ajuntament,illumination,orb,1_4,4,0.8,56,6,549
i_ajuntament,illumination,orb,1_4,4,0.85,127,9,549
i_ajuntament,illumination,orb,1_4,4,0.9,363,18,549
i_ajuntament,illumination,orb,1_4,4,0.95,873,25,549
i_ajuntament,illumination,orb,1_4,4,0.99,1739,34,549
i_ajuntament,illumination,orb,1_5,5,0.5,0,0,551
i_ajuntament,illumination,orb,1_5,5,0.55,2,0,551
i_ajuntament,illumination,orb,1_5,5,0.6,2,0,551
i_ajuntament,illumination,orb,1_5,5,0.65,2,0,551
i_ajuntament,illumination,orb,1_5,5,0.7,13,4,551
i_ajuntament,illumination,orb,1_5,5,0.75,30,6,551
i_ajuntament,illumination,orb,1_5,5,0.8,69,8,551
i_ajuntament,illumination,orb,1_5,5,0.85,182,16,551
i_ajuntament,illumination,orb,1_5,5,0.9,413,22,551
i_ajuntament,illumination,orb,1_5,5,0.95,917,33,551
i_ajuntament,illumination,orb,1_5,5,0.99,1734,46,551
i_ajuntament,illumination,orb,1_6,6,0.5,0,0,587
i_ajuntament,illumination,orb,1_6,6,0.55,0,0,587
i_ajuntament,illumination,orb,1_6,6,0.6,1,0,587
i_ajuntament,illumination,orb,1_6,6,0.65,4,2,587
i_ajuntament,illumination,orb,1_6,6,0.7,10,3,587
i_ajuntament,illumination,orb,1_6,6,0.75,26,7,587
i_ajuntament,illumination,orb,1_6,6,0.8,58,14,587
i_ajuntament,illumination,orb,1_6,6,0.85,156,15,587
i_ajuntament,illumination,orb,1_6,6,0.9,391,25,587
i_ajuntament,illumination,orb,1_6,6,0.95,858,34,587
i_ajuntament,illumination,orb,1_6,6,0.99,1709,44,587
i_autannes,illumination,sift,1_2,2,0.5,383,383,1031
i_autannes,illumination,sift,1_2,2,0.55,448,447,1031
i_autannes,illumination,sift,1_2,2,0.6,497,493,1031
i_autannes,illumination,sift,1_2,2,0.65,553,543,1031
i_autannes,illumination,sift,1_2,2,0.7,600,584,1031
i_autannes,illumination,sift,1_2,2,0.75,641,619,1031
i_autannes,illumination,sift,1_2,2,0.8,700,656,1031
i_autannes,illumination,sift,1_2,2,0.85,779,682,1031
i_autannes,illumination,sift,1_2,2,0.9,963,704,1031
i_autannes,illumination,sift,1_2,2,0.95,1429,721,1031
i_autannes,illumination,sift,1_2,2,0.99,2332,735,1031
i_autannes,illumination,sift,1_3,3,0.5,244,243,877
i_autannes,illumination,sift,1_3,3,0.55,291,287,877
i_autannes,illumination,sift,1_3,3,0.6,335,329,877
i_autannes,illumination,sift,1_3,3,0.65,379,367,877
i_autannes,illumination,sift,1_3,3,0.7,418,401,877
i_autannes,illumination,sift,1_3,3,0.75,456,429,877
i_autannes,illumination,sift,1_3,3,0.8,495,448,877
i_autannes,illumination,sift,1_3,3,0.85,588,471,877
i_autannes,illumination,sift,1_3,3,0.9,789,497,877
i_autannes,illumination,sift,1_3,3,0.95,1262,511,877
i_autannes,illumination,sift,1_3,3,0.99,2262,521,877
i_autannes,illumination,sift,1_4,4,0.5,7,2,977
i_autannes,illumination,sift,1_4,4,0.55,11,4,977
i_autannes,illumination,sift,1_4,4,0.6,23,8,977
i_autannes,illumination,sift,1_4,4,0.65,34,11,977
i_autannes,illumination,sift,1_4,4,0.7,50,18,977
i_autannes,illumination,sift,1_4,4,0.75,72,27,977
i_autannes,illumination,sift,1_4,4,0.8,115,37,977
i_autannes,illumination,sift,1_4,4,0.85,214,50,977
i_autannes,illumination,sift,1_4,4,0.9,417,64,977
i_autannes,illumination,sift,1_4,4,0.95,1025,80,977
i_autannes,illumination,sift,1_4,4,0.99,2196,98,977
i_autannes,illumination,sift,1_5,5,0.5,6,5,1039
i_autannes,illumination,sift,1_5,5,0.55,14,12,1039
i_autannes,illumination,sift,1_5,5,0.6,21,18,1039
i_autannes,illumination,sift,1_5,5,0.65,28,24,1039
i_autannes,illumination,sift,1_5,5,0.7,43,36,1039
i_autannes,illumination,sift,1_5,5,0.75,69,50,1039
i_autannes,illumination,sift,1_5,5,0.8,104,57,1039
i_autannes,illumination,sift,1_5,5,0.85,185,75,1039
i_autannes,illumination,sift,1_5,5,0.9,384,94,1039
i_autannes,illumination,sift,1_5,5,0.95,960,118,1039
i_autannes,illumination,sift,1_5,5,0.99,2188,138,1039
i_autannes,illumination,sift,1_6,6,0.5,110,107,1043
i_autannes,illumination,sift,1_6,6,0.55,138,134,1043
i_autannes,illumination,sift,1_6,6,0.6,162,158,1043
i_autannes,illumination,sift,1_6,6,0.65,177,172,1043
i_autannes,illumination,sift,1_6,6,0.7,209,199,1043
i_autannes,illumination,sift,1_6,6,0.75,250,231,1043
i_autannes,illumination,sift,1_6,6,0.8,294,259,1043
i_autannes,illumination,sift,1_6,6,0.85,379,285,1043
i_autannes,illumination,sift,1_6,6,0.9,604,326,1043
i_autannes,illumination,sift,1_6,6,0.95,1222,363,1043
i_autannes,illumination,sift,1_6,6,0.99,2238,386,1043
i_autannes,illumination,orb,1_2,2,0.5,60,60,314
i_autannes,illumination,orb,1_2,2,0.55,63,63,314
i_autannes,illumination,orb,1_2,2,0.6,74,72,314
i_autannes,illumination,orb,1_2,2,0.65,80,78,314
i_autannes,illumination,orb,1_2,2,0.7,94,91,314
i_autannes,illumination,orb,1_2,2,0.75,110,101,314
i_autannes,illumination,orb,1_2,2,0.8,128,106,314
i_autannes,illumination,orb,1_2,2,0.85,178,115,314
i_autannes,illumination,orb,1_2,2,0.9,347,124,314
i_autannes,illumination,orb,1_2,2,0.95,809,133,314
i_autannes,illumination,orb,1_2,2,0.99,1780,142,314
i_autannes,illumination,orb,1_3,3,0.5,14,14,212
i_autannes,illumination,orb,1_3,3,0.55,19,19,212
i_autannes,illumination,orb,1_3,3,0.6,20,20,212
i_autannes,illumination,orb,1_3,3,0.65,23,22,212
i_autannes,illumination,orb,1_3,3,0.7,34,28,212
i_autannes,illumination,orb,1_3,3,0.75,38,29,212
i_autannes,illumination,orb,1_3,3,0.8,67,33,212
i_autannes,illumination,orb,1_3,3,0.85,139,39,212
i_autannes,illumination,orb,1_3,3,0.9,336,43,212
i_autannes,illumination,orb,1_3,3,0.95,833,56,212
i_autannes,illumination,orb,1_3,3,0.99,1780,66,212
i_autannes,illumination,orb,1_4,4,0.5,0,0,491
i_autannes,illumination,orb,1_4,4,0.55,3,3,491
i_autannes,illumination,orb,1_4,4,0.6,5,5,491
i_autannes,illumination,orb,1_4,4,0.65,11,10,491
i_autannes,illumination,orb,1_4,4,0.7,21,19,491
i_autannes,illumination,orb,1_4,4,0.75,34,26,491
i_autannes,illumination,orb,1_4,4,0.8,55,38,491
i_autannes,illumination,orb,1_4,4,0.85,115,46,491
i_autannes,illumination,orb,1_4,4,0.9,307,55,491
i_autannes,illumination,orb,1_4,4,0.95,799,74,491
i_autannes,illumination,orb,1_4,4,0.99,1743,83,491
i_autannes,illumination,orb,1_5,5,0.5,0,0,594
i_autannes,illumination,orb,1_5,5,0.55,1,1,594
i_autannes,illumination,orb,1_5,5,0.6,2,2,594
i_autannes,illumination,orb,1_5,5,0.65,7,6,594
i_autannes,illumination,orb,1_5,5,0.7,10,8,594
i_autannes,illumination,orb,1_5,5,0.75,21,14,594
i_autannes,illumination,orb,1_5,5,0.8,49,19,594
i_autannes,illumination,orb,1_5,5,0.85,109,27,594
i_autannes,illumination,orb,1_5,5,0.9,296,41,594
i_autannes,illumination,orb,1_5,5,0.95,824,57,594
i_autannes,illumination,orb,1_5,5,0.99,1774,75,594
i_autannes,illumination,orb,1_6,6,0.5,48,48,1649
i_autannes,illumination,orb,1_6,6,0.55,74,72,1649
i_autannes,illumination,orb,1_6,6,0.6,94,91,1649
i_autannes,illumination,orb,1_6,6,0.65,131,124,1649
i_autannes,illumination,orb,1_6,6,0.7,173,164,1649
i_autannes,illumination,orb,1_6,6,0.75,230,210,1649
i_autannes,illumination,orb,1_6,6,0.8,303,265,1649
i_autannes,illumination,orb,1_6,6,0.85,434,332,1649
i_autannes,illumination,orb,1_6,6,0.9,658,415,1649
i_autannes,illumination,orb,1_6,6,0.95,1090,499,1649
i_autannes,illumination,orb,1_6,6,0.99,1822,580,1649
i_bologna,illumination,sift,1_2,2,0.5,52,52,203
i_bologna,illumination,sift,1_2,2,0.55,62,62,203
i_bologna,illumination,sift,1_2,2,0.6,73,72,203
i_bologna,illumination,sift,1_2,2,0.65,83,81,203
i_bologna,illumination,sift,1_2,2,0.7,90,88,203
i_bologna,illumination,sift,1_2,2,0.75,97,94,203
i_bologna,illumination,sift,1_2,2,0.8,109,100,203
i_bologna,illumination,sift,1_2,2,0.85,127,110,203
i_bologna,illumination,sift,1_2,2,0.9,164,124,203
i_bologna,illumination,sift,1_2,2,0.95,204,130,203
i_bologna,illumination,sift,1_2,2,0.99,249,134,203
i_bologna,illumination,sift,1_3,3,0.5,42,41,180
i_bologna,illumination,sift,1_3,3,0.55,53,51,180
i_bologna,illumination,sift,1_3,3,0.6,61,57,180
i_bologna,illumination,sift,1_3,3,0.65,69,65,180
i_bologna,illumination,sift,1_3,3,0.7,77,72,180
i_bologna,illumination,sift,1_3,3,0.75,82,76,180
i_bologna,illumination,sift,1_3,3,0.8,96,80,180
i_bologna,illumination,sift,1_3,3,0.85,110,85,180
i_bologna,illumination,sift,1_3,3,0.9,134,89,180
i_bologna,illumination,sift,1_3,3,0.95,172,94,180
i_bologna,illumination,sift,1_3,3,0.99,237,100,180
i_bologna,illumination,sift,1_4,4,0.5,40,39,173
i_bologna,illumination,sift,1_4,4,0.55,44,43,173
i_bologna,illumination,sift,1_4,4,0.6,55,53,173
i_bologna,illumination,sift,1_4,4,0.65,65,63,173
i_bologna,illumination,sift,1_4,4,0.7,73,71,173
i_bologna,illumination,sift,1_4,4,0.75,82,78,173
i_bologna,illumination,sift,1_4,4,0.8,94,84,173
i_bologna,illumination,sift,1_4,4,0.85,115,90,173
i_bologna,illumination,sift,1_4,4,0.9,140,92,173
i_bologna,illumination,sift,1_4,4,0.95,184,99,173
i_bologna,illumination,sift,1_4,4,0.99,244,104,173
i_bologna,illumination,sift,1_5,5,0.5,30,29,176
i_bologna,illumination,sift,1_5,5,0.55,39,38,176
i_bologna,illumination,sift,1_5,5,0.6,46,45,176
i_bologna,illumination,sift,1_5,5,0.65,52,48,176
i_bologna,illumination,sift,1_5,5,0.7,64,59,176
i_bologna,illumination,sift,1_5,5,0.75,71,64,176
i_bologna,illumination,sift,1_5,5,0.8,87,74,176
i_bologna,illumination,sift,1_5,5,0.85,96,78,176
i_bologna,illumination,sift,1_5,5,0.9,119,82,176
i_bologna,illumination,sift,1_5,5,0.95,163,88,176
i_bologna,illumination,sift,1_5,5,0.99,248,95,176
i_bologna,illumination,sift,1_6,6,0.5,15,15,163
i_bologna,illumination,sift,1_6,6,0.55,21,21,163
i_bologna,illumination,sift,1_6,6,0.6,27,26,163
i_bologna,illumination,sift,1_6,6,0.65,32,31,163
i_bologna,illumination,sift,1_6,6,0.7,39,38,163
i_bologna,illumination,sift,1_6,6,0.75,47,44,163
i_bologna,illumination,sift,1_6,6,0.8,60,56,163
i_bologna,illumination,sift,1_6,6,0.85,72,59,163
i_bologna,illumination,sift,1_6,6,0.9,104,66,163
i_bologna,illumination,sift,1_6,6,0.95,158,72,163
i_bologna,illumination,sift,1_6,6,0.99,230,79,163
i_bologna,illumination,orb,1_2,2,0.5,32,32,777
i_bologna,illumination,orb,1_2,2,0.55,62,61,777
i_bologna,illumination,orb,1_2,2,0.6,79,77,777
i_bologna,illumination,orb,1_2,2,0.65,115,112,777
i_bologna,illumination,orb,1_2,2,0.7,153,146,777
i_bologna,illumination,orb,1_2,2,0.75,201,185,777
i_bologna,illumination,orb,1_2,2,0.8,254,227,777
i_bologna,illumination,orb,1_2,2,0.85,333,278,777
i_bologna,illumination,orb,1_2,2,0.9,445,336,777
i_bologna,illumination,orb,1_2,2,0.95,666,396,777
i_bologna,illumination,orb,1_2,2,0.99,958,438,777
i_bologna,illumination,orb,1_3,3,0.5,25,25,724
i_bologna,illumination,orb,1_3,3,0.55,39,38,724
i_bologna,illumination,orb,1_3,3,0.6,50,49,724
i_bologna,illumination,orb,1_3,3,0.65,64,60,724
i_bologna,illumination,orb,1_3,3,0.7,82,75,724
i_bologna,illumination,orb,1_3,3,0.75,104,95,724
i_bologna,illumination,orb,1_3,3,0.8,145,123,724
i_bologna,illumination,orb,1_3,3,0.85,220,165,724
i_bologna,illumination,orb,1_3,3,0.9,346,206,724
i_bologna,illumination,orb,1_3,3,0.95,581,244,724
i_bologna,illumination,orb,1_3,3,0.99,941,283,724
i_bologna,illumination,orb,1_4,4,0.5,24,23,745
i_bologna,illumination,orb,1_4,4,0.55,34,33,745
i_bologna,illumination,orb,1_4,4,0.6,48,47,745
i_bologna,illumination,orb,1_4,4,0.65,68,65,745
i_bologna,illumination,orb,1_4,4,0.7,87,82,745
i_bologna,illumination,orb,1_4,4,0.75,117,104,745
i_bologna,illumination,orb,1_4,4,0.8,162,136,745
i_bologna,illumination,orb,1_4,4,0.85,220,173,745
i_bologna,illumination,orb,1_4,4,0.9,342,212,745
i_bologna,illumination,orb,1_4,4,0.95,601,265,745
i_bologna,illumination,orb,1_4,4,0.99,953,302,745
i_bologna,illumination,orb,1_5,5,0.5,15,15,716
i_bologna,illumination,orb,1_5,5,0.55,27,26,716
i_bologna,illumination,orb,1_5,5,0.6,44,42,716
i_bologna,illumination,orb,1_5,5,0.65,59,56,716
i_bologna,illumination,orb,1_5,5,0.7,75,69,716
i_bologna,illumination,orb,1_5,5,0.75,101,94,716
i_bologna,illumination,orb,1_5,5,0.8,139,118,716
i_bologna,illumination,orb,1_5,5,0.85,211,156,716
i_bologna,illumination,orb,1_5,5,0.9,325,191,716
i_bologna,illumination,orb,1_5,5,0.95,544,222,716
i_bologna,illumination,orb,1_5,5,0.99,943,247,716
i_bologna,illumination,orb,1_6,6,0.5,11,11,717
i_bologna,illumination,orb,1_6,6,0.55,26,26,717
i_bologna,illumination,orb,1_6,6,0.6,36,35,717
i_bologna,illumination,orb,1_6,6,0.65,54,53,717
i_bologna,illumination,orb,1_6,6,0.7,72,67,717
i_bologna,illumination,orb,1_6,6,0.75,95,89,717
i_bologna,illumination,orb,1_6,6,0.8,140,120,717
i_bologna,illumination,orb,1_6,6,0.85,180,137,717
i_bologna,illumination,orb,1_6,6,0.9,286,172,717
i_bologna,illumination,orb,1_6,6,0.95,523,204,717
i_bologna,illumination,orb,1_6,6,0.99,930,234,717
i_books,illumination,sift,1_2,2,0.5,238,232,370
i_books,illumination,sift,1_2,2,0.55,252,243,370
i_books,illumination,sift,1_2,2,0.6,268,254,370
i_books,illumination,sift,1_2,2,0.65,282,264,370
i_books,illumination,sift,1_2,2,0.7,303,275,370
i_books,illumination,sift,1_2,2,0.75,326,280,370
i_books,illumination,sift,1_2,2,0.8,367,286,370
i_books,illumination,sift,1_2,2,0.85,417,294,370
i_books,illumination,sift,1_2,2,0.9,483,297,370
i_books,illumination,sift,1_2,2,0.95,635,299,370
i_books,illumination,sift,1_2,2,0.99,880,303,370
i_books,illumination,sift,1_3,3,0.5,416,408,724
i_books,illumination,sift,1_3,3,0.55,433,424,724
i_books,illumination,sift,1_3,3,0.6,451,439,724
i_books,illumination,sift,1_3,3,0.65,476,454,724
i_books,illumination,sift,1_3,3,0.7,502,467,724
i_books,illumination,sift,1_3,3,0.75,522,476,724
i_books,illumination,sift,1_3,3,0.8,553,490,724
i_books,illumination,sift,1_3,3,0.85,605,506,724
i_books,illumination,sift,1_3,3,0.9,681,522,724
i_books,illumination,sift,1_3,3,0.95,796,531,724
i_books,illumination,sift,1_3,3,0.99,929,541,724
i_books,illumination,sift,1_4,4,0.5,425,418,691
i_books,illumination,sift,1_4,4,0.55,447,435,691
i_books,illumination,sift,1_4,4,0.6,467,450,691
i_books,illumination,sift,1_4,4,0.65,495,463,691
i_books,illumination,sift,1_4,4,0.7,520,475,691
i_books,illumination,sift,1_4,4,0.75,549,486,691
i_books,illumination,sift,1_4,4,0.8,575,495,691
i_books,illumination,sift,1_4,4,0.85,624,508,691
i_books,illumination,sift,1_4,4,0.9,681,521,691
i_books,illumination,sift,1_4,4,0.95,796,536,691
i_books,illumination,sift,1_4,4,0.99,933,539,691
i_books,illumination,sift,1_5,5,0.5,452,443,728
i_books,illumination,sift,1_5,5,0.55,474,463,728
i_books,illumination,sift,1_5,5,0.6,503,484,728
i_books,illumination,sift,1_5,5,0.65,529,500,728
i_books,illumination,sift,1_5,5,0.7,559,522,728
i_books,illumination,sift,1_5,5,0.75,593,539,728
i_books,illumination,sift,1_5,5,0.8,629,554,728
i_books,illumination,sift,1_5,5,0.85,670,565,728
i_books,illumination,sift,1_5,5,0.9,720,575,728
i_books,illumination,sift,1_5,5,0.95,806,583,728
i_books,illumination,sift,1_5,5,0.99,934,593,728
i_books,illumination,sift,1_6,6,0.5,394,374,552
i_books,illumination,sift,1_6,6,0.55,408,381,552
i_books,illumination,sift,1_6,6,0.6,427,390,552
i_books,illumination,sift,1_6,6,0.65,458,399,552
i_books,illumination,sift,1_6,6,0.7,484,406,552
i_books,illumination,sift,1_6,6,0.75,506,414,552
i_books,illumination,sift,1_6,6,0.8,540,425,552
i_books,illumination,sift,1_6,6,0.85,590,429,552
i_books,illumination,sift,1_6,6,0.9,671,439,552
i_books,illumination,sift,1_6,6,0.95,768,446,552
i_books,illumination,sift,1_6,6,0.99,925,451,552
i_books,illumination,orb,1_2,2,0.5,569,566,1553
i_books,illumination,orb,1_2,2,0.55,667,663,1553
i_books,illumination,orb,1_2,2,0.6,741,733,1553
i_books,illumination,orb,1_2,2,0.65,819,804,1553
i_books,illumination,orb,1_2,2,0.7,877,854,1553
i_books,illumination,orb,1_2,2,0.75,946,913,1553
i_books,illumination,orb,1_2,2,0.8,1035,964,1553
i_books,illumination,orb,1_2,2,0.85,1148,1020,1553
i_books,illumination,orb,1_2,2,0.9,1296,1073,1553
i_books,illumination,orb,1_2,2,0.95,1526,1127,1553
i_books,illumination,orb,1_2,2,0.99,1860,1165,1553
i_books,illumination,orb,1_3,3,0.5,276,276,1289
i_books,illumination,orb,1_3,3,0.55,314,311,1289
i_books,illumination,orb,1_3,3,0.6,349,340,1289
i_books,illumination,orb,1_3,3,0.65,391,372,1289
i_books,illumination,orb,1_3,3,0.7,427,401,1289
i_books,illumination,orb,1_3,3,0.75,499,448,1289
i_books,illumination,orb,1_3,3,0.8,566,476,1289
i_books,illumination,orb,1_3,3,0.85,707,521,1289
i_books,illumination,orb,1_3,3,0.9,929,558,1289
i_books,illumination,orb,1_3,3,0.95,1313,617,1289
i_books,illumination,orb,1_3,3,0.99,1822,651,1289
i_books,illumination,orb,1_4,4,0.5,436,435,1420
i_books,illumination,orb,1_4,4,0.55,473,469,1420
i_books,illumination,orb,1_4,4,0.6,507,497,1420
i_books,illumination,orb,1_4,4,0.65,548,532,1420
i_books,illumination,orb,1_4,4,0.7,602,567,1420
i_books,illumination,orb,1_4,4,0.75,661,609,1420
i_books,illumination,orb,1_4,4,0.8,748,658,1420
i_books,illumination,orb,1_4,4,0.85,876,717,1420
i_books,illumination,orb,1_4,4,0.9,1015,755,1420
i_books,illumination,orb,1_4,4,0.95,1380,807,1420
i_books,illumination,orb,1_4,4,0.99,1835,861,1420
i_books,illumination,orb,1_5,5,0.5,543,540,1597
i_books,illumination,orb,1_5,5,0.55,606,600,1597
i_books,illumination,orb,1_5,5,0.6,656,650,1597
i_books,illumination,orb,1_5,5,0.65,707,694,1597
i_books,illumination,orb,1_5,5,0.7,791,767,1597
i_books,illumination,orb,1_5,5,0.75,856,809,1597
i_books,illumination,orb,1_5,5,0.8,944,865,1597
i_books,illumination,orb,1_5,5,0.85,1072,932,1597
i_books,illumination,orb,1_5,5,0.9,1253,1000,1597
i_books,illumination,orb,1_5,5,0.95,1523,1058,1597
i_books,illumination,orb,1_5,5,0.99,1845,1099,1597
i_books,illumination,orb,1_6,6,0.5,851,849,1727
i_books,illumination,orb,1_6,6,0.55,915,913,1727
i_books,illumination,orb,1_6,6,0.6,969,965,1727
i_books,illumination,orb,1_6,6,0.65,1022,1017,1727
i_books,illumination,orb,1_6,6,0.7,1079,1070,1727
i_books,illumination,orb,1_6,6,0.75,1141,1121,1727
i_books,illumination,orb,1_6,6,0.8,1210,1169,1727
i_books,illumination,orb,1_6,6,0.85,1301,1221,1727
i_books,illumination,orb,1_6,6,0.9,1414,1268,1727
i_books,illumination,orb,1_6,6,0.95,1597,1317,1727
i_books,illumination,orb,1_6,6,0.99,1861,1362,1727
i_boutique,illumination,sift,1_2,2,0.5,507,490,2318
i_boutique,illumination,sift,1_2,2,0.55,605,578,2318
i_boutique,illumination,sift,1_2,2,0.6,712,659,2318
i_boutique,illumination,sift,1_2,2,0.65,811,735,2318
i_boutique,illumination,sift,1_2,2,0.7,921,810,2318
i_boutique,illumination,sift,1_2,2,0.75,1059,879,2318
i_boutique,illumination,sift,1_2,2,0.8,1214,939,2318
i_boutique,illumination,sift,1_2,2,0.85,1448,1004,2318
i_boutique,illumination,sift,1_2,2,0.9,1840,1076,2318
i_boutique,illumination,sift,1_2,2,0.95,2510,1133,2318
i_boutique,illumination,sift,1_2,2,0.99,3479,1205,2318
i_boutique,illumination,sift,1_3,3,0.5,112,106,1822
i_boutique,illumination,sift,1_3,3,0.55,164,155,1822
i_boutique,illumination,sift,1_3,3,0.6,215,198,1822
i_boutique,illumination,sift,1_3,3,0.65,268,239,1822
i_boutique,illumination,sift,1_3,3,0.7,335,293,1822
i_boutique,illumination,sift,1_3,3,0.75,433,348,1822
i_boutique,illumination,sift,1_3,3,0.8,572,395,1822
i_boutique,illumination,sift,1_3,3,0.85,829,455,1822
i_boutique,illumination,sift,1_3,3,0.9,1277,518,1822
i_boutique,illumination,sift,1_3,3,0.95,2144,580,1822
i_boutique,illumination,sift,1_3,3,0.99,3370,634,1822
i_boutique,illumination,sift,1_4,4,0.5,115,113,1760
i_boutique,illumination,sift,1_4,4,0.55,157,147,1760
i_boutique,illumination,sift,1_4,4,0.6,206,193,1760
i_boutique,illumination,sift,1_4,4,0.65,267,227,1760
i_boutique,illumination,sift,1_4,4,0.7,331,261,1760
i_boutique,illumination,sift,1_4,4,0.75,453,312,1760
i_boutique,illumination,sift,1_4,4,0.8,617,369,1760
i_boutique,illumination,sift,1_4,4,0.85,852,417,1760
i_boutique,illumination,sift,1_4,4,0.9,1267,479,1760
i_boutique,illumination,sift,1_4,4,0.95,2108,539,1760
i_boutique,illumination,sift,1_4,4,0.99,3371,600,1760
i_boutique,illumination,sift,1_5,5,0.5,10,7,1129
i_boutique,illumination,sift,1_5,5,0.55,13,9,1129
i_boutique,illumination,sift,1_5,5,0.6,18,12,1129
i_boutique,illumination,sift,1_5,5,0.65,31,19,1129
i_boutique,illumination,sift,1_5,5,0.7,47,23,1129
i_boutique,illumination,sift,1_5,5,0.75,87,31,1129
i_boutique,illumination,sift,1_5,5,0.8,160,42,1129
i_boutique,illumination,sift,1_5,5,0.85,334,54,1129
i_boutique,illumination,sift,1_5,5,0.9,725,75,1129
i_boutique,illumination,sift,1_5,5,0.95,1606,102,1129
i_boutique,illumination,sift,1_5,5,0.99,3193,120,1129
i_boutique,illumination,sift,1_6,6,0.5,5,2,1042
i_boutique,illumination,sift,1_6,6,0.55,8,3,1042
i_boutique,illumination,sift,1_6,6,0.6,11,6,1042
i_boutique,illumination,sift,1_6,6,0.65,19,9,1042
i_boutique,illumination,sift,1_6,6,0.7,41,19,1042
i_boutique,illumination,sift,1_6,6,0.75,72,26,1042
i_boutique,illumination,sift,1_6,6,0.8,134,36,1042
i_boutique,illumination,sift,1_6,6,0.85,317,43,1042
i_boutique,illumination,sift,1_6,6,0.9,683,60,1042
i_boutique,illumination,sift,1_6,6,0.95,1590,86,1042
i_boutique,illumination,sift,1_6,6,0.99,3179,111,1042
i_boutique,illumination,orb,1_2,2,0.5,245,233,1451
i_boutique,illumination,orb,1_2,2,0.55,314,294,1451
i_boutique,illumination,orb,1_2,2,0.6,382,351,1451
i_boutique,illumination,orb,1_2,2,0.65,456,409,1451
i_boutique,illumination,orb,1_2,2,0.7,537,464,1451
i_boutique,illumination,orb,1_2,2,0.75,627,530,1451
i_boutique,illumination,orb,1_2,2,0.8,730,591,1451
i_boutique,illumination,orb,1_2,2,0.85,869,652,1451
i_boutique,illumination,orb,1_2,2,0.9,1070,714,1451
i_boutique,illumination,orb,1_2,2,0.95,1420,784,1451
i_boutique,illumination,orb,1_2,2,0.99,1886,833,1451
i_boutique,illumination,orb,1_3,3,0.5,14,12,1433
i_boutique,illumination,orb,1_3,3,0.55,27,23,1433
i_boutique,illumination,orb,1_3,3,0.6,43,39,1433
i_boutique,illumination,orb,1_3,3,0.65,64,56,1433
i_boutique,illumination,orb,1_3,3,0.7,104,83,1433
i_boutique,illumination,orb,1_3,3,0.75,162,111,1433
i_boutique,illumination,orb,1_3,3,0.8,245,153,1433
i_boutique,illumination,orb,1_3,3,0.85,398,204,1433
i_boutique,illumination,orb,1_3,3,0.9,629,256,1433
i_boutique,illumination,orb,1_3,3,0.95,1079,318,1433
i_boutique,illumination,orb,1_3,3,0.99,1832,377,1433
i_boutique,illumination,orb,1_4,4,0.5,20,20,1215
i_boutique,illumination,orb,1_4,4,0.55,41,39,1215
i_boutique,illumination,orb,1_4,4,0.6,55,50,1215
i_boutique,illumination,orb,1_4,4,0.65,88,75,1215
i_boutique,illumination,orb,1_4,4,0.7,137,107,1215
i_boutique,illumination,orb,1_4,4,0.75,195,138,1215
i_boutique,illumination,orb,1_4,4,0.8,261,169,1215
i_boutique,illumination,orb,1_4,4,0.85,395,207,1215
i_boutique,illumination,orb,1_4,4,0.9,622,254,1215
i_boutique,illumination,orb,1_4,4,0.95,1101,306,1215
i_boutique,illumination,orb,1_4,4,0.99,1814,355,1215
i_boutique,illumination,orb,1_5,5,0.5,0,0,809
i_boutique,illumination,orb,1_5,5,0.55,1,1,809
i_boutique,illumination,orb,1_5,5,0.6,1,1,809
i_boutique,illumination,orb,1_5,5,0.65,2,1,809
i_boutique,illumination,orb,1_5,5,0.7,8,2,809
i_boutique,illumination,orb,1_5,5,0.75,19,5,809
i_boutique,illumination,orb,1_5,5,0.8,51,9,809
i_boutique,illumination,orb,1_5,5,0.85,136,11,809
i_boutique,illumination,orb,1_5,5,0.9,341,24,809
i_boutique,illumination,orb,1_5,5,0.95,877,38,809
i_boutique,illumination,orb,1_5,5,0.99,1797,44,809
i_boutique,illumination,orb,1_6,6,0.5,1,1,765
i_boutique,illumination,orb,1_6,6,0.55,3,1,765
i_boutique,illumination,orb,1_6,6,0.6,3,1,765
i_boutique,illumination,orb,1_6,6,0.65,6,1,765
i_boutique,illumination,orb,1_6,6,0.7,11,2,765
i_boutique,illumination,orb,1_6,6,0.75,32,7,765
i_boutique,illumination,orb,1_6,6,0.8,77,10,765
i_boutique,illumination,orb,1_6,6,0.85,161,12,765
i_boutique,illumination,orb,1_6,6,0.9,361,20,765
i_boutique,illumination,orb,1_6,6,0.95,848,31,765
i_boutique,illumination,orb,1_6,6,0.99,1767,41,765
i_bridger,illumination,sift,1_2,2,0.5,493,482,5971
i_bridger,illumination,sift,1_2,2,0.55,669,647,5971
i_bridger,illumination,sift,1_2,2,0.6,849,815,5971
i_bridger,illumination,sift,1_2,2,0.65,1060,1004,5971
i_bridger,illumination,sift,1_2,2,0.7,1270,1190,5971
i_bridger,illumination,sift,1_2,2,0.75,1546,1403,5971
i_bridger,illumination,sift,1_2,2,0.8,1871,1595,5971
i_bridger,illumination,sift,1_2,2,0.85,2353,1784,5971
i_bridger,illumination,sift,1_2,2,0.9,3257,1963,5971
i_bridger,illumination,sift,1_2,2,0.95,5355,2129,5971
i_bridger,illumination,sift,1_2,2,0.99,9127,2273,5971
i_bridger,illumination,sift,1_3,3,0.5,241,237,4875
i_bridger,illumination,sift,1_3,3,0.55,330,326,4875
i_bridger,illumination,sift,1_3,3,0.6,454,443,4875
i_bridger,illumination,sift,1_3,3,0.65,583,558,4875
i_bridger,illumination,sift,1_3,3,0.7,735,687,4875
i_bridger,illumination,sift,1_3,3,0.75,934,825,4875
i_bridger,illumination,sift,1_3,3,0.8,1184,957,4875
i_bridger,illumination,sift,1_3,3,0.85,1632,1081,4875
i_bridger,illumination,sift,1_3,3,0.9,2555,1211,4875
i_bridger,illumination,sift,1_3,3,0.95,4793,1349,4875
i_bridger,illumination,sift,1_3,3,0.99,8951,1481,4875
i_bridger,illumination,sift,1_4,4,0.5,129,124,2936
i_bridger,illumination,sift,1_4,4,0.55,179,173,2936
i_bridger,illumination,sift,1_4,4,0.6,258,236,2936
i_bridger,illumination,sift,1_4,4,0.65,343,302,2936
i_bridger,illumination,sift,1_4,4,0.7,467,397,2936
i_bridger,illumination,sift,1_4,4,0.75,632,509,2936
i_bridger,illumination,sift,1_4,4,0.8,882,619,2936
i_bridger,illumination,sift,1_4,4,0.85,1324,730,2936
i_bridger,illumination,sift,1_4,4,0.9,2257,843,2936
i_bridger,illumination,sift,1_4,4,0.95,4632,947,2936
i_bridger,illumination,sift,1_4,4,0.99,8900,1031,2936
i_bridger,illumination,sift,1_5,5,0.5,37,35,1183
i_bridger,illumination,sift,1_5,5,0.55,57,49,1183
i_bridger,illumination,sift,1_5,5,0.6,77,65,1183
i_bridger,illumination,sift,1_5,5,0.65,118,91,1183
i_bridger,illumination,sift,1_5,5,0.7,180,118,1183
i_bridger,illumination,sift,1_5,5,0.75,286,155,1183
i_bridger,illumination,sift,1_5,5,0.8,509,207,1183
i_bridger,illumination,sift,1_5,5,0.85,931,256,1183
i_bridger,illumination,sift,1_5,5,0.9,1933,308,1183
i_bridger,illumination,sift,1_5,5,0.95,4380,361,1183
i_bridger,illumination,sift,1_5,5,0.99,8905,402,1183
i_bridger,illumination,sift,1_6,6,0.5,8,8,196
i_bridger,illumination,sift,1_6,6,0.55,12,11,196
i_bridger,illumination,sift,1_6,6,0.6,19,14,196
i_bridger,illumination,sift,1_6,6,0.65,36,23,196
i_bridger,illumination,sift,1_6,6,0.7,62,27,196
i_bridger,illumination,sift,1_6,6,0.75,121,36,196
i_bridger,illumination,sift,1_6,6,0.8,282,42,196
i_bridger,illumination,sift,1_6,6,0.85,719,56,196
i_bridger,illumination,sift,1_6,6,0.9,1741,65,196
i_bridger,illumination,sift,1_6,6,0.95,4322,72,196
i_bridger,illumination,sift,1_6,6,0.99,8975,77,196
i_bridger,illumination,orb,1_2,2,0.5,153,151,1477
i_bridger,illumination,orb,1_2,2,0.55,212,209,1477
i_bridger,illumination,orb,1_2,2,0.6,272,267,1477
i_bridger,illumination,orb,1_2,2,0.65,339,331,1477
i_bridger,illumination,orb,1_2,2,0.7,398,385,1477
i_bridger,illumination,orb,1_2,2,0.75,474,440,1477
i_bridger,illumination,orb,1_2,2,0.8,576,511,1477
i_bridger,illumination,orb,1_2,2,0.85,709,591,1477
i_bridger,illumination,orb,1_2,2,0.9,929,677,1477
i_bridger,illumination,orb,1_2,2,0.95,1295,763,1477
i_bridger,illumination,orb,1_2,2,0.99,1850,835,1477
i_bridger,illumination,orb,1_3,3,0.5,165,160,1435
i_bridger,illumination,orb,1_3,3,0.55,224,219,1435
i_bridger,illumination,orb,1_3,3,0.6,283,277,1435
i_bridger,illumination,orb,1_3,3,0.65,362,352,1435
i_bridger,illumination,orb,1_3,3,0.7,431,415,1435
i_bridger,illumination,orb,1_3,3,0.75,521,493,1435
i_bridger,illumination,orb,1_3,3,0.8,604,561,1435
i_bridger,illumination,orb,1_3,3,0.85,705,612,1435
i_bridger,illumination,orb,1_3,3,0.9,865,676,1435
i_bridger,illumination,orb,1_3,3,0.95,1266,759,1435
i_bridger,illumination,orb,1_3,3,0.99,1857,835,1435
i_bridger,illumination,orb,1_4,4,0.5,82,82,1241
i_bridger,illumination,orb,1_4,4,0.55,116,115,1241
i_bridger,illumination,orb,1_4,4,0.6,144,143,1241
i_bridger,illumination,orb,1_4,4,0.65,194,191,1241
i_bridger,illumination,orb,1_4,4,0.7,246,238,1241
i_bridger,illumination,orb,1_4,4,0.75,289,269,1241
i_bridger,illumination,orb,1_4,4,0.8,383,342,1241
i_bridger,illumination,orb,1_4,4,0.85,506,406,1241
i_bridger,illumination,orb,1_4,4,0.9,730,488,1241
i_bridger,illumination,orb,1_4,4,0.95,1151,575,1241
i_bridger,illumination,orb,1_4,4,0.99,1847,629,1241
i_bridger,illumination,orb,1_5,5,0.5,36,35,1013
i_bridger,illumination,orb,1_5,5,0.55,52,49,1013
i_bridger,illumination,orb,1_5,5,0.6,66,61,1013
i_bridger,illumination,orb,1_5,5,0.65,90,82,1013
i_bridger,illumination,orb,1_5,5,0.7,127,111,1013
i_bridger,illumination,orb,1_5,5,0.75,165,142,1013
i_bridger,illumination,orb,1_5,5,0.8,225,182,1013
i_bridger,illumination,orb,1_5,5,0.85,325,229,1013
i_bridger,illumination,orb,1_5,5,0.9,528,268,1013
i_bridger,illumination,orb,1_5,5,0.95,987,339,1013
i_bridger,illumination,orb,1_5,5,0.99,1795,380,1013
i_bridger,illumination,orb,1_6,6,0.5,0,0,160
i_bridger,illumination,orb,1_6,6,0.55,0,0,160
i_bridger,illumination,orb,1_6,6,0.6,2,1,160
i_bridger,illumination,orb,1_6,6,0.65,3,1,160
i_bridger,illumination,orb,1_6,6,0.7,4,1,160
i_bridger,illumination,orb,1_6,6,0.75,16,3,160
i_bridger,illumination,orb,1_6,6,0.8,39,6,160
i_bridger,illumination,orb,1_6,6,0.85,107,9,160
i_bridger,illumination,orb,1_6,6,0.9,284,16,160
i_bridger,illumination,orb,1_6,6,0.95,789,22,160
i_bridger,illumination,orb,1_6,6,0.99,1776,30,160
i_brooklyn,illumination,sift,1_2,2,0.5,278,268,3930
i_brooklyn,illumination,sift,1_2,2,0.55,382,366,3930
i_brooklyn,illumination,sift,1_2,2,0.6,479,452,3930
i_brooklyn,illumination,sift,1_2,2,0.65,630,577,3930
i_brooklyn,illumination,sift,1_2,2,0.7,789,692,3930
i_brooklyn,illumination,sift,1_2,2,0.75,962,794,3930
i_brooklyn,illumination,sift,1_2,2,0.8,1217,912,3930
i_brooklyn,illumination,sift,1_2,2,0.85,1626,1039,3930
i_brooklyn,illumination,sift,1_2,2,0.9,2457,1167,3930
i_brooklyn,illumination,sift,1_2,2,0.95,4092,1288,3930
i_brooklyn,illumination,sift,1_2,2,0.99,6667,1375,3930
i_brooklyn,illumination,sift,1_3,3,0.5,1276,93,2523
i_brooklyn,illumination,sift,1_3,3,0.55,1521,118,2523
i_brooklyn,illumination,sift,1_3,3,0.6,1732,149,2523
i_brooklyn,illumination,sift,1_3,3,0.65,1939,171,2523
i_brooklyn,illumination,sift,1_3,3,0.7,2152,202,2523
i_brooklyn,illumination,sift,1_3,3,0.75,2390,229,2523
i_brooklyn,illumination,sift,1_3,3,0.8,2656,249,2523
i_brooklyn,illumination,sift,1_3,3,0.85,3065,268,2523
i_brooklyn,illumination,sift,1_3,3,0.9,3692,289,2523
i_brooklyn,illumination,sift,1_3,3,0.95,4899,311,2523
i_brooklyn,illumination,sift,1_3,3,0.99,6866,333,2523
i_brooklyn,illumination,sift,1_4,4,0.5,87,75,2634
i_brooklyn,illumination,sift,1_4,4,0.55,120,102,2634
i_brooklyn,illumination,sift,1_4,4,0.6,167,134,2634
i_brooklyn,illumination,sift,1_4,4,0.65,220,165,2634
i_brooklyn,illumination,sift,1_4,4,0.7,291,195,2634
i_brooklyn,illumination,sift,1_4,4,0.75,407,238,2634
i_brooklyn,illumination,sift,1_4,4,0.8,612,283,2634
i_brooklyn,illumination,sift,1_4,4,0.85,985,333,2634
i_brooklyn,illumination,sift,1_4,4,0.9,1757,389,2634
i_brooklyn,illumination,sift,1_4,4,0.95,3507,465,2634
i_brooklyn,illumination,sift,1_4,4,0.99,6485,524,2634
i_brooklyn,illumination,sift,1_5,5,0.5,1556,27,2445
i_brooklyn,illumination,sift,1_5,5,0.55,1804,32,2445
i_brooklyn,illumination,sift,1_5,5,0.6,2015,39,2445
i_brooklyn,illumination,sift,1_5,5,0.65,2217,47,2445
i_brooklyn,illumination,sift,1_5,5,0.7,2429,55,2445
i_brooklyn,illumination,sift,1_5,5,0.75,2659,60,2445
i_brooklyn,illumination,sift,1_5,5,0.8,2913,67,2445
i_brooklyn,illumination,sift,1_5,5,0.85,3267,74,2445
i_brooklyn,illumination,sift,1_5,5,0.9,3902,84,2445
i_brooklyn,illumination,sift,1_5,5,0.95,5051,93,2445
i_brooklyn,illumination,sift,1_5,5,0.99,6914,105,2445
i_brooklyn,illumination,sift,1_6,6,0.5,298,2,2499
i_brooklyn,illumination,sift,1_6,6,0.55,399,4,2499
i_brooklyn,illumination,sift,1_6,6,0.6,519,10,2499
i_brooklyn,illumination,sift,1_6,6,0.65,646,19,2499
i_brooklyn,illumination,sift,1_6,6,0.7,806,30,2499
i_brooklyn,illumination,sift,1_6,6,0.75,1012,39,2499
i_brooklyn,illumination,sift,1_6,6,0.8,1291,45,2499
i_brooklyn,illumination,sift,1_6,6,0.85,1706,58,2499
i_brooklyn,illumination,sift,1_6,6,0.9,2481,72,2499
i_brooklyn,illumination,sift,1_6,6,0.95,4069,87,2499
i_brooklyn,illumination,sift,1_6,6,0.99,6649,106,2499
i_brooklyn,illumination,orb,1_2,2,0.5,75,73,1423
i_brooklyn,illumination,orb,1_2,2,0.55,125,121,1423
i_brooklyn,illumination,orb,1_2,2,0.6,171,162,1423
i_brooklyn,illumination,orb,1_2,2,0.65,241,221,1423
i_brooklyn,illumination,orb,1_2,2,0.7,312,277,1423
i_brooklyn,illumination,orb,1_2,2,0.75,398,335,1423
i_brooklyn,illumination,orb,1_2,2,0.8,500,385,1423
i_brooklyn,illumination,orb,1_2,2,0.85,646,444,1423
i_brooklyn,illumination,orb,1_2,2,0.9,863,502,1423
i_brooklyn,illumination,orb,1_2,2,0.95,1264,566,1423
i_brooklyn,illumination,orb,1_2,2,0.99,1870,642,1423
i_brooklyn,illumination,orb,1_3,3,0.5,335,115,1127
i_brooklyn,illumination,orb,1_3,3,0.55,442,149,1127
i_brooklyn,illumination,orb,1_3,3,0.6,525,176,1127
i_brooklyn,illumination,orb,1_3,3,0.65,611,197,1127
i_brooklyn,illumination,orb,1_3,3,0.7,712,234,1127
i_brooklyn,illumination,orb,1_3,3,0.75,809,254,1127
i_brooklyn,illumination,orb,1_3,3,0.8,967,300,1127
i_brooklyn,illumination,orb,1_3,3,0.85,1092,329,1127
i_brooklyn,illumination,orb,1_3,3,0.9,1274,354,1127
i_brooklyn,illumination,orb,1_3,3,0.95,1541,379,1127
i_brooklyn,illumination,orb,1_3,3,0.99,1922,398,1127
i_brooklyn,illumination,orb,1_4,4,0.5,2,1,385
i_brooklyn,illumination,orb,1_4,4,0.55,4,3,385
i_brooklyn,illumination,orb,1_4,4,0.6,9,6,385
i_brooklyn,illumination,orb,1_4,4,0.65,13,6,385
i_brooklyn,illumination,orb,1_4,4,0.7,26,12,385
i_brooklyn,illumination,orb,1_4,4,0.75,47,17,385
i_brooklyn,illumination,orb,1_4,4,0.8,83,25,385
i_brooklyn,illumination,orb,1_4,4,0.85,158,40,385
i_brooklyn,illumination,orb,1_4,4,0.9,341,50,385
i_brooklyn,illumination,orb,1_4,4,0.95,818,62,385
i_brooklyn,illumination,orb,1_4,4,0.99,1776,74,385
i_brooklyn,illumination,orb,1_5,5,0.5,290,23,884
i_brooklyn,illumination,orb,1_5,5,0.55,392,35,884
i_brooklyn,illumination,orb,1_5,5,0.6,469,45,884
i_brooklyn,illumination,orb,1_5,5,0.65,557,59,884
i_brooklyn,illumination,orb,1_5,5,0.7,657,73,884
i_brooklyn,illumination,orb,1_5,5,0.75,744,84,884
i_brooklyn,illumination,orb,1_5,5,0.8,854,96,884
i_brooklyn,illumination,orb,1_5,5,0.85,994,107,884
i_brooklyn,illumination,orb,1_5,5,0.9,1191,123,884
i_brooklyn,illumination,orb,1_5,5,0.95,1495,138,884
i_brooklyn,illumination,orb,1_5,5,0.99,1890,153,884
i_brooklyn,illumination,orb,1_6,6,0.5,93,17,872
i_brooklyn,illumination,orb,1_6,6,0.55,138,21,872
i_brooklyn,illumination,orb,1_6,6,0.6,171,29,872
i_brooklyn,illumination,orb,1_6,6,0.65,237,41,872
i_brooklyn,illumination,orb,1_6,6,0.7,301,54,872
i_brooklyn,illumination,orb,1_6,6,0.75,362,60,872
i_brooklyn,illumination,orb,1_6,6,0.8,456,72,872
i_brooklyn,illumination,orb,1_6,6,0.85,582,89,872
i_brooklyn,illumination,orb,1_6,6,0.9,809,106,872
i_brooklyn,illumination,orb,1_6,6,0.95,1210,117,872
i_brooklyn,illumination,orb,1_6,6,0.99,1855,139,872
i_castle,illumination,sift,1_2,2,0.5,7,5,496
i_castle,illumination,sift,1_2,2,0.55,13,10,496
i_castle,illumination,sift,1_2,2,0.6,18,14,496
i_castle,illumination,sift,1_2,2,0.65,27,22,496
i_castle,illumination,sift,1_2,2,0.7,39,32,496
i_castle,illumination,sift,1_2,2,0.75,56,41,496
i_castle,illumination,sift,1_2,2,0.8,88,50,496
i_castle,illumination,sift,1_2,2,0.85,172,63,496
i_castle,illumination,sift,1_2,2,0.9,328,74,496
i_castle,illumination,sift,1_2,2,0.95,708,84,496
i_castle,illumination,sift,1_2,2,0.99,1367,98,496
i_castle,illumination,sift,1_3,3,0.5,45,42,573
i_castle,illumination,sift,1_3,3,0.55,57,52,573
i_castle,illumination,sift,1_3,3,0.6,79,71,573
i_castle,illumination,sift,1_3,3,0.65,105,91,573
i_castle,illumination,sift,1_3,3,0.7,134,112,573
i_castle,illumination,sift,1_3,3,0.75,180,143,573
i_castle,illumination,sift,1_3,3,0.8,218,163,573
i_castle,illumination,sift,1_3,3,0.85,305,195,573
i_castle,illumination,sift,1_3,3,0.9,445,209,573
i_castle,illumination,sift,1_3,3,0.95,786,231,573
i_castle,illumination,sift,1_3,3,0.99,1392,244,573
i_castle,illumination,sift,1_4,4,0.5,32,30,368
i_castle,illumination,sift,1_4,4,0.55,47,44,368
i_castle,illumination,sift,1_4,4,0.6,70,64,368
i_castle,illumination,sift,1_4,4,0.65,85,75,368
i_castle,illumination,sift,1_4,4,0.7,103,88,368
i_castle,illumination,sift,1_4,4,0.75,136,106,368
i_castle,illumination,sift,1_4,4,0.8,172,120,368
i_castle,illumination,sift,1_4,4,0.85,248,142,368
i_castle,illumination,sift,1_4,4,0.9,378,151,368
i_castle,illumination,sift,1_4,4,0.95,719,160,368
i_castle,illumination,sift,1_4,4,0.99,1373,172,368
i_castle,illumination,sift,1_5,5,0.5,8,7,277
i_castle,illumination,sift,1_5,5,0.55,12,11,277
i_castle,illumination,sift,1_5,5,0.6,18,15,277
i_castle,illumination,sift,1_5,5,0.65,29,24,277
i_castle,illumination,sift,1_5,5,0.7,40,31,277
i_castle,illumination,sift,1_5,5,0.75,64,41,277
i_castle,illumination,sift,1_5,5,0.8,90,47,277
i_castle,illumination,sift,1_5,5,0.85,153,58,277
i_castle,illumination,sift,1_5,5,0.9,316,66,277
i_castle,illumination,sift,1_5,5,0.95,692,76,277
i_castle,illumination,sift,1_5,5,0.99,1374,84,277
i_castle,illumination,sift,1_6,6,0.5,4,4,406
i_castle,illumination,sift,1_6,6,0.55,10,9,406
i_castle,illumination,sift,1_6,6,0.6,15,13,406
i_castle,illumination,sift,1_6,6,0.65,23,20,406
i_castle,illumination,sift,1_6,6,0.7,38,31,406
i_castle,illumination,sift,1_6,6,0.75,57,39,406
i_castle,illumination,sift,1_6,6,0.8,93,50,406
i_castle,illumination,sift,1_6,6,0.85,147,56,406
i_castle,illumination,sift,1_6,6,0.9,316,66,406
i_castle,illumination,sift,1_6,6,0.95,695,79,406
i_castle,illumination,sift,1_6,6,0.99,1372,96,406
i_castle,illumination,orb,1_2,2,0.5,1,1,865
i_castle,illumination,orb,1_2,2,0.55,3,3,865
i_castle,illumination,orb,1_2,2,0.6,9,8,865
i_castle,illumination,orb,1_2,2,0.65,14,13,865
i_castle,illumination,orb,1_2,2,0.7,21,17,865
i_castle,illumination,orb,1_2,2,0.75,33,23,865
i_castle,illumination,orb,1_2,2,0.8,64,33,865
i_castle,illumination,orb,1_2,2,0.85,153,49,865
i_castle,illumination,orb,1_2,2,0.9,330,70,865
i_castle,illumination,orb,1_2,2,0.95,851,96,865
i_castle,illumination,orb,1_2,2,0.99,1770,120,865
i_castle,illumination,orb,1_3,3,0.5,7,7,1059
i_castle,illumination,orb,1_3,3,0.55,8,8,1059
i_castle,illumination,orb,1_3,3,0.6,12,12,1059
i_castle,illumination,orb,1_3,3,0.65,23,23,1059
i_castle,illumination,orb,1_3,3,0.7,29,28,1059
i_castle,illumination,orb,1_3,3,0.75,49,43,1059
i_castle,illumination,orb,1_3,3,0.8,90,67,1059
i_castle,illumination,orb,1_3,3,0.85,174,96,1059
i_castle,illumination,orb,1_3,3,0.9,383,124,1059
i_castle,illumination,orb,1_3,3,0.95,864,173,1059
i_castle,illumination,orb,1_3,3,0.99,1768,216,1059
i_castle,illumination,orb,1_4,4,0.5,9,9,1094
i_castle,illumination,orb,1_4,4,0.55,12,12,1094
i_castle,illumination,orb,1_4,4,0.6,20,19,1094
i_castle,illumination,orb,1_4,4,0.65,29,26,1094
i_castle,illumination,orb,1_4,4,0.7,43,36,1094
i_castle,illumination,orb,1_4,4,0.75,69,53,1094
i_castle,illumination,orb,1_4,4,0.8,116,75,1094
i_castle,illumination,orb,1_4,4,0.85,204,108,1094
i_castle,illumination,orb,1_4,4,0.9,403,152,1094
i_castle,illumination,orb,1_4,4,0.95,846,195,1094
i_castle,illumination,orb,1_4,4,0.99,1816,245,1094
i_castle,illumination,orb,1_5,5,0.5,0,0,700
i_castle,illumination,orb,1_5,5,0.55,0,0,700
i_castle,illumination,orb,1_5,5,0.6,0,0,700
i_castle,illumination,orb,1_5,5,0.65,2,0,700
i_castle,illumination,orb,1_5,5,0.7,6,2,700
i_castle,illumination,orb,1_5,5,0.75,7,3,700
i_castle,illumination,orb,1_5,5,0.8,31,4,700
i_castle,illumination,orb,1_5,5,0.85,111,10,700
i_castle,illumination,orb,1_5,5,0.9,295,19,700
i_castle,illumination,orb,1_5,5,0.95,785,38,700
i_castle,illumination,orb,1_5,5,0.99,1781,56,700
i_castle,illumination,orb,1_6,6,0.5,0,0,805
i_castle,illumination,orb,1_6,6,0.55,0,0,805
i_castle,illumination,orb,1_6,6,0.6,1,0,805
i_castle,illumination,orb,1_6,6,0.65,3,1,805
i_castle,illumination,orb,1_6,6,0.7,8,4,805
i_castle,illumination,orb,1_6,6,0.75,18,7,805
i_castle,illumination,orb,1_6,6,0.8,44,15,805
i_castle,illumination,orb,1_6,6,0.85,104,21,805
i_castle,illumination,orb,1_6,6,0.9,290,32,805
i_castle,illumination,orb,1_6,6,0.95,824,43,805
i_castle,illumination,orb,1_6,6,0.99,1778,59,805
i_chestnuts,illumination,sift,1_2,2,0.5,639,635,1380
i_chestnuts,illumination,sift,1_2,2,0.55,690,684,1380
i_chestnuts,illumination,sift,1_2,2,0.6,734,724,1380
i_chestnuts,illumination,sift,1_2,2,0.65,778,762,1380
i_chestnuts,illumination,sift,1_2,2,0.7,810,787,1380
i_chestnuts,illumination,sift,1_2,2,0.75,864,824,1380
i_chestnuts,illumination,sift,1_2,2,0.8,921,860,1380
i_chestnuts,illumination,sift,1_2,2,0.85,1003,888,1380
i_chestnuts,illumination,sift,1_2,2,0.9,1148,913,1380
i_chestnuts,illumination,sift,1_2,2,0.95,1444,933,1380
i_chestnuts,illumination,sift,1_2,2,0.99,1886,954,1380
i_chestnuts,illumination,sift,1_3,3,0.5,645,643,1366
i_chestnuts,illumination,sift,1_3,3,0.55,684,679,1366
i_chestnuts,illumination,sift,1_3,3,0.6,725,715,1366
i_chestnuts,illumination,sift,1_3,3,0.65,764,752,1366
i_chestnuts,illumination,sift,1_3,3,0.7,806,788,1366
i_chestnuts,illumination,sift,1_3,3,0.75,839,812,1366
i_chestnuts,illumination,sift,1_3,3,0.8,906,842,1366
i_chestnuts,illumination,sift,1_3,3,0.85,992,875,1366
i_chestnuts,illumination,sift,1_3,3,0.9,1142,911,1366
i_chestnuts,illumination,sift,1_3,3,0.95,1409,928,1366
i_chestnuts,illumination,sift,1_3,3,0.99,1855,946,1366
i_chestnuts,illumination,sift,1_4,4,0.5,650,644,1359
i_chestnuts,illumination,sift,1_4,4,0.55,695,687,1359
i_chestnuts,illumination,sift,1_4,4,0.6,733,724,1359
i_chestnuts,illumination,sift,1_4,4,0.65,769,760,1359
i_chestnuts,illumination,sift,1_4,4,0.7,809,793,1359
i_chestnuts,illumination,sift,1_4,4,0.75,853,823,1359
i_chestnuts,illumination,sift,1_4,4,0.8,897,840,1359
i_chestnuts,illumination,sift,1_4,4,0.85,982,870,1359
i_chestnuts,illumination,sift,1_4,4,0.9,1096,889,1359
i_chestnuts,illumination,sift,1_4,4,0.95,1403,914,1359
i_chestnuts,illumination,sift,1_4,4,0.99,1857,933,1359
i_chestnuts,illumination,sift,1_5,5,0.5,529,528,1234
i_chestnuts,illumination,sift,1_5,5,0.55,565,564,1234
i_chestnuts,illumination,sift,1_5,5,0.6,593,589,1234
i_chestnuts,illumination,sift,1_5,5,0.65,620,614,1234
i_chestnuts,illumination,sift,1_5,5,0.7,669,649,1234
i_chestnuts,illumination,sift,1_5,5,0.75,705,674,1234
i_chestnuts,illumination,sift,1_5,5,0.8,753,696,1234
i_chestnuts,illumination,sift,1_5,5,0.85,831,718,1234
i_chestnuts,illumination,sift,1_5,5,0.9,981,738,1234
i_chestnuts,illumination,sift,1_5,5,0.95,1305,757,1234
i_chestnuts,illumination,sift,1_5,5,0.99,1831,772,1234
i_chestnuts,illumination,sift,1_6,6,0.5,288,286,934
i_chestnuts,illumination,sift,1_6,6,0.55,304,302,934
i_chestnuts,illumination,sift,1_6,6,0.6,325,321,934
i_chestnuts,illumination,sift,1_6,6,0.65,358,348,934
i_chestnuts,illumination,sift,1_6,6,0.7,397,378,934
i_chestnuts,illumination,sift,1_6,6,0.75,440,405,934
i_chestnuts,illumination,sift,1_6,6,0.8,488,422,934
i_chestnuts,illumination,sift,1_6,6,0.85,573,439,934
i_chestnuts,illumination,sift,1_6,6,0.9,760,460,934
i_chestnuts,illumination,sift,1_6,6,0.95,1144,479,934
i_chestnuts,illumination,sift,1_6,6,0.99,1782,491,934
i_chestnuts,illumination,orb,1_2,2,0.5,19,18,1311
i_chestnuts,illumination,orb,1_2,2,0.55,31,29,1311
i_chestnuts,illumination,orb,1_2,2,0.6,42,40,1311
i_chestnuts,illumination,orb,1_2,2,0.65,60,58,1311
i_chestnuts,illumination,orb,1_2,2,0.7,86,82,1311
i_chestnuts,illumination,orb,1_2,2,0.75,119,110,1311
i_chestnuts,illumination,orb,1_2,2,0.8,170,138,1311
i_chestnuts,illumination,orb,1_2,2,0.85,249,173,1311
i_chestnuts,illumination,orb,1_2,2,0.9,432,212,1311
i_chestnuts,illumination,orb,1_2,2,0.95,916,270,1311
i_chestnuts,illumination,orb,1_2,2,0.99,1779,320,1311
i_chestnuts,illumination,orb,1_3,3,0.5,20,19,1341
i_chestnuts,illumination,orb,1_3,3,0.55,29,27,1341
i_chestnuts,illumination,orb,1_3,3,0.6,46,44,1341
i_chestnuts,illumination,orb,1_3,3,0.65,62,59,1341
i_chestnuts,illumination,orb,1_3,3,0.7,80,76,1341
i_chestnuts,illumination,orb,1_3,3,0.75,119,103,1341
i_chestnuts,illumination,orb,1_3,3,0.8,172,136,1341
i_chestnuts,illumination,orb,1_3,3,0.85,267,171,1341
i_chestnuts,illumination,orb,1_3,3,0.9,451,218,1341
i_chestnuts,illumination,orb,1_3,3,0.95,907,280,1341
i_chestnuts,illumination,orb,1_3,3,0.99,1773,332,1341
i_chestnuts,illumination,orb,1_4,4,0.5,34,34,1344
i_chestnuts,illumination,orb,1_4,4,0.55,54,54,1344
i_chestnuts,illumination,orb,1_4,4,0.6,65,65,1344
i_chestnuts,illumination,orb,1_4,4,0.65,89,87,1344
i_chestnuts,illumination,orb,1_4,4,0.7,122,115,1344
i_chestnuts,illumination,orb,1_4,4,0.75,163,143,1344
i_chestnuts,illumination,orb,1_4,4,0.8,212,181,1344
i_chestnuts,illumination,orb,1_4,4,0.85,294,208,1344
i_chestnuts,illumination,orb,1_4,4,0.9,490,259,1344
i_chestnuts,illumination,orb,1_4,4,0.95,906,304,1344
i_chestnuts,illumination,orb,1_4,4,0.99,1794,342,1344
i_chestnuts,illumination,orb,1_5,5,0.5,25,25,1363
i_chestnuts,illumination,orb,1_5,5,0.55,31,30,1363
i_chestnuts,illumination,orb,1_5,5,0.6,43,42,1363
i_chestnuts,illumination,orb,1_5,5,0.65,57,54,1363
i_chestnuts,illumination,orb,1_5,5,0.7,84,77,1363
i_chestnuts,illumination,orb,1_5,5,0.75,113,102,1363
i_chestnuts,illumination,orb,1_5,5,0.8,159,131,1363
i_chestnuts,illumination,orb,1_5,5,0.85,242,169,1363
i_chestnuts,illumination,orb,1_5,5,0.9,404,206,1363
i_chestnuts,illumination,orb,1_5,5,0.95,856,261,1363
i_chestnuts,illumination,orb,1_5,5,0.99,1759,310,1363
i_chestnuts,illumination,orb,1_6,6,0.5,5,5,1178
i_chestnuts,illumination,orb,1_6,6,0.55,10,10,1178
i_chestnuts,illumination,orb,1_6,6,0.6,20,20,1178
i_chestnuts,illumination,orb,1_6,6,0.65,22,22,1178
i_chestnuts,illumination,orb,1_6,6,0.7,31,30,1178
i_chestnuts,illumination,orb,1_6,6,0.75,47,38,1178
i_chestnuts,illumination,orb,1_6,6,0.8,78,51,1178
i_chestnuts,illumination,orb,1_6,6,0.85,157,71,1178
i_chestnuts,illumination,orb,1_6,6,0.9,349,99,1178
i_chestnuts,illumination,orb,1_6,6,0.95,829,143,1178
i_chestnuts,illumination,orb,1_6,6,0.99,1755,186,1178
i_contruction,illumination,sift,1_2,2,0.5,3753,3741,4364
i_contruction,illumination,sift,1_2,2,0.55,3832,3817,4364
i_contruction,illumination,sift,1_2,2,0.6,3900,3879,4364
i_contruction,illumination,sift,1_2,2,0.65,3950,3922,4364
i_contruction,illumination,sift,1_2,2,0.7,3987,3949,4364
i_contruction,illumination,sift,1_2,2,0.75,4034,3982,4364
i_contruction,illumination,sift,1_2,2,0.8,4096,4015,4364
i_contruction,illumination,sift,1_2,2,0.85,4185,4038,4364
i_contruction,illumination,sift,1_2,2,0.9,4317,4062,4364
i_contruction,illumination,sift,1_2,2,0.95,4645,4079,4364
i_contruction,illumination,sift,1_2,2,0.99,5190,4092,4364
i_contruction,illumination,sift,1_3,3,0.5,3671,3662,4319
i_contruction,illumination,sift,1_3,3,0.55,3766,3752,4319
i_contruction,illumination,sift,1_3,3,0.6,3840,3824,4319
i_contruction,illumination,sift,1_3,3,0.65,3894,3875,4319
i_contruction,illumination,sift,1_3,3,0.7,3949,3922,4319
i_contruction,illumination,sift,1_3,3,0.75,3995,3946,4319
i_contruction,illumination,sift,1_3,3,0.8,4044,3970,4319
i_contruction,illumination,sift,1_3,3,0.85,4129,3994,4319
i_contruction,illumination,sift,1_3,3,0.9,4310,4023,4319
i_contruction,illumination,sift,1_3,3,0.95,4651,4034,4319
i_contruction,illumination,sift,1_3,3,0.99,5180,4045,4319
i_contruction,illumination,sift,1_4,4,0.5,2299,2283,3662
i_contruction,illumination,sift,1_4,4,0.55,2474,2453,3662
i_contruction,illumination,sift,1_4,4,0.6,2600,2575,3662
i_contruction,illumination,sift,1_4,4,0.65,2737,2702,3662
i_contruction,illumination,sift,1_4,4,0.7,2838,2797,3662
i_contruction,illumination,sift,1_4,4,0.75,2936,2870,3662
i_contruction,illumination,sift,1_4,4,0.8,3062,2930,3662
i_contruction,illumination,sift,1_4,4,0.85,3219,2989,3662
i_contruction,illumination,sift,1_4,4,0.9,3487,3039,3662
i_contruction,illumination,sift,1_4,4,0.95,4040,3073,3662
i_contruction,illumination,sift,1_4,4,0.99,5014,3105,3662
i_contruction,illumination,sift,1_5,5,0.5,116,114,2627
i_contruction,illumination,sift,1_5,5,0.55,179,173,2627
i_contruction,illumination,sift,1_5,5,0.6,252,244,2627
i_contruction,illumination,sift,1_5,5,0.65,341,327,2627
i_contruction,illumination,sift,1_5,5,0.7,436,407,2627
i_contruction,illumination,sift,1_5,5,0.75,555,506,2627
i_contruction,illumination,sift,1_5,5,0.8,700,600,2627
i_contruction,illumination,sift,1_5,5,0.85,932,706,2627
i_contruction,illumination,sift,1_5,5,0.9,1409,806,2627
i_contruction,illumination,sift,1_5,5,0.95,2479,893,2627
i_contruction,illumination,sift,1_5,5,0.99,4577,966,2627
i_contruction,illumination,sift,1_6,6,0.5,21,21,2030
i_contruction,illumination,sift,1_6,6,0.55,36,36,2030
i_contruction,illumination,sift,1_6,6,0.6,73,71,2030
i_contruction,illumination,sift,1_6,6,0.65,107,102,2030
i_contruction,illumination,sift,1_6,6,0.7,145,131,2030
i_contruction,illumination,sift,1_6,6,0.75,219,184,2030
i_contruction,illumination,sift,1_6,6,0.8,324,242,2030
i_contruction,illumination,sift,1_6,6,0.85,540,309,2030
i_contruction,illumination,sift,1_6,6,0.9,1024,378,2030
i_contruction,illumination,sift,1_6,6,0.95,2220,449,2030
i_contruction,illumination,sift,1_6,6,0.99,4481,507,2030
i_contruction,illumination,orb,1_2,2,0.5,1231,1230,1921
i_contruction,illumination,orb,1_2,2,0.55,1287,1286,1921
i_contruction,illumination,orb,1_2,2,0.6,1330,1329,1921
i_contruction,illumination,orb,1_2,2,0.65,1372,1369,1921
i_contruction,illumination,orb,1_2,2,0.7,1416,1408,1921
i_contruction,illumination,orb,1_2,2,0.75,1466,1454,1921
i_contruction,illumination,orb,1_2,2,0.8,1520,1495,1921
i_contruction,illumination,orb,1_2,2,0.85,1587,1540,1921
i_contruction,illumination,orb,1_2,2,0.9,1677,1584,1921
i_contruction,illumination,orb,1_2,2,0.95,1809,1632,1921
i_contruction,illumination,orb,1_2,2,0.99,1954,1662,1921
i_contruction,illumination,orb,1_3,3,0.5,1098,1096,1904
i_contruction,illumination,orb,1_3,3,0.55,1170,1165,1904
i_contruction,illumination,orb,1_3,3,0.6,1237,1230,1904
i_contruction,illumination,orb,1_3,3,0.65,1298,1289,1904
i_contruction,illumination,orb,1_3,3,0.7,1348,1338,1904
i_contruction,illumination,orb,1_3,3,0.75,1403,1388,1904
i_contruction,illumination,orb,1_3,3,0.8,1462,1436,1904
i_contruction,illumination,orb,1_3,3,0.85,1530,1483,1904
i_contruction,illumination,orb,1_3,3,0.9,1635,1540,1904
i_contruction,illumination,orb,1_3,3,0.95,1772,1582,1904
i_contruction,illumination,orb,1_3,3,0.99,1935,1623,1904
i_contruction,illumination,orb,1_4,4,0.5,398,395,1702
i_contruction,illumination,orb,1_4,4,0.55,446,443,1702
i_contruction,illumination,orb,1_4,4,0.6,500,493,1702
i_contruction,illumination,orb,1_4,4,0.65,554,545,1702
i_contruction,illumination,orb,1_4,4,0.7,622,609,1702
i_contruction,illumination,orb,1_4,4,0.75,684,664,1702
i_contruction,illumination,orb,1_4,4,0.8,782,739,1702
i_contruction,illumination,orb,1_4,4,0.85,921,808,1702
i_contruction,illumination,orb,1_4,4,0.9,1114,885,1702
i_contruction,illumination,orb,1_4,4,0.95,1432,971,1702
i_contruction,illumination,orb,1_4,4,0.99,1874,1032,1702
i_contruction,illumination,orb,1_5,5,0.5,25,22,949
i_contruction,illumination,orb,1_5,5,0.55,36,33,949
i_contruction,illumination,orb,1_5,5,0.6,46,42,949
i_contruction,illumination,orb,1_5,5,0.65,59,54,949
i_contruction,illumination,orb,1_5,5,0.7,81,70,949
i_contruction,illumination,orb,1_5,5,0.75,119,92,949
i_contruction,illumination,orb,1_5,5,0.8,167,114,949
i_contruction,illumination,orb,1_5,5,0.85,263,130,949
i_contruction,illumination,orb,1_5,5,0.9,502,154,949
i_contruction,illumination,orb,1_5,5,0.95,1018,181,949
i_contruction,illumination,orb,1_5,5,0.99,1802,209,949
i_contruction,illumination,orb,1_6,6,0.5,2,1,631
i_contruction,illumination,orb,1_6,6,0.55,7,4,631
i_contruction,illumination,orb,1_6,6,0.6,12,9,631
i_contruction,illumination,orb,1_6,6,0.65,20,15,631
i_contruction,illumination,orb,1_6,6,0.7,37,21,631
i_contruction,illumination,orb,1_6,6,0.75,57,26,631
i_contruction,illumination,orb,1_6,6,0.8,109,38,631
i_contruction,illumination,orb,1_6,6,0.85,229,57,631
i_contruction,illumination,orb,1_6,6,0.9,464,69,631
i_contruction,illumination,orb,1_6,6,0.95,973,78,631
i_contruction,illumination,orb,1_6,6,0.99,1787,96,631
i_crownday,illumination,sift,1_2,2,0.5,28,27,721
i_crownday,illumination,sift,1_2,2,0.55,36,35,721
i_crownday,illumination,sift,1_2,2,0.6,46,44,721
i_crownday,illumination,sift,1_2,2,0.65,61,59,721
i_crownday,illumination,sift,1_2,2,0.7,82,76,721
i_crownday,illumination,sift,1_2,2,0.75,114,93,721
i_crownday,illumination,sift,1_2,2,0.8,164,102,721
i_crownday,illumination,sift,1_2,2,0.85,299,125,721
i_crownday,illumination,sift,1_2,2,0.9,552,148,721
i_crownday,illumination,sift,1_2,2,0.95,1113,166,721
i_crownday,illumination,sift,1_2,2,0.99,2084,185,721
i_crownday,illumination,sift,1_3,3,0.5,49,49,884
i_crownday,illumination,sift,1_3,3,0.55,70,67,884
i_crownday,illumination,sift,1_3,3,0.6,88,81,884
i_crownday,illumination,sift,1_3,3,0.65,115,102,884
i_crownday,illumination,sift,1_3,3,0.7,158,134,884
i_crownday,illumination,sift,1_3,3,0.75,217,166,884
i_crownday,illumination,sift,1_3,3,0.8,298,192,884
i_crownday,illumination,sift,1_3,3,0.85,415,214,884
i_crownday,illumination,sift,1_3,3,0.9,651,249,884
i_crownday,illumination,sift,1_3,3,0.95,1224,284,884
i_crownday,illumination,sift,1_3,3,0.99,2119,306,884
i_crownday,illumination,sift,1_4,4,0.5,124,121,1043
i_crownday,illumination,sift,1_4,4,0.55,169,164,1043
i_crownday,illumination,sift,1_4,4,0.6,205,199,1043
i_crownday,illumination,sift,1_4,4,0.65,245,234,1043
i_crownday,illumination,sift,1_4,4,0.7,294,269,1043
i_crownday,illumination,sift,1_4,4,0.75,369,321,1043
i_crownday,illumination,sift,1_4,4,0.8,469,370,1043
i_crownday,illumination,sift,1_4,4,0.85,597,410,1043
i_crownday,illumination,sift,1_4,4,0.9,850,442,1043
i_crownday,illumination,sift,1_4,4,0.95,1369,481,1043
i_crownday,illumination,sift,1_4,4,0.99,2127,513,1043
i_crownday,illumination,sift,1_5,5,0.5,327,312,1246
i_crownday,illumination,sift,1_5,5,0.55,384,365,1246
i_crownday,illumination,sift,1_5,5,0.6,443,420,1246
i_crownday,illumination,sift,1_5,5,0.65,503,475,1246
i_crownday,illumination,sift,1_5,5,0.7,578,539,1246
i_crownday,illumination,sift,1_5,5,0.75,655,590,1246
i_crownday,illumination,sift,1_5,5,0.8,759,641,1246
i_crownday,illumination,sift,1_5,5,0.85,905,697,1246
i_crownday,illumination,sift,1_5,5,0.9,1133,739,1246
i_crownday,illumination,sift,1_5,5,0.95,1563,770,1246
i_crownday,illumination,sift,1_5,5,0.99,2181,792,1246
i_crownday,illumination,sift,1_6,6,0.5,27,27,707
i_crownday,illumination,sift,1_6,6,0.55,32,31,707
i_crownday,illumination,sift,1_6,6,0.6,44,40,707
i_crownday,illumination,sift,1_6,6,0.65,68,57,707
i_crownday,illumination,sift,1_6,6,0.7,91,73,707
i_crownday,illumination,sift,1_6,6,0.75,128,91,707
i_crownday,illumination,sift,1_6,6,0.8,192,113,707
i_crownday,illumination,sift,1_6,6,0.85,302,129,707
i_crownday,illumination,sift,1_6,6,0.9,553,146,707
i_crownday,illumination,sift,1_6,6,0.95,1176,177,707
i_crownday,illumination,sift,1_6,6,0.99,2102,200,707
i_crownday,illumination,orb,1_2,2,0.5,6,5,839
i_crownday,illumination,orb,1_2,2,0.55,8,7,839
i_crownday,illumination,orb,1_2,2,0.6,13,11,839
i_crownday,illumination,orb,1_2,2,0.65,21,16,839
i_crownday,illumination,orb,1_2,2,0.7,28,22,839
i_crownday,illumination,orb,1_2,2,0.75,43,30,839
i_crownday,illumination,orb,1_2,2,0.8,92,51,839
i_crownday,illumination,orb,1_2,2,0.85,189,83,839
i_crownday,illumination,orb,1_2,2,0.9,404,113,839
i_crownday,illumination,orb,1_2,2,0.95,901,149,839
i_crownday,illumination,orb,1_2,2,0.99,1791,201,839
i_crownday,illumination,orb,1_3,3,0.5,9,9,1105
i_crownday,illumination,orb,1_3,3,0.55,23,22,1105
i_crownday,illumination,orb,1_3,3,0.6,33,32,1105
i_crownday,illumination,orb,1_3,3,0.65,49,47,1105
i_crownday,illumination,orb,1_3,3,0.7,74,70,1105
i_crownday,illumination,orb,1_3,3,0.75,108,88,1105
i_crownday,illumination,orb,1_3,3,0.8,171,121,1105
i_crownday,illumination,orb,1_3,3,0.85,303,173,1105
i_crownday,illumination,orb,1_3,3,0.9,527,221,1105
i_crownday,illumination,orb,1_3,3,0.95,1015,293,1105
i_crownday,illumination,orb,1_3,3,0.99,1806,357,1105
i_crownday,illumination,orb,1_4,4,0.5,59,59,1313
i_crownday,illumination,orb,1_4,4,0.55,90,88,1313
i_crownday,illumination,orb,1_4,4,0.6,120,114,1313
i_crownday,illumination,orb,1_4,4,0.65,171,162,1313
i_crownday,illumination,orb,1_4,4,0.7,220,201,1313
i_crownday,illumination,orb,1_4,4,0.75,280,248,1313
i_crownday,illumination,orb,1_4,4,0.8,383,317,1313
i_crownday,illumination,orb,1_4,4,0.85,509,379,1313
i_crownday,illumination,orb,1_4,4,0.9,706,441,1313
i_crownday,illumination,orb,1_4,4,0.95,1129,529,1313
i_crownday,illumination,orb,1_4,4,0.99,1843,620,1313
i_crownday,illumination,orb,1_5,5,0.5,171,168,1591
i_crownday,illumination,orb,1_5,5,0.55,230,226,1591
i_crownday,illumination,orb,1_5,5,0.6,303,295,1591
i_crownday,illumination,orb,1_5,5,0.65,372,360,1591
i_crownday,illumination,orb,1_5,5,0.7,454,435,1591
i_crownday,illumination,orb,1_5,5,0.75,548,517,1591
i_crownday,illumination,orb,1_5,5,0.8,669,610,1591
i_crownday,illumination,orb,1_5,5,0.85,831,716,1591
i_crownday,illumination,orb,1_5,5,0.9,1034,812,1591
i_crownday,illumination,orb,1_5,5,0.95,1372,903,1591
i_crownday,illumination,orb,1_5,5,0.99,1855,976,1591
i_crownday,illumination,orb,1_6,6,0.5,0,0,803
i_crownday,illumination,orb,1_6,6,0.55,5,5,803
i_crownday,illumination,orb,1_6,6,0.6,11,11,803
i_crownday,illumination,orb,1_6,6,0.65,21,19,803
i_crownday,illumination,orb,1_6,6,0.7,33,27,803
i_crownday,illumination,orb,1_6,6,0.75,48,35,803
i_crownday,illumination,orb,1_6,6,0.8,99,53,803
i_crownday,illumination,orb,1_6,6,0.85,191,76,803
i_crownday,illumination,orb,1_6,6,0.9,408,112,803
i_crownday,illumination,orb,1_6,6,0.95,928,162,803
i_crownday,illumination,orb,1_6,6,0.99,1773,204,803
i_crownnight,illumination,sift,1_2,2,0.5,319,311,2713
i_crownnight,illumination,sift,1_2,2,0.55,415,404,2713
i_crownnight,illumination,sift,1_2,2,0.6,505,490,2713
i_crownnight,illumination,sift,1_2,2,0.65,599,572,2713
i_crownnight,illumination,sift,1_2,2,0.7,686,640,2713
i_crownnight,illumination,sift,1_2,2,0.75,811,726,2713
i_crownnight,illumination,sift,1_2,2,0.8,993,808,2713
i_crownnight,illumination,sift,1_2,2,0.85,1334,904,2713
i_crownnight,illumination,sift,1_2,2,0.9,2083,1007,2713
i_crownnight,illumination,sift,1_2,2,0.95,3677,1097,2713
i_crownnight,illumination,sift,1_2,2,0.99,6605,1176,2713
i_crownnight,illumination,sift,1_3,3,0.5,265,261,2640
i_crownnight,illumination,sift,1_3,3,0.55,363,354,2640
i_crownnight,illumination,sift,1_3,3,0.6,441,426,2640
i_crownnight,illumination,sift,1_3,3,0.65,515,492,2640
i_crownnight,illumination,sift,1_3,3,0.7,634,595,2640
i_crownnight,illumination,sift,1_3,3,0.75,758,680,2640
i_crownnight,illumination,sift,1_3,3,0.8,942,771,2640
i_crownnight,illumination,sift,1_3,3,0.85,1261,854,2640
i_crownnight,illumination,sift,1_3,3,0.9,1923,950,2640
i_crownnight,illumination,sift,1_3,3,0.95,3603,1035,2640
i_crownnight,illumination,sift,1_3,3,0.99,6598,1103,2640
i_crownnight,illumination,sift,1_4,4,0.5,266,263,2571
i_crownnight,illumination,sift,1_4,4,0.55,328,322,2571
i_crownnight,illumination,sift,1_4,4,0.6,413,399,2571
i_crownnight,illumination,sift,1_4,4,0.65,508,484,2571
i_crownnight,illumination,sift,1_4,4,0.7,595,552,2571
i_crownnight,illumination,sift,1_4,4,0.75,718,628,2571
i_crownnight,illumination,sift,1_4,4,0.8,892,710,2571
i_crownnight,illumination,sift,1_4,4,0.85,1161,773,2571
i_crownnight,illumination,sift,1_4,4,0.9,1865,840,2571
i_crownnight,illumination,sift,1_4,4,0.95,3560,932,2571
i_crownnight,illumination,sift,1_4,4,0.99,6503,1001,2571
i_crownnight,illumination,sift,1_5,5,0.5,177,174,2003
i_crownnight,illumination,sift,1_5,5,0.55,234,230,2003
i_crownnight,illumination,sift,1_5,5,0.6,295,287,2003
i_crownnight,illumination,sift,1_5,5,0.65,355,341,2003
i_crownnight,illumination,sift,1_5,5,0.7,430,402,2003
i_crownnight,illumination,sift,1_5,5,0.75,537,466,2003
i_crownnight,illumination,sift,1_5,5,0.8,704,525,2003
i_crownnight,illumination,sift,1_5,5,0.85,1017,586,2003
i_crownnight,illumination,sift,1_5,5,0.9,1689,648,2003
i_crownnight,illumination,sift,1_5,5,0.95,3407,713,2003
i_crownnight,illumination,sift,1_5,5,0.99,6501,763,2003
i_crownnight,illumination,sift,1_6,6,0.5,1,0,99
i_crownnight,illumination,sift,1_6,6,0.55,5,0,99
i_crownnight,illumination,sift,1_6,6,0.6,6,0,99
i_crownnight,illumination,sift,1_6,6,0.65,11,0,99
i_crownnight,illumination,sift,1_6,6,0.7,35,0,99
i_crownnight,illumination,sift,1_6,6,0.75,91,1,99
i_crownnight,illumination,sift,1_6,6,0.8,217,2,99
i_crownnight,illumination,sift,1_6,6,0.85,494,3,99
i_crownnight,illumination,sift,1_6,6,0.9,1231,6,99
i_crownnight,illumination,sift,1_6,6,0.95,3060,10,99
i_crownnight,illumination,sift,1_6,6,0.99,6419,11,99
i_crownnight,illumination,orb,1_2,2,0.5,50,49,1042
i_crownnight,illumination,orb,1_2,2,0.55,64,63,1042
i_crownnight,illumination,orb,1_2,2,0.6,80,78,1042
i_crownnight,illumination,orb,1_2,2,0.65,112,106,1042
i_crownnight,illumination,orb,1_2,2,0.7,143,133,1042
i_crownnight,illumination,orb,1_2,2,0.75,182,164,1042
i_crownnight,illumination,orb,1_2,2,0.8,259,215,1042
i_crownnight,illumination,orb,1_2,2,0.85,354,266,1042
i_crownnight,illumination,orb,1_2,2,0.9,546,312,1042
i_crownnight,illumination,orb,1_2,2,0.95,996,350,1042
i_crownnight,illumination,orb,1_2,2,0.99,1788,402,1042
i_crownnight,illumination,orb,1_3,3,0.5,31,31,982
i_crownnight,illumination,orb,1_3,3,0.55,46,45,982
i_crownnight,illumination,orb,1_3,3,0.6,66,62,982
i_crownnight,illumination,orb,1_3,3,0.65,88,81,982
i_crownnight,illumination,orb,1_3,3,0.7,112,102,982
i_crownnight,illumination,orb,1_3,3,0.75,157,132,982
i_crownnight,illumination,orb,1_3,3,0.8,211,161,982
i_crownnight,illumination,orb,1_3,3,0.85,329,219,982
i_crownnight,illumination,orb,1_3,3,0.9,513,248,982
i_crownnight,illumination,orb,1_3,3,0.95,1007,301,982
i_crownnight,illumination,orb,1_3,3,0.99,1793,354,982
i_crownnight,illumination,orb,1_4,4,0.5,23,22,910
i_crownnight,illumination,orb,1_4,4,0.55,37,36,910
i_crownnight,illumination,orb,1_4,4,0.6,50,49,910
i_crownnight,illumination,orb,1_4,4,0.65,65,62,910
i_crownnight,illumination,orb,1_4,4,0.7,93,87,910
i_crownnight,illumination,orb,1_4,4,0.75,126,109,910
i_crownnight,illumination,orb,1_4,4,0.8,173,135,910
i_crownnight,illumination,orb,1_4,4,0.85,269,173,910
i_crownnight,illumination,orb,1_4,4,0.9,467,220,910
i_crownnight,illumination,orb,1_4,4,0.95,944,263,910
i_crownnight,illumination,orb,1_4,4,0.99,1793,295,910
i_crownnight,illumination,orb,1_5,5,0.5,17,16,730
i_crownnight,illumination,orb,1_5,5,0.55,23,22,730
i_crownnight,illumination,orb,1_5,5,0.6,27,26,730
i_crownnight,illumination,orb,1_5,5,0.65,39,37,730
i_crownnight,illumination,orb,1_5,5,0.7,49,44,730
i_crownnight,illumination,orb,1_5,5,0.75,71,59,730
i_crownnight,illumination,orb,1_5,5,0.8,110,76,730
i_crownnight,illumination,orb,1_5,5,0.85,194,97,730
i_crownnight,illumination,orb,1_5,5,0.9,398,122,730
i_crownnight,illumination,orb,1_5,5,0.95,897,161,730
i_crownnight,illumination,orb,1_5,5,0.99,1777,199,730
i_crownnight,illumination,orb,1_6,6,0.5,0,0,55
i_crownnight,illumination,orb,1_6,6,0.55,0,0,55
i_crownnight,illumination,orb,1_6,6,0.6,0,0,55
i_crownnight,illumination,orb,1_6,6,0.65,1,0,55
i_crownnight,illumination,orb,1_6,6,0.7,4,0,55
i_crownnight,illumination,orb,1_6,6,0.75,7,0,55
i_crownnight,illumination,orb,1_6,6,0.8,30,0,55
i_crownnight,illumination,orb,1_6,6,0.85,107,0,55
i_crownnight,illumination,orb,1_6,6,0.9,281,1,55
i_crownnight,illumination,orb,1_6,6,0.95,801,2,55
i_crownnight,illumination,orb,1_6,6,0.99,1754,2,55
i_dc,illumination,sift,1_2,2,0.5,148,143,6433
i_dc,illumination,sift,1_2,2,0.55,214,203,6433
i_dc,illumination,sift,1_2,2,0.6,315,292,6433
i_dc,illumination,sift,1_2,2,0.65,455,391,6433
i_dc,illumination,sift,1_2,2,0.7,647,520,6433
i_dc,illumination,sift,1_2,2,0.75,943,672,6433
i_dc,illumination,sift,1_2,2,0.8,1378,845,6433
i_dc,illumination,sift,1_2,2,0.85,2221,1016,6433
i_dc,illumination,sift,1_2,2,0.9,4029,1226,6433
i_dc,illumination,sift,1_2,2,0.95,8229,1462,6433
i_dc,illumination,sift,1_2,2,0.99,15582,1631,6433
i_dc,illumination,sift,1_3,3,0.5,183,172,8595
i_dc,illumination,sift,1_3,3,0.55,266,242,8595
i_dc,illumination,sift,1_3,3,0.6,379,342,8595
i_dc,illumination,sift,1_3,3,0.65,518,440,8595
i_dc,illumination,sift,1_3,3,0.7,738,594,8595
i_dc,illumination,sift,1_3,3,0.75,1028,757,8595
i_dc,illumination,sift,1_3,3,0.8,1491,938,8595
i_dc,illumination,sift,1_3,3,0.85,2355,1156,8595
i_dc,illumination,sift,1_3,3,0.9,4154,1385,8595
i_dc,illumination,sift,1_3,3,0.95,8257,1636,8595
i_dc,illumination,sift,1_3,3,0.99,15598,1855,8595
i_dc,illumination,sift,1_4,4,0.5,172,157,10390
i_dc,illumination,sift,1_4,4,0.55,258,230,10390
i_dc,illumination,sift,1_4,4,0.6,382,339,10390
i_dc,illumination,sift,1_4,4,0.65,536,453,10390
i_dc,illumination,sift,1_4,4,0.7,768,619,10390
i_dc,illumination,sift,1_4,4,0.75,1076,795,10390
i_dc,illumination,sift,1_4,4,0.8,1562,1000,10390
i_dc,illumination,sift,1_4,4,0.85,2433,1244,10390
i_dc,illumination,sift,1_4,4,0.9,4272,1537,10390
i_dc,illumination,sift,1_4,4,0.95,8399,1821,10390
i_dc,illumination,sift,1_4,4,0.99,15699,2052,10390
i_dc,illumination,sift,1_5,5,0.5,170,156,10538
i_dc,illumination,sift,1_5,5,0.55,240,221,10538
i_dc,illumination,sift,1_5,5,0.6,373,330,10538
i_dc,illumination,sift,1_5,5,0.65,550,470,10538
i_dc,illumination,sift,1_5,5,0.7,765,611,10538
i_dc,illumination,sift,1_5,5,0.75,1090,794,10538
i_dc,illumination,sift,1_5,5,0.8,1583,994,10538
i_dc,illumination,sift,1_5,5,0.85,2434,1225,10538
i_dc,illumination,sift,1_5,5,0.9,4212,1474,10538
i_dc,illumination,sift,1_5,5,0.95,8247,1718,10538
i_dc,illumination,sift,1_5,5,0.99,15619,1948,10538
i_dc,illumination,sift,1_6,6,0.5,248,218,10870
i_dc,illumination,sift,1_6,6,0.55,371,313,10870
i_dc,illumination,sift,1_6,6,0.6,539,444,10870
i_dc,illumination,sift,1_6,6,0.65,764,609,10870
i_dc,illumination,sift,1_6,6,0.7,1009,773,10870
i_dc,illumination,sift,1_6,6,0.75,1353,983,10870
i_dc,illumination,sift,1_6,6,0.8,1852,1186,10870
i_dc,illumination,sift,1_6,6,0.85,2780,1448,10870
i_dc,illumination,sift,1_6,6,0.9,4539,1690,10870
i_dc,illumination,sift,1_6,6,0.95,8561,1955,10870
i_dc,illumination,sift,1_6,6,0.99,15682,2173,10870
i_dc,illumination,orb,1_2,2,0.5,18,17,554
i_dc,illumination,orb,1_2,2,0.55,27,26,554
i_dc,illumination,orb,1_2,2,0.6,39,37,554
i_dc,illumination,orb,1_2,2,0.65,60,55,554
i_dc,illumination,orb,1_2,2,0.7,72,64,554
i_dc,illumination,orb,1_2,2,0.75,98,80,554
i_dc,illumination,orb,1_2,2,0.8,147,105,554
i_dc,illumination,orb,1_2,2,0.85,244,124,554
i_dc,illumination,orb,1_2,2,0.9,444,140,554
i_dc,illumination,orb,1_2,2,0.95,934,166,554
i_dc,illumination,orb,1_2,2,0.99,1795,189,554
i_dc,illumination,orb,1_3,3,0.5,5,4,334
i_dc,illumination,orb,1_3,3,0.55,11,9,334
i_dc,illumination,orb,1_3,3,0.6,13,10,334
i_dc,illumination,orb,1_3,3,0.65,17,12,334
i_dc,illumination,orb,1_3,3,0.7,28,16,334
i_dc,illumination,orb,1_3,3,0.75,41,21,334
i_dc,illumination,orb,1_3,3,0.8,79,31,334
i_dc,illumination,orb,1_3,3,0.85,161,38,334
i_dc,illumination,orb,1_3,3,0.9,369,50,334
i_dc,illumination,orb,1_3,3,0.95,860,62,334
i_dc,illumination,orb,1_3,3,0.99,1763,75,334
i_dc,illumination,orb,1_4,4,0.5,11,10,501
i_dc,illumination,orb,1_4,4,0.55,19,17,501
i_dc,illumination,orb,1_4,4,0.6,25,21,501
i_dc,illumination,orb,1_4,4,0.65,39,32,501
i_dc,illumination,orb,1_4,4,0.7,49,38,501
i_dc,illumination,orb,1_4,4,0.75,66,46,501
i_dc,illumination,orb,1_4,4,0.8,113,57,501
i_dc,illumination,orb,1_4,4,0.85,209,69,501
i_dc,illumination,orb,1_4,4,0.9,410,81,501
i_dc,illumination,orb,1_4,4,0.95,882,100,501
i_dc,illumination,orb,1_4,4,0.99,1778,113,501
i_dc,illumination,orb,1_5,5,0.5,12,10,484
i_dc,illumination,orb,1_5,5,0.55,19,16,484
i_dc,illumination,orb,1_5,5,0.6,24,20,484
i_dc,illumination,orb,1_5,5,0.65,31,22,484
i_dc,illumination,orb,1_5,5,0.7,44,28,484
i_dc,illumination,orb,1_5,5,0.75,76,35,484
i_dc,illumination,orb,1_5,5,0.8,109,40,484
i_dc,illumination,orb,1_5,5,0.85,189,43,484
i_dc,illumination,orb,1_5,5,0.9,397,59,484
i_dc,illumination,orb,1_5,5,0.95,887,74,484
i_dc,illumination,orb,1_5,5,0.99,1805,85,484
i_dc,illumination,orb,1_6,6,0.5,16,10,476
i_dc,illumination,orb,1_6,6,0.55,22,15,476
i_dc,illumination,orb,1_6,6,0.6,29,19,476
i_dc,illumination,orb,1_6,6,0.65,39,24,476
i_dc,illumination,orb,1_6,6,0.7,55,34,476
i_dc,illumination,orb,1_6,6,0.75,81,45,476
i_dc,illumination,orb,1_6,6,0.8,116,55,476
i_dc,illumination,orb,1_6,6,0.85,219,69,476
i_dc,illumination,orb,1_6,6,0.9,419,84,476
i_dc,illumination,orb,1_6,6,0.95,883,101,476
i_dc,illumination,orb,1_6,6,0.99,1777,125,476
i_dome,illumination,sift,1_2,2,0.5,914,898,3676
i_dome,illumination,sift,1_2,2,0.55,1096,1072,3676
i_dome,illumination,sift,1_2,2,0.6,1271,1233,3676
i_dome,illumination,sift,1_2,2,0.65,1456,1388,3676
i_dome,illumination,sift,1_2,2,0.7,1650,1533,3676
i_dome,illumination,sift,1_2,2,0.75,1854,1650,3676
i_dome,illumination,sift,1_2,2,0.8,2095,1761,3676
i_dome,illumination,sift,1_2,2,0.85,2455,1890,3676
i_dome,illumination,sift,1_2,2,0.9,3058,2001,3676
i_dome,illumination,sift,1_2,2,0.95,4176,2107,3676
i_dome,illumination,sift,1_2,2,0.99,5935,2170,3676
i_dome,illumination,sift,1_3,3,0.5,4,4,2390
i_dome,illumination,sift,1_3,3,0.55,6,6,2390
i_dome,illumination,sift,1_3,3,0.6,14,8,2390
i_dome,illumination,sift,1_3,3,0.65,29,13,2390
i_dome,illumination,sift,1_3,3,0.7,52,19,2390
i_dome,illumination,sift,1_3,3,0.75,114,30,2390
i_dome,illumination,sift,1_3,3,0.8,253,50,2390
i_dome,illumination,sift,1_3,3,0.85,572,71,2390
i_dome,illumination,sift,1_3,3,0.9,1223,96,2390
i_dome,illumination,sift,1_3,3,0.95,2870,139,2390
i_dome,illumination,sift,1_3,3,0.99,5543,178,2390
i_dome,illumination,sift,1_4,4,0.5,4,2,2473
i_dome,illumination,sift,1_4,4,0.55,10,5,2473
i_dome,illumination,sift,1_4,4,0.6,17,8,2473
i_dome,illumination,sift,1_4,4,0.65,36,21,2473
i_dome,illumination,sift,1_4,4,0.7,73,32,2473
i_dome,illumination,sift,1_4,4,0.75,153,43,2473
i_dome,illumination,sift,1_4,4,0.8,293,62,2473
i_dome,illumination,sift,1_4,4,0.85,616,84,2473
i_dome,illumination,sift,1_4,4,0.9,1289,110,2473
i_dome,illumination,sift,1_4,4,0.95,2888,150,2473
i_dome,illumination,sift,1_4,4,0.99,5503,189,2473
i_dome,illumination,sift,1_5,5,0.5,5,4,2495
i_dome,illumination,sift,1_5,5,0.55,10,7,2495
i_dome,illumination,sift,1_5,5,0.6,22,12,2495
i_dome,illumination,sift,1_5,5,0.65,36,19,2495
i_dome,illumination,sift,1_5,5,0.7,75,33,2495
i_dome,illumination,sift,1_5,5,0.75,142,44,2495
i_dome,illumination,sift,1_5,5,0.8,307,66,2495
i_dome,illumination,sift,1_5,5,0.85,612,81,2495
i_dome,illumination,sift,1_5,5,0.9,1282,110,2495
i_dome,illumination,sift,1_5,5,0.95,2941,163,2495
i_dome,illumination,sift,1_5,5,0.99,5573,205,2495
i_dome,illumination,sift,1_6,6,0.5,103,100,3133
i_dome,illumination,sift,1_6,6,0.55,140,136,3133
i_dome,illumination,sift,1_6,6,0.6,191,182,3133
i_dome,illumination,sift,1_6,6,0.65,246,220,3133
i_dome,illumination,sift,1_6,6,0.7,339,284,3133
i_dome,illumination,sift,1_6,6,0.75,459,353,3133
i_dome,illumination,sift,1_6,6,0.8,665,432,3133
i_dome,illumination,sift,1_6,6,0.85,1032,496,3133
i_dome,illumination,sift,1_6,6,0.9,1731,605,3133
i_dome,illumination,sift,1_6,6,0.95,3237,715,3133
i_dome,illumination,sift,1_6,6,0.99,5685,798,3133
i_dome,illumination,orb,1_2,2,0.5,169,169,1333
i_dome,illumination,orb,1_2,2,0.55,210,209,1333
i_dome,illumination,orb,1_2,2,0.6,248,245,1333
i_dome,illumination,orb,1_2,2,0.65,289,278,1333
i_dome,illumination,orb,1_2,2,0.7,334,318,1333
i_dome,illumination,orb,1_2,2,0.75,384,357,1333
i_dome,illumination,orb,1_2,2,0.8,458,405,1333
i_dome,illumination,orb,1_2,2,0.85,580,469,1333
i_dome,illumination,orb,1_2,2,0.9,787,524,1333
i_dome,illumination,orb,1_2,2,0.95,1224,600,1333
i_dome,illumination,orb,1_2,2,0.99,1854,652,1333
i_dome,illumination,orb,1_3,3,0.5,0,0,977
i_dome,illumination,orb,1_3,3,0.55,0,0,977
i_dome,illumination,orb,1_3,3,0.6,2,1,977
i_dome,illumination,orb,1_3,3,0.65,3,1,977
i_dome,illumination,orb,1_3,3,0.7,13,4,977
i_dome,illumination,orb,1_3,3,0.75,27,9,977
i_dome,illumination,orb,1_3,3,0.8,64,20,977
i_dome,illumination,orb,1_3,3,0.85,157,34,977
i_dome,illumination,orb,1_3,3,0.9,341,46,977
i_dome,illumination,orb,1_3,3,0.95,852,69,977
i_dome,illumination,orb,1_3,3,0.99,1772,103,977
i_dome,illumination,orb,1_4,4,0.5,0,0,985
i_dome,illumination,orb,1_4,4,0.55,1,1,985
i_dome,illumination,orb,1_4,4,0.6,2,2,985
i_dome,illumination,orb,1_4,4,0.65,7,5,985
i_dome,illumination,orb,1_4,4,0.7,18,8,985
i_dome,illumination,orb,1_4,4,0.75,32,16,985
i_dome,illumination,orb,1_4,4,0.8,60,22,985
i_dome,illumination,orb,1_4,4,0.85,136,33,985
i_dome,illumination,orb,1_4,4,0.9,327,56,985
i_dome,illumination,orb,1_4,4,0.95,837,79,985
i_dome,illumination,orb,1_4,4,0.99,1764,110,985
i_dome,illumination,orb,1_5,5,0.5,0,0,979
i_dome,illumination,orb,1_5,5,0.55,1,1,979
i_dome,illumination,orb,1_5,5,0.6,4,3,979
i_dome,illumination,orb,1_5,5,0.65,10,7,979
i_dome,illumination,orb,1_5,5,0.7,18,11,979
i_dome,illumination,orb,1_5,5,0.75,36,19,979
i_dome,illumination,orb,1_5,5,0.8,71,26,979
i_dome,illumination,orb,1_5,5,0.85,153,44,979
i_dome,illumination,orb,1_5,5,0.9,371,67,979
i_dome,illumination,orb,1_5,5,0.95,837,86,979
i_dome,illumination,orb,1_5,5,0.99,1770,117,979
i_dome,illumination,orb,1_6,6,0.5,4,4,1183
i_dome,illumination,orb,1_6,6,0.55,15,15,1183
i_dome,illumination,orb,1_6,6,0.6,27,24,1183
i_dome,illumination,orb,1_6,6,0.65,43,34,1183
i_dome,illumination,orb,1_6,6,0.7,58,43,1183
i_dome,illumination,orb,1_6,6,0.75,77,56,1183
i_dome,illumination,orb,1_6,6,0.8,117,73,1183
i_dome,illumination,orb,1_6,6,0.85,216,102,1183
i_dome,illumination,orb,1_6,6,0.9,452,130,1183
i_dome,illumination,orb,1_6,6,0.95,926,176,1183
i_dome,illumination,orb,1_6,6,0.99,1790,214,1183
i_duda,illumination,sift,1_2,2,0.5,1225,1210,1611
i_duda,illumination,sift,1_2,2,0.55,1276,1260,1611
i_duda,illumination,sift,1_2,2,0.6,1320,1302,1611
i_duda,illumination,sift,1_2,2,0.65,1347,1323,1611
i_duda,illumination,sift,1_2,2,0.7,1384,1346,1611
i_duda,illumination,sift,1_2,2,0.75,1425,1367,1611
i_duda,illumination,sift,1_2,2,0.8,1459,1380,1611
i_duda,illumination,sift,1_2,2,0.85,1508,1391,1611
i_duda,illumination,sift,1_2,2,0.9,1588,1404,1611
i_duda,illumination,sift,1_2,2,0.95,1771,1417,1611
i_duda,illumination,sift,1_2,2,0.99,2016,1426,1611
i_duda,illumination,sift,1_3,3,0.5,795,785,1334
i_duda,illumination,sift,1_3,3,0.55,845,832,1334
i_duda,illumination,sift,1_3,3,0.6,900,882,1334
i_duda,illumination,sift,1_3,3,0.65,943,920,1334
i_duda,illumination,sift,1_3,3,0.7,998,961,1334
i_duda,illumination,sift,1_3,3,0.75,1052,998,1334
i_duda,illumination,sift,1_3,3,0.8,1106,1023,1334
i_duda,illumination,sift,1_3,3,0.85,1183,1046,1334
i_duda,illumination,sift,1_3,3,0.9,1318,1064,1334
i_duda,illumination,sift,1_3,3,0.95,1572,1082,1334
i_duda,illumination,sift,1_3,3,0.99,1953,1094,1334
i_duda,illumination,sift,1_4,4,0.5,406,394,977
i_duda,illumination,sift,1_4,4,0.55,465,448,977
i_duda,illumination,sift,1_4,4,0.6,516,490,977
i_duda,illumination,sift,1_4,4,0.65,566,527,977
i_duda,illumination,sift,1_4,4,0.7,613,563,977
i_duda,illumination,sift,1_4,4,0.75,664,583,977
i_duda,illumination,sift,1_4,4,0.8,745,608,977
i_duda,illumination,sift,1_4,4,0.85,829,624,977
i_duda,illumination,sift,1_4,4,0.9,1016,643,977
i_duda,illumination,sift,1_4,4,0.95,1339,666,977
i_duda,illumination,sift,1_4,4,0.99,1907,680,977
i_duda,illumination,sift,1_5,5,0.5,240,229,737
i_duda,illumination,sift,1_5,5,0.55,283,266,737
i_duda,illumination,sift,1_5,5,0.6,317,294,737
i_duda,illumination,sift,1_5,5,0.65,360,325,737
i_duda,illumination,sift,1_5,5,0.7,401,352,737
i_duda,illumination,sift,1_5,5,0.75,450,378,737
i_duda,illumination,sift,1_5,5,0.8,510,398,737
i_duda,illumination,sift,1_5,5,0.85,642,422,737
i_duda,illumination,sift,1_5,5,0.9,812,437,737
i_duda,illumination,sift,1_5,5,0.95,1216,450,737
i_duda,illumination,sift,1_5,5,0.99,1860,460,737
i_duda,illumination,sift,1_6,6,0.5,95,88,417
i_duda,illumination,sift,1_6,6,0.55,121,112,417
i_duda,illumination,sift,1_6,6,0.6,138,127,417
i_duda,illumination,sift,1_6,6,0.65,163,143,417
i_duda,illumination,sift,1_6,6,0.7,174,150,417
i_duda,illumination,sift,1_6,6,0.75,197,164,417
i_duda,illumination,sift,1_6,6,0.8,249,173,417
i_duda,illumination,sift,1_6,6,0.85,330,175,417
i_duda,illumination,sift,1_6,6,0.9,498,183,417
i_duda,illumination,sift,1_6,6,0.95,1002,194,417
i_duda,illumination,sift,1_6,6,0.99,1784,207,417
i_duda,illumination,orb,1_2,2,0.5,620,615,1880
i_duda,illumination,orb,1_2,2,0.55,716,706,1880
i_duda,illumination,orb,1_2,2,0.6,812,799,1880
i_duda,illumination,orb,1_2,2,0.65,922,900,1880
i_duda,illumination,orb,1_2,2,0.7,1036,1003,1880
i_duda,illumination,orb,1_2,2,0.75,1132,1086,1880
i_duda,illumination,orb,1_2,2,0.8,1243,1179,1880
i_duda,illumination,orb,1_2,2,0.85,1369,1263,1880
i_duda,illumination,orb,1_2,2,0.9,1511,1346,1880
i_duda,illumination,orb,1_2,2,0.95,1716,1436,1880
i_duda,illumination,orb,1_2,2,0.99,1932,1492,1880
i_duda,illumination,orb,1_3,3,0.5,267,262,1713
i_duda,illumination,orb,1_3,3,0.55,348,342,1713
i_duda,illumination,orb,1_3,3,0.6,425,413,1713
i_duda,illumination,orb,1_3,3,0.65,524,502,1713
i_duda,illumination,orb,1_3,3,0.7,618,585,1713
i_duda,illumination,orb,1_3,3,0.75,719,671,1713
i_duda,illumination,orb,1_3,3,0.8,838,757,1713
i_duda,illumination,orb,1_3,3,0.85,993,850,1713
i_duda,illumination,orb,1_3,3,0.9,1202,947,1713
i_duda,illumination,orb,1_3,3,0.95,1507,1049,1713
i_duda,illumination,orb,1_3,3,0.99,1902,1132,1713
i_duda,illumination,orb,1_4,4,0.5,171,170,1556
i_duda,illumination,orb,1_4,4,0.55,223,218,1556
i_duda,illumination,orb,1_4,4,0.6,267,255,1556
i_duda,illumination,orb,1_4,4,0.65,331,311,1556
i_duda,illumination,orb,1_4,4,0.7,406,370,1556
i_duda,illumination,orb,1_4,4,0.75,487,438,1556
i_duda,illumination,orb,1_4,4,0.8,594,516,1556
i_duda,illumination,orb,1_4,4,0.85,764,608,1556
i_duda,illumination,orb,1_4,4,0.9,967,681,1556
i_duda,illumination,orb,1_4,4,0.95,1336,765,1556
i_duda,illumination,orb,1_4,4,0.99,1858,838,1556
i_duda,illumination,orb,1_5,5,0.5,89,87,1389
i_duda,illumination,orb,1_5,5,0.55,114,112,1389
i_duda,illumination,orb,1_5,5,0.6,153,147,1389
i_duda,illumination,orb,1_5,5,0.65,189,179,1389
i_duda,illumination,orb,1_5,5,0.7,234,216,1389
i_duda,illumination,orb,1_5,5,0.75,291,253,1389
i_duda,illumination,orb,1_5,5,0.8,393,315,1389
i_duda,illumination,orb,1_5,5,0.85,532,378,1389
i_duda,illumination,orb,1_5,5,0.9,789,463,1389
i_duda,illumination,orb,1_5,5,0.95,1243,557,1389
i_duda,illumination,orb,1_5,5,0.99,1842,622,1389
i_duda,illumination,orb,1_6,6,0.5,28,28,895
i_duda,illumination,orb,1_6,6,0.55,35,35,895
i_duda,illumination,orb,1_6,6,0.6,46,44,895
i_duda,illumination,orb,1_6,6,0.65,58,54,895
i_duda,illumination,orb,1_6,6,0.7,77,71,895
i_duda,illumination,orb,1_6,6,0.75,114,93,895
i_duda,illumination,orb,1_6,6,0.8,160,116,895
i_duda,illumination,orb,1_6,6,0.85,269,150,895
i_duda,illumination,orb,1_6,6,0.9,503,189,895
i_duda,illumination,orb,1_6,6,0.95,958,238,895
i_duda,illumination,orb,1_6,6,0.99,1795,285,895
i_fenis,illumination,sift,1_2,2,0.5,229,224,803
i_fenis,illumination,sift,1_2,2,0.55,268,261,803
i_fenis,illumination,sift,1_2,2,0.6,302,295,803
i_fenis,illumination,sift,1_2,2,0.65,336,327,803
i_fenis,illumination,sift,1_2,2,0.7,364,351,803
i_fenis,illumination,sift,1_2,2,0.75,406,386,803
i_fenis,illumination,sift,1_2,2,0.8,445,408,803
i_fenis,illumination,sift,1_2,2,0.85,500,438,803
i_fenis,illumination,sift,1_2,2,0.9,610,457,803
i_fenis,illumination,sift,1_2,2,0.95,856,479,803
i_fenis,illumination,sift,1_2,2,0.99,1214,491,803
i_fenis,illumination,sift,1_3,3,0.5,84,83,597
i_fenis,illumination,sift,1_3,3,0.55,95,94,597
i_fenis,illumination,sift,1_3,3,0.6,111,107,597
i_fenis,illumination,sift,1_3,3,0.65,127,119,597
i_fenis,illumination,sift,1_3,3,0.7,151,140,597
i_fenis,illumination,sift,1_3,3,0.75,177,152,597
i_fenis,illumination,sift,1_3,3,0.8,220,173,597
i_fenis,illumination,sift,1_3,3,0.85,279,185,597
i_fenis,illumination,sift,1_3,3,0.9,406,210,597
i_fenis,illumination,sift,1_3,3,0.95,681,228,597
i_fenis,illumination,sift,1_3,3,0.99,1157,238,597
i_fenis,illumination,sift,1_4,4,0.5,39,36,342
i_fenis,illumination,sift,1_4,4,0.55,43,38,342
i_fenis,illumination,sift,1_4,4,0.6,48,39,342
i_fenis,illumination,sift,1_4,4,0.65,58,47,342
i_fenis,illumination,sift,1_4,4,0.7,67,53,342
i_fenis,illumination,sift,1_4,4,0.75,86,58,342
i_fenis,illumination,sift,1_4,4,0.8,111,65,342
i_fenis,illumination,sift,1_4,4,0.85,167,68,342
i_fenis,illumination,sift,1_4,4,0.9,303,71,342
i_fenis,illumination,sift,1_4,4,0.95,581,76,342
i_fenis,illumination,sift,1_4,4,0.99,1125,78,342
i_fenis,illumination,sift,1_5,5,0.5,37,34,230
i_fenis,illumination,sift,1_5,5,0.55,40,37,230
i_fenis,illumination,sift,1_5,5,0.6,48,43,230
i_fenis,illumination,sift,1_5,5,0.65,59,50,230
i_fenis,illumination,sift,1_5,5,0.7,69,54,230
i_fenis,illumination,sift,1_5,5,0.75,82,57,230
i_fenis,illumination,sift,1_5,5,0.8,99,58,230
i_fenis,illumination,sift,1_5,5,0.85,157,66,230
i_fenis,illumination,sift,1_5,5,0.9,280,70,230
i_fenis,illumination,sift,1_5,5,0.95,575,76,230
i_fenis,illumination,sift,1_5,5,0.99,1128,84,230
i_fenis,illumination,sift,1_6,6,0.5,32,31,247
i_fenis,illumination,sift,1_6,6,0.55,37,35,247
i_fenis,illumination,sift,1_6,6,0.6,41,37,247
i_fenis,illumination,sift,1_6,6,0.65,48,41,247
i_fenis,illumination,sift,1_6,6,0.7,62,44,247
i_fenis,illumination,sift,1_6,6,0.75,72,47,247
i_fenis,illumination,sift,1_6,6,0.8,97,51,247
i_fenis,illumination,sift,1_6,6,0.85,135,53,247
i_fenis,illumination,sift,1_6,6,0.9,274,58,247
i_fenis,illumination,sift,1_6,6,0.95,602,64,247
i_fenis,illumination,sift,1_6,6,0.99,1126,69,247
i_fenis,illumination,orb,1_2,2,0.5,159,158,1685
i_fenis,illumination,orb,1_2,2,0.55,229,227,1685
i_fenis,illumination,orb,1_2,2,0.6,296,294,1685
i_fenis,illumination,orb,1_2,2,0.65,369,361,1685
i_fenis,illumination,orb,1_2,2,0.7,447,434,1685
i_fenis,illumination,orb,1_2,2,0.75,553,523,1685
i_fenis,illumination,orb,1_2,2,0.8,642,600,1685
i_fenis,illumination,orb,1_2,2,0.85,772,692,1685
i_fenis,illumination,orb,1_2,2,0.9,957,780,1685
i_fenis,illumination,orb,1_2,2,0.95,1303,887,1685
i_fenis,illumination,orb,1_2,2,0.99,1836,969,1685
i_fenis,illumination,orb,1_3,3,0.5,6,6,1445
i_fenis,illumination,orb,1_3,3,0.55,8,8,1445
i_fenis,illumination,orb,1_3,3,0.6,10,10,1445
i_fenis,illumination,orb,1_3,3,0.65,17,15,1445
i_fenis,illumination,orb,1_3,3,0.7,31,26,1445
i_fenis,illumination,orb,1_3,3,0.75,43,32,1445
i_fenis,illumination,orb,1_3,3,0.8,73,47,1445
i_fenis,illumination,orb,1_3,3,0.85,147,62,1445
i_fenis,illumination,orb,1_3,3,0.9,329,84,1445
i_fenis,illumination,orb,1_3,3,0.95,823,126,1445
i_fenis,illumination,orb,1_3,3,0.99,1774,167,1445
i_fenis,illumination,orb,1_4,4,0.5,0,0,935
i_fenis,illumination,orb,1_4,4,0.55,0,0,935
i_fenis,illumination,orb,1_4,4,0.6,0,0,935
i_fenis,illumination,orb,1_4,4,0.65,0,0,935
i_fenis,illumination,orb,1_4,4,0.7,0,0,935
i_fenis,illumination,orb,1_4,4,0.75,3,0,935
i_fenis,illumination,orb,1_4,4,0.8,18,1,935
i_fenis,illumination,orb,1_4,4,0.85,70,3,935
i_fenis,illumination,orb,1_4,4,0.9,241,3,935
i_fenis,illumination,orb,1_4,4,0.95,737,8,935
i_fenis,illumination,orb,1_4,4,0.99,1708,13,935
i_fenis,illumination,orb,1_5,5,0.5,0,0,607
i_fenis,illumination,orb,1_5,5,0.55,0,0,607
i_fenis,illumination,orb,1_5,5,0.6,0,0,607
i_fenis,illumination,orb,1_5,5,0.65,0,0,607
i_fenis,illumination,orb,1_5,5,0.7,0,0,607
i_fenis,illumination,orb,1_5,5,0.75,4,1,607
i_fenis,illumination,orb,1_5,5,0.8,16,1,607
i_fenis,illumination,orb,1_5,5,0.85,62,1,607
i_fenis,illumination,orb,1_5,5,0.9,220,1,607
i_fenis,illumination,orb,1_5,5,0.95,694,1,607
i_fenis,illumination,orb,1_5,5,0.99,1723,5,607
i_fenis,illumination,orb,1_6,6,0.5,0,0,810
i_fenis,illumination,orb,1_6,6,0.55,0,0,810
i_fenis,illumination,orb,1_6,6,0.6,0,0,810
i_fenis,illumination,orb,1_6,6,0.65,0,0,810
i_fenis,illumination,orb,1_6,6,0.7,0,0,810
i_fenis,illumination,orb,1_6,6,0.75,7,0,810
i_fenis,illumination,orb,1_6,6,0.8,27,0,810
i_fenis,illumination,orb,1_6,6,0.85,62,0,810
i_fenis,illumination,orb,1_6,6,0.9,229,0,810
i_fenis,illumination,orb,1_6,6,0.95,726,1,810
i_fenis,illumination,orb,1_6,6,0.99,1713,5,810
i_fog,illumination,sift,1_2,2,0.5,225,225,503
i_fog,illumination,sift,1_2,2,0.55,254,254,503
i_fog,illumination,sift,1_2,2,0.6,272,272,503
i_fog,illumination,sift,1_2,2,0.65,290,289,503
i_fog,illumination,sift,1_2,2,0.7,302,301,503
i_fog,illumination,sift,1_2,2,0.75,318,315,503
i_fog,illumination,sift,1_2,2,0.8,343,329,503
i_fog,illumination,sift,1_2,2,0.85,380,343,503
i_fog,illumination,sift,1_2,2,0.9,456,351,503
i_fog,illumination,sift,1_2,2,0.95,695,359,503
i_fog,illumination,sift,1_2,2,0.99,1145,368,503
i_fog,illumination,sift,1_3,3,0.5,155,155,332
i_fog,illumination,sift,1_3,3,0.55,169,169,332
i_fog,illumination,sift,1_3,3,0.6,175,175,332
i_fog,illumination,sift,1_3,3,0.65,186,186,332
i_fog,illumination,sift,1_3,3,0.7,190,190,332
i_fog,illumination,sift,1_3,3,0.75,202,200,332
i_fog,illumination,sift,1_3,3,0.8,218,205,332
i_fog,illumination,sift,1_3,3,0.85,244,208,332
i_fog,illumination,sift,1_3,3,0.9,352,217,332
i_fog,illumination,sift,1_3,3,0.95,595,223,332
i_fog,illumination,sift,1_3,3,0.99,1152,228,332
i_fog,illumination,sift,1_4,4,0.5,123,123,240
i_fog,illumination,sift,1_4,4,0.55,129,129,240
i_fog,illumination,sift,1_4,4,0.6,137,137,240
i_fog,illumination,sift,1_4,4,0.65,142,141,240
i_fog,illumination,sift,1_4,4,0.7,148,145,240
i_fog,illumination,sift,1_4,4,0.75,153,149,240
i_fog,illumination,sift,1_4,4,0.8,170,155,240
i_fog,illumination,sift,1_4,4,0.85,200,158,240
i_fog,illumination,sift,1_4,4,0.9,287,162,240
i_fog,illumination,sift,1_4,4,0.95,557,166,240
i_fog,illumination,sift,1_4,4,0.99,1114,169,240
i_fog,illumination,sift,1_5,5,0.5,61,61,196
i_fog,illumination,sift,1_5,5,0.55,79,79,196
i_fog,illumination,sift,1_5,5,0.6,93,93,196
i_fog,illumination,sift,1_5,5,0.65,99,98,196
i_fog,illumination,sift,1_5,5,0.7,105,102,196
i_fog,illumination,sift,1_5,5,0.75,115,107,196
i_fog,illumination,sift,1_5,5,0.8,126,114,196
i_fog,illumination,sift,1_5,5,0.85,164,121,196
i_fog,illumination,sift,1_5,5,0.9,269,124,196
i_fog,illumination,sift,1_5,5,0.95,548,128,196
i_fog,illumination,sift,1_5,5,0.99,1098,131,196
i_fog,illumination,sift,1_6,6,0.5,62,62,177
i_fog,illumination,sift,1_6,6,0.55,77,77,177
i_fog,illumination,sift,1_6,6,0.6,86,86,177
i_fog,illumination,sift,1_6,6,0.65,96,96,177
i_fog,illumination,sift,1_6,6,0.7,105,102,177
i_fog,illumination,sift,1_6,6,0.75,112,108,177
i_fog,illumination,sift,1_6,6,0.8,124,108,177
i_fog,illumination,sift,1_6,6,0.85,158,110,177
i_fog,illumination,sift,1_6,6,0.9,265,113,177
i_fog,illumination,sift,1_6,6,0.95,569,116,177
i_fog,illumination,sift,1_6,6,0.99,1104,119,177
i_fog,illumination,orb,1_2,2,0.5,89,89,757
i_fog,illumination,orb,1_2,2,0.55,100,100,757
i_fog,illumination,orb,1_2,2,0.6,110,110,757
i_fog,illumination,orb,1_2,2,0.65,125,123,757
i_fog,illumination,orb,1_2,2,0.7,136,134,757
i_fog,illumination,orb,1_2,2,0.75,158,149,757
i_fog,illumination,orb,1_2,2,0.8,193,164,757
i_fog,illumination,orb,1_2,2,0.85,279,188,757
i_fog,illumination,orb,1_2,2,0.9,446,209,757
i_fog,illumination,orb,1_2,2,0.95,863,234,757
i_fog,illumination,orb,1_2,2,0.99,1623,255,757
i_fog,illumination,orb,1_3,3,0.5,73,73,270
i_fog,illumination,orb,1_3,3,0.55,81,81,270
i_fog,illumination,orb,1_3,3,0.6,84,84,270
i_fog,illumination,orb,1_3,3,0.65,90,90,270
i_fog,illumination,orb,1_3,3,0.7,97,96,270
i_fog,illumination,orb,1_3,3,0.75,101,99,270
i_fog,illumination,orb,1_3,3,0.8,119,104,270
i_fog,illumination,orb,1_3,3,0.85,178,111,270
i_fog,illumination,orb,1_3,3,0.9,338,120,270
i_fog,illumination,orb,1_3,3,0.95,785,135,270
i_fog,illumination,orb,1_3,3,0.99,1609,145,270
i_fog,illumination,orb,1_4,4,0.5,59,59,280
i_fog,illumination,orb,1_4,4,0.55,64,64,280
i_fog,illumination,orb,1_4,4,0.6,71,71,280
i_fog,illumination,orb,1_4,4,0.65,78,78,280
i_fog,illumination,orb,1_4,4,0.7,85,83,280
i_fog,illumination,orb,1_4,4,0.75,103,95,280
i_fog,illumination,orb,1_4,4,0.8,140,107,280
i_fog,illumination,orb,1_4,4,0.85,198,114,280
i_fog,illumination,orb,1_4,4,0.9,371,122,280
i_fog,illumination,orb,1_4,4,0.95,775,132,280
i_fog,illumination,orb,1_4,4,0.99,1620,141,280
i_fog,illumination,orb,1_5,5,0.5,46,46,208
i_fog,illumination,orb,1_5,5,0.55,55,55,208
i_fog,illumination,orb,1_5,5,0.6,63,63,208
i_fog,illumination,orb,1_5,5,0.65,72,71,208
i_fog,illumination,orb,1_5,5,0.7,78,76,208
i_fog,illumination,orb,1_5,5,0.75,93,87,208
i_fog,illumination,orb,1_5,5,0.8,114,93,208
i_fog,illumination,orb,1_5,5,0.85,177,100,208
i_fog,illumination,orb,1_5,5,0.9,348,103,208
i_fog,illumination,orb,1_5,5,0.95,787,111,208
i_fog,illumination,orb,1_5,5,0.99,1611,117,208
i_fog,illumination,orb,1_6,6,0.5,35,35,175
i_fog,illumination,orb,1_6,6,0.55,40,40,175
i_fog,illumination,orb,1_6,6,0.6,42,42,175
i_fog,illumination,orb,1_6,6,0.65,57,57,175
i_fog,illumination,orb,1_6,6,0.7,65,63,175
i_fog,illumination,orb,1_6,6,0.75,79,73,175
i_fog,illumination,orb,1_6,6,0.8,100,79,175
i_fog,illumination,orb,1_6,6,0.85,163,83,175
i_fog,illumination,orb,1_6,6,0.9,333,90,175
i_fog,illumination,orb,1_6,6,0.95,769,98,175
i_fog,illumination,orb,1_6,6,0.99,1647,105,175
i_fruits,illumination,sift,1_2,2,0.5,336,335,457
i_fruits,illumination,sift,1_2,2,0.55,352,350,457
i_fruits,illumination,sift,1_2,2,0.6,368,364,457
i_fruits,illumination,sift,1_2,2,0.65,383,377,457
i_fruits,illumination,sift,1_2,2,0.7,393,385,457
i_fruits,illumination,sift,1_2,2,0.75,408,394,457
i_fruits,illumination,sift,1_2,2,0.8,417,398,457
i_fruits,illumination,sift,1_2,2,0.85,432,403,457
i_fruits,illumination,sift,1_2,2,0.9,447,407,457
i_fruits,illumination,sift,1_2,2,0.95,478,411,457
i_fruits,illumination,sift,1_2,2,0.99,510,413,457
i_fruits,illumination,sift,1_3,3,0.5,259,255,421
i_fruits,illumination,sift,1_3,3,0.55,278,273,421
i_fruits,illumination,sift,1_3,3,0.6,296,290,421
i_fruits,illumination,sift,1_3,3,0.65,315,309,421
i_fruits,illumination,sift,1_3,3,0.7,326,319,421
i_fruits,illumination,sift,1_3,3,0.75,343,331,421
i_fruits,illumination,sift,1_3,3,0.8,361,341,421
i_fruits,illumination,sift,1_3,3,0.85,378,347,421
i_fruits,illumination,sift,1_3,3,0.9,405,360,421
i_fruits,illumination,sift,1_3,3,0.95,442,364,421
i_fruits,illumination,sift,1_3,3,0.99,487,368,421
i_fruits,illumination,sift,1_4,4,0.5,235,231,403
i_fruits,illumination,sift,1_4,4,0.55,252,247,403
i_fruits,illumination,sift,1_4,4,0.6,272,267,403
i_fruits,illumination,sift,1_4,4,0.65,301,293,403
i_fruits,illumination,sift,1_4,4,0.7,316,305,403
i_fruits,illumination,sift,1_4,4,0.75,330,316,403
i_fruits,illumination,sift,1_4,4,0.8,346,323,403
i_fruits,illumination,sift,1_4,4,0.85,375,330,403
i_fruits,illumination,sift,1_4,4,0.9,411,337,403
i_fruits,illumination,sift,1_4,4,0.95,457,347,403
i_fruits,illumination,sift,1_4,4,0.99,509,350,403
i_fruits,illumination,sift,1_5,5,0.5,200,195,410
i_fruits,illumination,sift,1_5,5,0.55,223,216,410
i_fruits,illumination,sift,1_5,5,0.6,247,238,410
i_fruits,illumination,sift,1_5,5,0.65,271,256,410
i_fruits,illumination,sift,1_5,5,0.7,295,273,410
i_fruits,illumination,sift,1_5,5,0.75,314,286,410
i_fruits,illumination,sift,1_5,5,0.8,339,305,410
i_fruits,illumination,sift,1_5,5,0.85,364,311,410
i_fruits,illumination,sift,1_5,5,0.9,388,317,410
i_fruits,illumination,sift,1_5,5,0.95,441,324,410
i_fruits,illumination,sift,1_5,5,0.99,506,332,410
i_fruits,illumination,sift,1_6,6,0.5,244,234,414
i_fruits,illumination,sift,1_6,6,0.55,272,260,414
i_fruits,illumination,sift,1_6,6,0.6,288,276,414
i_fruits,illumination,sift,1_6,6,0.65,303,288,414
i_fruits,illumination,sift,1_6,6,0.7,327,307,414
i_fruits,illumination,sift,1_6,6,0.75,347,319,414
i_fruits,illumination,sift,1_6,6,0.8,364,334,414
i_fruits,illumination,sift,1_6,6,0.85,391,345,414
i_fruits,illumination,sift,1_6,6,0.9,412,349,414
i_fruits,illumination,sift,1_6,6,0.95,447,354,414
i_fruits,illumination,sift,1_6,6,0.99,496,358,414
i_fruits,illumination,orb,1_2,2,0.5,475,475,1117
i_fruits,illumination,orb,1_2,2,0.55,540,540,1117
i_fruits,illumination,orb,1_2,2,0.6,585,584,1117
i_fruits,illumination,orb,1_2,2,0.65,642,637,1117
i_fruits,illumination,orb,1_2,2,0.7,712,705,1117
i_fruits,illumination,orb,1_2,2,0.75,779,758,1117
i_fruits,illumination,orb,1_2,2,0.8,842,807,1117
i_fruits,illumination,orb,1_2,2,0.85,911,857,1117
i_fruits,illumination,orb,1_2,2,0.9,970,890,1117
i_fruits,illumination,orb,1_2,2,0.95,1065,941,1117
i_fruits,illumination,orb,1_2,2,0.99,1138,966,1117
i_fruits,illumination,orb,1_3,3,0.5,230,229,1100
i_fruits,illumination,orb,1_3,3,0.55,280,275,1100
i_fruits,illumination,orb,1_3,3,0.6,329,321,1100
i_fruits,illumination,orb,1_3,3,0.65,413,400,1100
i_fruits,illumination,orb,1_3,3,0.7,476,458,1100
i_fruits,illumination,orb,1_3,3,0.75,543,514,1100
i_fruits,illumination,orb,1_3,3,0.8,622,578,1100
i_fruits,illumination,orb,1_3,3,0.85,726,655,1100
i_fruits,illumination,orb,1_3,3,0.9,835,714,1100
i_fruits,illumination,orb,1_3,3,0.95,980,776,1100
i_fruits,illumination,orb,1_3,3,0.99,1126,815,1100
i_fruits,illumination,orb,1_4,4,0.5,174,174,1113
i_fruits,illumination,orb,1_4,4,0.55,226,225,1113
i_fruits,illumination,orb,1_4,4,0.6,269,264,1113
i_fruits,illumination,orb,1_4,4,0.65,332,326,1113
i_fruits,illumination,orb,1_4,4,0.7,402,388,1113
i_fruits,illumination,orb,1_4,4,0.75,482,458,1113
i_fruits,illumination,orb,1_4,4,0.8,565,518,1113
i_fruits,illumination,orb,1_4,4,0.85,661,582,1113
i_fruits,illumination,orb,1_4,4,0.9,785,653,1113
i_fruits,illumination,orb,1_4,4,0.95,938,714,1113
i_fruits,illumination,orb,1_4,4,0.99,1111,759,1113
i_fruits,illumination,orb,1_5,5,0.5,118,117,1117
i_fruits,illumination,orb,1_5,5,0.55,141,140,1117
i_fruits,illumination,orb,1_5,5,0.6,192,190,1117
i_fruits,illumination,orb,1_5,5,0.65,251,247,1117
i_fruits,illumination,orb,1_5,5,0.7,322,311,1117
i_fruits,illumination,orb,1_5,5,0.75,392,366,1117
i_fruits,illumination,orb,1_5,5,0.8,466,423,1117
i_fruits,illumination,orb,1_5,5,0.85,563,482,1117
i_fruits,illumination,orb,1_5,5,0.9,694,559,1117
i_fruits,illumination,orb,1_5,5,0.95,886,642,1117
i_fruits,illumination,orb,1_5,5,0.99,1104,706,1117
i_fruits,illumination,orb,1_6,6,0.5,159,159,1130
i_fruits,illumination,orb,1_6,6,0.55,216,215,1130
i_fruits,illumination,orb,1_6,6,0.6,268,265,1130
i_fruits,illumination,orb,1_6,6,0.65,328,319,1130
i_fruits,illumination,orb,1_6,6,0.7,403,386,1130
i_fruits,illumination,orb,1_6,6,0.75,486,456,1130
i_fruits,illumination,orb,1_6,6,0.8,581,530,1130
i_fruits,illumination,orb,1_6,6,0.85,666,583,1130
i_fruits,illumination,orb,1_6,6,0.9,773,639,1130
i_fruits,illumination,orb,1_6,6,0.95,930,708,1130
i_fruits,illumination,orb,1_6,6,0.99,1115,769,1130
i_gonnenberg,illumination,sift,1_2,2,0.5,478,475,780
i_gonnenberg,illumination,sift,1_2,2,0.55,505,500,780
i_gonnenberg,illumination,sift,1_2,2,0.6,536,530,780
i_gonnenberg,illumination,sift,1_2,2,0.65,564,554,780
i_gonnenberg,illumination,sift,1_2,2,0.7,586,571,780
i_gonnenberg,illumination,sift,1_2,2,0.75,603,579,780
i_gonnenberg,illumination,sift,1_2,2,0.8,627,593,780
i_gonnenberg,illumination,sift,1_2,2,0.85,665,604,780
i_gonnenberg,illumination,sift,1_2,2,0.9,737,610,780
i_gonnenberg,illumination,sift,1_2,2,0.95,923,619,780
i_gonnenberg,illumination,sift,1_2,2,0.99,1232,624,780
i_gonnenberg,illumination,sift,1_3,3,0.5,408,407,765
i_gonnenberg,illumination,sift,1_3,3,0.55,441,438,765
i_gonnenberg,illumination,sift,1_3,3,0.6,464,460,765
i_gonnenberg,illumination,sift,1_3,3,0.65,483,478,765
i_gonnenberg,illumination,sift,1_3,3,0.7,513,502,765
i_gonnenberg,illumination,sift,1_3,3,0.75,536,519,765
i_gonnenberg,illumination,sift,1_3,3,0.8,564,534,765
i_gonnenberg,illumination,sift,1_3,3,0.85,611,541,765
i_gonnenberg,illumination,sift,1_3,3,0.9,699,549,765
i_gonnenberg,illumination,sift,1_3,3,0.95,898,563,765
i_gonnenberg,illumination,sift,1_3,3,0.99,1229,567,765
i_gonnenberg,illumination,sift,1_4,4,0.5,231,230,674
i_gonnenberg,illumination,sift,1_4,4,0.55,267,263,674
i_gonnenberg,illumination,sift,1_4,4,0.6,310,303,674
i_gonnenberg,illumination,sift,1_4,4,0.65,333,324,674
i_gonnenberg,illumination,sift,1_4,4,0.7,362,351,674
i_gonnenberg,illumination,sift,1_4,4,0.75,400,381,674
i_gonnenberg,illumination,sift,1_4,4,0.8,441,404,674
i_gonnenberg,illumination,sift,1_4,4,0.85,487,421,674
i_gonnenberg,illumination,sift,1_4,4,0.9,582,439,674
i_gonnenberg,illumination,sift,1_4,4,0.95,820,452,674
i_gonnenberg,illumination,sift,1_4,4,0.99,1212,465,674
i_gonnenberg,illumination,sift,1_5,5,0.5,259,257,620
i_gonnenberg,illumination,sift,1_5,5,0.55,288,285,620
i_gonnenberg,illumination,sift,1_5,5,0.6,326,319,620
i_gonnenberg,illumination,sift,1_5,5,0.65,350,342,620
i_gonnenberg,illumination,sift,1_5,5,0.7,384,368,620
i_gonnenberg,illumination,sift,1_5,5,0.75,408,387,620
i_gonnenberg,illumination,sift,1_5,5,0.8,442,403,620
i_gonnenberg,illumination,sift,1_5,5,0.85,495,418,620
i_gonnenberg,illumination,sift,1_5,5,0.9,594,430,620
i_gonnenberg,illumination,sift,1_5,5,0.95,825,439,620
i_gonnenberg,illumination,sift,1_5,5,0.99,1190,444,620
i_gonnenberg,illumination,sift,1_6,6,0.5,357,350,687
i_gonnenberg,illumination,sift,1_6,6,0.55,391,383,687
i_gonnenberg,illumination,sift,1_6,6,0.6,416,407,687
i_gonnenberg,illumination,sift,1_6,6,0.65,436,427,687
i_gonnenberg,illumination,sift,1_6,6,0.7,458,445,687
i_gonnenberg,illumination,sift,1_6,6,0.75,481,457,687
i_gonnenberg,illumination,sift,1_6,6,0.8,512,471,687
i_gonnenberg,illumination,sift,1_6,6,0.85,561,481,687
i_gonnenberg,illumination,sift,1_6,6,0.9,645,487,687
i_gonnenberg,illumination,sift,1_6,6,0.95,848,495,687
i_gonnenberg,illumination,sift,1_6,6,0.99,1196,503,687
i_gonnenberg,illumination,orb,1_2,2,0.5,627,624,1641
i_gonnenberg,illumination,orb,1_2,2,0.55,701,698,1641
i_gonnenberg,illumination,orb,1_2,2,0.6,760,756,1641
i_gonnenberg,illumination,orb,1_2,2,0.65,822,814,1641
i_gonnenberg,illumination,orb,1_2,2,0.7,870,858,1641
i_gonnenberg,illumination,orb,1_2,2,0.75,956,927,1641
i_gonnenberg,illumination,orb,1_2,2,0.8,1032,991,1641
i_gonnenberg,illumination,orb,1_2,2,0.85,1128,1048,1641
i_gonnenberg,illumination,orb,1_2,2,0.9,1282,1115,1641
i_gonnenberg,illumination,orb,1_2,2,0.95,1525,1196,1641
i_gonnenberg,illumination,orb,1_2,2,0.99,1891,1261,1641
i_gonnenberg,illumination,orb,1_3,3,0.5,439,438,1732
i_gonnenberg,illumination,orb,1_3,3,0.55,533,529,1732
i_gonnenberg,illumination,orb,1_3,3,0.6,607,602,1732
i_gonnenberg,illumination,orb,1_3,3,0.65,674,665,1732
i_gonnenberg,illumination,orb,1_3,3,0.7,756,740,1732
i_gonnenberg,illumination,orb,1_3,3,0.75,843,820,1732
i_gonnenberg,illumination,orb,1_3,3,0.8,962,921,1732
i_gonnenberg,illumination,orb,1_3,3,0.85,1087,1004,1732
i_gonnenberg,illumination,orb,1_3,3,0.9,1259,1090,1732
i_gonnenberg,illumination,orb,1_3,3,0.95,1542,1206,1732
i_gonnenberg,illumination,orb,1_3,3,0.99,1890,1283,1732
i_gonnenberg,illumination,orb,1_4,4,0.5,210,210,1545
i_gonnenberg,illumination,orb,1_4,4,0.55,280,280,1545
i_gonnenberg,illumination,orb,1_4,4,0.6,355,352,1545
i_gonnenberg,illumination,orb,1_4,4,0.65,439,434,1545
i_gonnenberg,illumination,orb,1_4,4,0.7,527,511,1545
i_gonnenberg,illumination,orb,1_4,4,0.75,618,589,1545
i_gonnenberg,illumination,orb,1_4,4,0.8,724,667,1545
i_gonnenberg,illumination,orb,1_4,4,0.85,869,759,1545
i_gonnenberg,illumination,orb,1_4,4,0.9,1040,829,1545
i_gonnenberg,illumination,orb,1_4,4,0.95,1363,937,1545
i_gonnenberg,illumination,orb,1_4,4,0.99,1842,1015,1545
i_gonnenberg,illumination,orb,1_5,5,0.5,434,432,1649
i_gonnenberg,illumination,orb,1_5,5,0.55,539,536,1649
i_gonnenberg,illumination,orb,1_5,5,0.6,611,606,1649
i_gonnenberg,illumination,orb,1_5,5,0.65,689,683,1649
i_gonnenberg,illumination,orb,1_5,5,0.7,748,733,1649
i_gonnenberg,illumination,orb,1_5,5,0.75,824,801,1649
i_gonnenberg,illumination,orb,1_5,5,0.8,900,858,1649
i_gonnenberg,illumination,orb,1_5,5,0.85,1000,925,1649
i_gonnenberg,illumination,orb,1_5,5,0.9,1147,994,1649
i_gonnenberg,illumination,orb,1_5,5,0.95,1431,1090,1649
i_gonnenberg,illumination,orb,1_5,5,0.99,1854,1161,1649
i_gonnenberg,illumination,orb,1_6,6,0.5,584,582,1660
i_gonnenberg,illumination,orb,1_6,6,0.55,666,664,1660
i_gonnenberg,illumination,orb,1_6,6,0.6,742,738,1660
i_gonnenberg,illumination,orb,1_6,6,0.65,807,802,1660
i_gonnenberg,illumination,orb,1_6,6,0.7,878,869,1660
i_gonnenberg,illumination,orb,1_6,6,0.75,950,932,1660
i_gonnenberg,illumination,orb,1_6,6,0.8,1021,983,1660
i_gonnenberg,illumination,orb,1_6,6,0.85,1117,1044,1660
i_gonnenberg,illumination,orb,1_6,6,0.9,1265,1112,1660
i_gonnenberg,illumination,orb,1_6,6,0.95,1496,1171,1660
i_gonnenberg,illumination,orb,1_6,6,0.99,1884,1232,1660
i_greenhouse,illumination,sift,1_2,2,0.5,137,136,1069
i_greenhouse,illumination,sift,1_2,2,0.55,161,159,1069
i_greenhouse,illumination,sift,1_2,2,0.6,193,187,1069
i_greenhouse,illumination,sift,1_2,2,0.65,231,223,1069
i_greenhouse,illumination,sift,1_2,2,0.7,272,254,1069
i_greenhouse,illumination,sift,1_2,2,0.75,316,286,1069
i_greenhouse,illumination,sift,1_2,2,0.8,387,324,1069
i_greenhouse,illumination,sift,1_2,2,0.85,495,365,1069
i_greenhouse,illumination,sift,1_2,2,0.9,720,401,1069
i_greenhouse,illumination,sift,1_2,2,0.95,1259,438,1069
i_greenhouse,illumination,sift,1_2,2,0.99,2303,466,1069
i_greenhouse,illumination,sift,1_3,3,0.5,81,81,1238
i_greenhouse,illumination,sift,1_3,3,0.55,118,115,1238
i_greenhouse,illumination,sift,1_3,3,0.6,158,154,1238
i_greenhouse,illumination,sift,1_3,3,0.65,217,211,1238
i_greenhouse,illumination,sift,1_3,3,0.7,264,255,1238
i_greenhouse,illumination,sift,1_3,3,0.75,339,313,1238
i_greenhouse,illumination,sift,1_3,3,0.8,437,375,1238
i_greenhouse,illumination,sift,1_3,3,0.85,564,428,1238
i_greenhouse,illumination,sift,1_3,3,0.9,807,476,1238
i_greenhouse,illumination,sift,1_3,3,0.95,1344,516,1238
i_greenhouse,illumination,sift,1_3,3,0.99,2322,554,1238
i_greenhouse,illumination,sift,1_4,4,0.5,52,50,1161
i_greenhouse,illumination,sift,1_4,4,0.55,79,76,1161
i_greenhouse,illumination,sift,1_4,4,0.6,110,105,1161
i_greenhouse,illumination,sift,1_4,4,0.65,152,143,1161
i_greenhouse,illumination,sift,1_4,4,0.7,202,185,1161
i_greenhouse,illumination,sift,1_4,4,0.75,267,235,1161
i_greenhouse,illumination,sift,1_4,4,0.8,335,270,1161
i_greenhouse,illumination,sift,1_4,4,0.85,454,318,1161
i_greenhouse,illumination,sift,1_4,4,0.9,672,366,1161
i_greenhouse,illumination,sift,1_4,4,0.95,1245,405,1161
i_greenhouse,illumination,sift,1_4,4,0.99,2258,435,1161
i_greenhouse,illumination,sift,1_5,5,0.5,55,54,1206
i_greenhouse,illumination,sift,1_5,5,0.55,78,76,1206
i_greenhouse,illumination,sift,1_5,5,0.6,104,100,1206
i_greenhouse,illumination,sift,1_5,5,0.65,138,133,1206
i_greenhouse,illumination,sift,1_5,5,0.7,183,169,1206
i_greenhouse,illumination,sift,1_5,5,0.75,225,197,1206
i_greenhouse,illumination,sift,1_5,5,0.8,280,232,1206
i_greenhouse,illumination,sift,1_5,5,0.85,407,284,1206
i_greenhouse,illumination,sift,1_5,5,0.9,646,331,1206
i_greenhouse,illumination,sift,1_5,5,0.95,1230,374,1206
i_greenhouse,illumination,sift,1_5,5,0.99,2248,423,1206
i_greenhouse,illumination,sift,1_6,6,0.5,39,35,1082
i_greenhouse,illumination,sift,1_6,6,0.55,52,48,1082
i_greenhouse,illumination,sift,1_6,6,0.6,73,64,1082
i_greenhouse,illumination,sift,1_6,6,0.65,97,84,1082
i_greenhouse,illumination,sift,1_6,6,0.7,125,108,1082
i_greenhouse,illumination,sift,1_6,6,0.75,167,140,1082
i_greenhouse,illumination,sift,1_6,6,0.8,237,184,1082
i_greenhouse,illumination,sift,1_6,6,0.85,349,214,1082
i_greenhouse,illumination,sift,1_6,6,0.9,611,249,1082
i_greenhouse,illumination,sift,1_6,6,0.95,1184,275,1082
i_greenhouse,illumination,sift,1_6,6,0.99,2269,307,1082
i_greenhouse,illumination,orb,1_2,2,0.5,14,14,1235
i_greenhouse,illumination,orb,1_2,2,0.55,23,23,1235
i_greenhouse,illumination,orb,1_2,2,0.6,37,36,1235
i_greenhouse,illumination,orb,1_2,2,0.65,62,60,1235
i_greenhouse,illumination,orb,1_2,2,0.7,91,85,1235
i_greenhouse,illumination,orb,1_2,2,0.75,119,106,1235
i_greenhouse,illumination,orb,1_2,2,0.8,177,130,1235
i_greenhouse,illumination,orb,1_2,2,0.85,286,161,1235
i_greenhouse,illumination,orb,1_2,2,0.9,489,191,1235
i_greenhouse,illumination,orb,1_2,2,0.95,948,225,1235
i_greenhouse,illumination,orb,1_2,2,0.99,1815,265,1235
i_greenhouse,illumination,orb,1_3,3,0.5,4,4,1430
i_greenhouse,illumination,orb,1_3,3,0.55,10,9,1430
i_greenhouse,illumination,orb,1_3,3,0.6,28,25,1430
i_greenhouse,illumination,orb,1_3,3,0.65,49,42,1430
i_greenhouse,illumination,orb,1_3,3,0.7,86,77,1430
i_greenhouse,illumination,orb,1_3,3,0.75,138,118,1430
i_greenhouse,illumination,orb,1_3,3,0.8,202,156,1430
i_greenhouse,illumination,orb,1_3,3,0.85,297,194,1430
i_greenhouse,illumination,orb,1_3,3,0.9,492,256,1430
i_greenhouse,illumination,orb,1_3,3,0.95,970,310,1430
i_greenhouse,illumination,orb,1_3,3,0.99,1815,368,1430
i_greenhouse,illumination,orb,1_4,4,0.5,6,6,1381
i_greenhouse,illumination,orb,1_4,4,0.55,17,17,1381
i_greenhouse,illumination,orb,1_4,4,0.6,26,25,1381
i_greenhouse,illumination,orb,1_4,4,0.65,41,38,1381
i_greenhouse,illumination,orb,1_4,4,0.7,65,62,1381
i_greenhouse,illumination,orb,1_4,4,0.75,89,80,1381
i_greenhouse,illumination,orb,1_4,4,0.8,144,111,1381
i_greenhouse,illumination,orb,1_4,4,0.85,236,146,1381
i_greenhouse,illumination,orb,1_4,4,0.9,437,185,1381
i_greenhouse,illumination,orb,1_4,4,0.95,912,222,1381
i_greenhouse,illumination,orb,1_4,4,0.99,1785,253,1381
i_greenhouse,illumination,orb,1_5,5,0.5,3,3,1290
i_greenhouse,illumination,orb,1_5,5,0.55,8,8,1290
i_greenhouse,illumination,orb,1_5,5,0.6,14,14,1290
i_greenhouse,illumination,orb,1_5,5,0.65,19,19,1290
i_greenhouse,illumination,orb,1_5,5,0.7,36,34,1290
i_greenhouse,illumination,orb,1_5,5,0.75,65,51,1290
i_greenhouse,illumination,orb,1_5,5,0.8,113,77,1290
i_greenhouse,illumination,orb,1_5,5,0.85,215,105,1290
i_greenhouse,illumination,orb,1_5,5,0.9,430,133,1290
i_greenhouse,illumination,orb,1_5,5,0.95,934,175,1290
i_greenhouse,illumination,orb,1_5,5,0.99,1802,211,1290
i_greenhouse,illumination,orb,1_6,6,0.5,0,0,1107
i_greenhouse,illumination,orb,1_6,6,0.55,2,2,1107
i_greenhouse,illumination,orb,1_6,6,0.6,3,3,1107
i_greenhouse,illumination,orb,1_6,6,0.65,14,12,1107
i_greenhouse,illumination,orb,1_6,6,0.7,23,19,1107
i_greenhouse,illumination,orb,1_6,6,0.75,32,24,1107
i_greenhouse,illumination,orb,1_6,6,0.8,63,38,1107
i_greenhouse,illumination,orb,1_6,6,0.85,161,62,1107
i_greenhouse,illumination,orb,1_6,6,0.9,357,86,1107
i_greenhouse,illumination,orb,1_6,6,0.95,827,112,1107
i_greenhouse,illumination,orb,1_6,6,0.99,1787,132,1107
i_greentea,illumination,sift,1_2,2,0.5,1395,1394,2306
i_greentea,illumination,sift,1_2,2,0.55,1469,1464,2306
i_greentea,illumination,sift,1_2,2,0.6,1534,1525,2306
i_greentea,illumination,sift,1_2,2,0.65,1605,1591,2306
i_greentea,illumination,sift,1_2,2,0.7,1673,1644,2306
i_greentea,illumination,sift,1_2,2,0.75,1735,1681,2306
i_greentea,illumination,sift,1_2,2,0.8,1840,1727,2306
i_greentea,illumination,sift,1_2,2,0.85,1989,1757,2306
i_greentea,illumination,sift,1_2,2,0.9,2284,1793,2306
i_greentea,illumination,sift,1_2,2,0.95,2854,1817,2306
i_greentea,illumination,sift,1_2,2,0.99,3851,1838,2306
i_greentea,illumination,sift,1_3,3,0.5,1905,1904,3392
i_greentea,illumination,sift,1_3,3,0.55,2029,2026,3392
i_greentea,illumination,sift,1_3,3,0.6,2142,2136,3392
i_greentea,illumination,sift,1_3,3,0.65,2256,2243,3392
i_greentea,illumination,sift,1_3,3,0.7,2357,2336,3392
i_greentea,illumination,sift,1_3,3,0.75,2461,2416,3392
i_greentea,illumination,sift,1_3,3,0.8,2572,2485,3392
i_greentea,illumination,sift,1_3,3,0.85,2706,2542,3392
i_greentea,illumination,sift,1_3,3,0.9,2933,2589,3392
i_greentea,illumination,sift,1_3,3,0.95,3373,2636,3392
i_greentea,illumination,sift,1_3,3,0.99,3987,2674,3392
i_greentea,illumination,sift,1_4,4,0.5,1946,1940,3381
i_greentea,illumination,sift,1_4,4,0.55,2067,2058,3381
i_greentea,illumination,sift,1_4,4,0.6,2193,2179,3381
i_greentea,illumination,sift,1_4,4,0.65,2311,2294,3381
i_greentea,illumination,sift,1_4,4,0.7,2407,2386,3381
i_greentea,illumination,sift,1_4,4,0.75,2506,2468,3381
i_greentea,illumination,sift,1_4,4,0.8,2616,2541,3381
i_greentea,illumination,sift,1_4,4,0.85,2752,2599,3381
i_greentea,illumination,sift,1_4,4,0.9,2962,2640,3381
i_greentea,illumination,sift,1_4,4,0.95,3371,2675,3381
i_greentea,illumination,sift,1_4,4,0.99,3966,2702,3381
i_greentea,illumination,sift,1_5,5,0.5,1711,1706,3061
i_greentea,illumination,sift,1_5,5,0.55,1838,1831,3061
i_greentea,illumination,sift,1_5,5,0.6,1946,1939,3061
i_greentea,illumination,sift,1_5,5,0.65,2051,2038,3061
i_greentea,illumination,sift,1_5,5,0.7,2148,2125,3061
i_greentea,illumination,sift,1_5,5,0.75,2244,2199,3061
i_greentea,illumination,sift,1_5,5,0.8,2352,2261,3061
i_greentea,illumination,sift,1_5,5,0.85,2505,2318,3061
i_greentea,illumination,sift,1_5,5,0.9,2769,2379,3061
i_greentea,illumination,sift,1_5,5,0.95,3236,2413,3061
i_greentea,illumination,sift,1_5,5,0.99,3944,2436,3061
i_greentea,illumination,sift,1_6,6,0.5,903,901,1916
i_greentea,illumination,sift,1_6,6,0.55,993,990,1916
i_greentea,illumination,sift,1_6,6,0.6,1065,1055,1916
i_greentea,illumination,sift,1_6,6,0.65,1148,1130,1916
i_greentea,illumination,sift,1_6,6,0.7,1234,1198,1916
i_greentea,illumination,sift,1_6,6,0.75,1311,1250,1916
i_greentea,illumination,sift,1_6,6,0.8,1435,1294,1916
i_greentea,illumination,sift,1_6,6,0.85,1642,1331,1916
i_greentea,illumination,sift,1_6,6,0.9,1990,1368,1916
i_greentea,illumination,sift,1_6,6,0.95,2694,1393,1916
i_greentea,illumination,sift,1_6,6,0.99,3812,1417,1916
i_greentea,illumination,orb,1_2,2,0.5,292,290,1288
i_greentea,illumination,orb,1_2,2,0.55,332,329,1288
i_greentea,illumination,orb,1_2,2,0.6,369,364,1288
i_greentea,illumination,orb,1_2,2,0.65,402,396,1288
i_greentea,illumination,orb,1_2,2,0.7,435,425,1288
i_greentea,illumination,orb,1_2,2,0.75,480,463,1288
i_greentea,illumination,orb,1_2,2,0.8,544,502,1288
i_greentea,illumination,orb,1_2,2,0.85,667,553,1288
i_greentea,illumination,orb,1_2,2,0.9,856,601,1288
i_greentea,illumination,orb,1_2,2,0.95,1236,651,1288
i_greentea,illumination,orb,1_2,2,0.99,1847,693,1288
i_greentea,illumination,orb,1_3,3,0.5,379,377,1497
i_greentea,illumination,orb,1_3,3,0.55,438,432,1497
i_greentea,illumination,orb,1_3,3,0.6,492,481,1497
i_greentea,illumination,orb,1_3,3,0.65,547,533,1497
i_greentea,illumination,orb,1_3,3,0.7,611,587,1497
i_greentea,illumination,orb,1_3,3,0.75,667,633,1497
i_greentea,illumination,orb,1_3,3,0.8,741,685,1497
i_greentea,illumination,orb,1_3,3,0.85,843,734,1497
i_greentea,illumination,orb,1_3,3,0.9,1021,806,1497
i_greentea,illumination,orb,1_3,3,0.95,1348,871,1497
i_greentea,illumination,orb,1_3,3,0.99,1864,929,1497
i_greentea,illumination,orb,1_4,4,0.5,455,453,1496
i_greentea,illumination,orb,1_4,4,0.55,519,515,1496
i_greentea,illumination,orb,1_4,4,0.6,570,565,1496
i_greentea,illumination,orb,1_4,4,0.65,622,610,1496
i_greentea,illumination,orb,1_4,4,0.7,689,670,1496
i_greentea,illumination,orb,1_4,4,0.75,736,707,1496
i_greentea,illumination,orb,1_4,4,0.8,820,769,1496
i_greentea,illumination,orb,1_4,4,0.85,921,820,1496
i_greentea,illumination,orb,1_4,4,0.9,1063,861,1496
i_greentea,illumination,orb,1_4,4,0.95,1393,922,1496
i_greentea,illumination,orb,1_4,4,0.99,1876,969,1496
i_greentea,illumination,orb,1_5,5,0.5,396,394,1439
i_greentea,illumination,orb,1_5,5,0.55,458,455,1439
i_greentea,illumination,orb,1_5,5,0.6,517,512,1439
i_greentea,illumination,orb,1_5,5,0.65,571,559,1439
i_greentea,illumination,orb,1_5,5,0.7,635,619,1439
i_greentea,illumination,orb,1_5,5,0.75,701,675,1439
i_greentea,illumination,orb,1_5,5,0.8,780,723,1439
i_greentea,illumination,orb,1_5,5,0.85,881,771,1439
i_greentea,illumination,orb,1_5,5,0.9,1066,826,1439
i_greentea,illumination,orb,1_5,5,0.95,1355,882,1439
i_greentea,illumination,orb,1_5,5,0.99,1860,925,1439
i_greentea,illumination,orb,1_6,6,0.5,115,113,1111
i_greentea,illumination,orb,1_6,6,0.55,147,144,1111
i_greentea,illumination,orb,1_6,6,0.6,166,162,1111
i_greentea,illumination,orb,1_6,6,0.65,202,195,1111
i_greentea,illumination,orb,1_6,6,0.7,229,217,1111
i_greentea,illumination,orb,1_6,6,0.75,274,251,1111
i_greentea,illumination,orb,1_6,6,0.8,317,275,1111
i_greentea,illumination,orb,1_6,6,0.85,425,319,1111
i_greentea,illumination,orb,1_6,6,0.9,631,370,1111
i_greentea,illumination,orb,1_6,6,0.95,1111,414,1111
i_greentea,illumination,orb,1_6,6,0.99,1802,459,1111
i_indiana,illumination,sift,1_2,2,0.5,167,162,2698
i_indiana,illumination,sift,1_2,2,0.55,231,222,2698
i_indiana,illumination,sift,1_2,2,0.6,292,280,2698
i_indiana,illumination,sift,1_2,2,0.65,374,355,2698
i_indiana,illumination,sift,1_2,2,0.7,467,441,2698
i_indiana,illumination,sift,1_2,2,0.75,564,514,2698
i_indiana,illumination,sift,1_2,2,0.8,729,615,2698
i_indiana,illumination,sift,1_2,2,0.85,992,694,2698
i_indiana,illumination,sift,1_2,2,0.9,1484,774,2698
i_indiana,illumination,sift,1_2,2,0.95,2679,860,2698
i_indiana,illumination,sift,1_2,2,0.99,4797,928,2698
i_indiana,illumination,sift,1_3,3,0.5,75,73,2660
i_indiana,illumination,sift,1_3,3,0.55,99,96,2660
i_indiana,illumination,sift,1_3,3,0.6,142,137,2660
i_indiana,illumination,sift,1_3,3,0.65,215,208,2660
i_indiana,illumination,sift,1_3,3,0.7,296,274,2660
i_indiana,illumination,sift,1_3,3,0.75,375,327,2660
i_indiana,illumination,sift,1_3,3,0.8,516,402,2660
i_indiana,illumination,sift,1_3,3,0.85,746,478,2660
i_indiana,illumination,sift,1_3,3,0.9,1254,563,2660
i_indiana,illumination,sift,1_3,3,0.95,2508,644,2660
i_indiana,illumination,sift,1_3,3,0.99,4818,711,2660
i_indiana,illumination,sift,1_4,4,0.5,30,27,2507
i_indiana,illumination,sift,1_4,4,0.55,44,41,2507
i_indiana,illumination,sift,1_4,4,0.6,63,58,2507
i_indiana,illumination,sift,1_4,4,0.65,97,88,2507
i_indiana,illumination,sift,1_4,4,0.7,148,127,2507
i_indiana,illumination,sift,1_4,4,0.75,222,176,2507
i_indiana,illumination,sift,1_4,4,0.8,335,223,2507
i_indiana,illumination,sift,1_4,4,0.85,549,270,2507
i_indiana,illumination,sift,1_4,4,0.9,1093,335,2507
i_indiana,illumination,sift,1_4,4,0.95,2411,397,2507
i_indiana,illumination,sift,1_4,4,0.99,4778,446,2507
i_indiana,illumination,sift,1_5,5,0.5,19,17,2479
i_indiana,illumination,sift,1_5,5,0.55,28,26,2479
i_indiana,illumination,sift,1_5,5,0.6,47,42,2479
i_indiana,illumination,sift,1_5,5,0.65,79,69,2479
i_indiana,illumination,sift,1_5,5,0.7,113,95,2479
i_indiana,illumination,sift,1_5,5,0.75,176,129,2479
i_indiana,illumination,sift,1_5,5,0.8,268,157,2479
i_indiana,illumination,sift,1_5,5,0.85,480,199,2479
i_indiana,illumination,sift,1_5,5,0.9,962,250,2479
i_indiana,illumination,sift,1_5,5,0.95,2345,314,2479
i_indiana,illumination,sift,1_5,5,0.99,4757,367,2479
i_indiana,illumination,sift,1_6,6,0.5,10,9,2450
i_indiana,illumination,sift,1_6,6,0.55,18,16,2450
i_indiana,illumination,sift,1_6,6,0.6,32,29,2450
i_indiana,illumination,sift,1_6,6,0.65,49,44,2450
i_indiana,illumination,sift,1_6,6,0.7,78,64,2450
i_indiana,illumination,sift,1_6,6,0.75,112,86,2450
i_indiana,illumination,sift,1_6,6,0.8,198,117,2450
i_indiana,illumination,sift,1_6,6,0.85,408,152,2450
i_indiana,illumination,sift,1_6,6,0.9,921,196,2450
i_indiana,illumination,sift,1_6,6,0.95,2183,241,2450
i_indiana,illumination,sift,1_6,6,0.99,4680,285,2450
i_indiana,illumination,orb,1_2,2,0.5,57,56,1361
i_indiana,illumination,orb,1_2,2,0.55,75,73,1361
i_indiana,illumination,orb,1_2,2,0.6,116,113,1361
i_indiana,illumination,orb,1_2,2,0.65,150,145,1361
i_indiana,illumination,orb,1_2,2,0.7,204,192,1361
i_indiana,illumination,orb,1_2,2,0.75,255,230,1361
i_indiana,illumination,orb,1_2,2,0.8,337,283,1361
i_indiana,illumination,orb,1_2,2,0.85,431,326,1361
i_indiana,illumination,orb,1_2,2,0.9,661,398,1361
i_indiana,illumination,orb,1_2,2,0.95,1077,484,1361
i_indiana,illumination,orb,1_2,2,0.99,1823,552,1361
i_indiana,illumination,orb,1_3,3,0.5,29,28,1293
i_indiana,illumination,orb,1_3,3,0.55,38,37,1293
i_indiana,illumination,orb,1_3,3,0.6,49,47,1293
i_indiana,illumination,orb,1_3,3,0.65,67,62,1293
i_indiana,illumination,orb,1_3,3,0.7,100,90,1293
i_indiana,illumination,orb,1_3,3,0.75,135,115,1293
i_indiana,illumination,orb,1_3,3,0.8,199,150,1293
i_indiana,illumination,orb,1_3,3,0.85,323,196,1293
i_indiana,illumination,orb,1_3,3,0.9,572,259,1293
i_indiana,illumination,orb,1_3,3,0.95,1043,322,1293
i_indiana,illumination,orb,1_3,3,0.99,1816,375,1293
i_indiana,illumination,orb,1_4,4,0.5,9,9,1055
i_indiana,illumination,orb,1_4,4,0.55,12,12,1055
i_indiana,illumination,orb,1_4,4,0.6,17,17,1055
i_indiana,illumination,orb,1_4,4,0.65,23,22,1055
i_indiana,illumination,orb,1_4,4,0.7,32,27,1055
i_indiana,illumination,orb,1_4,4,0.75,48,35,1055
i_indiana,illumination,orb,1_4,4,0.8,105,59,1055
i_indiana,illumination,orb,1_4,4,0.85,195,85,1055
i_indiana,illumination,orb,1_4,4,0.9,409,105,1055
i_indiana,illumination,orb,1_4,4,0.95,933,132,1055
i_indiana,illumination,orb,1_4,4,0.99,1777,169,1055
i_indiana,illumination,orb,1_5,5,0.5,2,2,916
i_indiana,illumination,orb,1_5,5,0.55,3,3,916
i_indiana,illumination,orb,1_5,5,0.6,5,5,916
i_indiana,illumination,orb,1_5,5,0.65,8,8,916
i_indiana,illumination,orb,1_5,5,0.7,19,17,916
i_indiana,illumination,orb,1_5,5,0.75,28,19,916
i_indiana,illumination,orb,1_5,5,0.8,57,27,916
i_indiana,illumination,orb,1_5,5,0.85,158,39,916
i_indiana,illumination,orb,1_5,5,0.9,369,60,916
i_indiana,illumination,orb,1_5,5,0.95,876,80,916
i_indiana,illumination,orb,1_5,5,0.99,1770,110,916
i_indiana,illumination,orb,1_6,6,0.5,0,0,836
i_indiana,illumination,orb,1_6,6,0.55,0,0,836
i_indiana,illumination,orb,1_6,6,0.6,4,1,836
i_indiana,illumination,orb,1_6,6,0.65,4,1,836
i_indiana,illumination,orb,1_6,6,0.7,14,7,836
i_indiana,illumination,orb,1_6,6,0.75,30,9,836
i_indiana,illumination,orb,1_6,6,0.8,64,11,836
i_indiana,illumination,orb,1_6,6,0.85,140,15,836
i_indiana,illumination,orb,1_6,6,0.9,350,23,836
i_indiana,illumination,orb,1_6,6,0.95,856,47,836
i_indiana,illumination,orb,1_6,6,0.99,1785,61,836
i_kions,illumination,sift,1_2,2,0.5,19,18,999
i_kions,illumination,sift,1_2,2,0.55,32,29,999
i_kions,illumination,sift,1_2,2,0.6,44,39,999
i_kions,illumination,sift,1_2,2,0.65,67,58,999
i_kions,illumination,sift,1_2,2,0.7,104,83,999
i_kions,illumination,sift,1_2,2,0.75,162,113,999
i_kions,illumination,sift,1_2,2,0.8,244,145,999
i_kions,illumination,sift,1_2,2,0.85,371,181,999
i_kions,illumination,sift,1_2,2,0.9,587,232,999
i_kions,illumination,sift,1_2,2,0.95,1040,268,999
i_kions,illumination,sift,1_2,2,0.99,1802,303,999
i_kions,illumination,sift,1_3,3,0.5,27,20,959
i_kions,illumination,sift,1_3,3,0.55,41,31,959
i_kions,illumination,sift,1_3,3,0.6,63,46,959
i_kions,illumination,sift,1_3,3,0.65,83,56,959
i_kions,illumination,sift,1_3,3,0.7,125,75,959
i_kions,illumination,sift,1_3,3,0.75,170,88,959
i_kions,illumination,sift,1_3,3,0.8,248,109,959
i_kions,illumination,sift,1_3,3,0.85,365,134,959
i_kions,illumination,sift,1_3,3,0.9,576,160,959
i_kions,illumination,sift,1_3,3,0.95,1078,194,959
i_kions,illumination,sift,1_3,3,0.99,1821,223,959
i_kions,illumination,sift,1_4,4,0.5,1,1,444
i_kions,illumination,sift,1_4,4,0.55,1,1,444
i_kions,illumination,sift,1_4,4,0.6,10,4,444
i_kions,illumination,sift,1_4,4,0.65,19,8,444
i_kions,illumination,sift,1_4,4,0.7,37,14,444
i_kions,illumination,sift,1_4,4,0.75,75,22,444
i_kions,illumination,sift,1_4,4,0.8,128,28,444
i_kions,illumination,sift,1_4,4,0.85,217,31,444
i_kions,illumination,sift,1_4,4,0.9,436,42,444
i_kions,illumination,sift,1_4,4,0.95,902,49,444
i_kions,illumination,sift,1_4,4,0.99,1778,61,444
i_kions,illumination,sift,1_5,5,0.5,2,2,386
i_kions,illumination,sift,1_5,5,0.55,4,3,386
i_kions,illumination,sift,1_5,5,0.6,7,5,386
i_kions,illumination,sift,1_5,5,0.65,17,13,386
i_kions,illumination,sift,1_5,5,0.7,33,17,386
i_kions,illumination,sift,1_5,5,0.75,64,24,386
i_kions,illumination,sift,1_5,5,0.8,126,30,386
i_kions,illumination,sift,1_5,5,0.85,236,36,386
i_kions,illumination,sift,1_5,5,0.9,450,46,386
i_kions,illumination,sift,1_5,5,0.95,913,53,386
i_kions,illumination,sift,1_5,5,0.99,1768,60,386
i_kions,illumination,sift,1_6,6,0.5,12,11,1010
i_kions,illumination,sift,1_6,6,0.55,22,17,1010
i_kions,illumination,sift,1_6,6,0.6,31,24,1010
i_kions,illumination,sift,1_6,6,0.65,47,33,1010
i_kions,illumination,sift,1_6,6,0.7,74,50,1010
i_kions,illumination,sift,1_6,6,0.75,111,61,1010
i_kions,illumination,sift,1_6,6,0.8,180,79,1010
i_kions,illumination,sift,1_6,6,0.85,298,93,1010
i_kions,illumination,sift,1_6,6,0.9,527,118,1010
i_kions,illumination,sift,1_6,6,0.95,1036,147,1010
i_kions,illumination,sift,1_6,6,0.99,1780,174,1010
i_kions,illumination,orb,1_2,2,0.5,7,5,1156
i_kions,illumination,orb,1_2,2,0.55,14,9,1156
i_kions,illumination,orb,1_2,2,0.6,25,16,1156
i_kions,illumination,orb,1_2,2,0.65,37,22,1156
i_kions,illumination,orb,1_2,2,0.7,56,33,1156
i_kions,illumination,orb,1_2,2,0.75,94,51,1156
i_kions,illumination,orb,1_2,2,0.8,163,74,1156
i_kions,illumination,orb,1_2,2,0.85,314,111,1156
i_kions,illumination,orb,1_2,2,0.9,550,142,1156
i_kions,illumination,orb,1_2,2,0.95,1052,191,1156
i_kions,illumination,orb,1_2,2,0.99,1794,225,1156
i_kions,illumination,orb,1_3,3,0.5,6,6,1394
i_kions,illumination,orb,1_3,3,0.55,8,8,1394
i_kions,illumination,orb,1_3,3,0.6,13,11,1394
i_kions,illumination,orb,1_3,3,0.65,26,18,1394
i_kions,illumination,orb,1_3,3,0.7,53,31,1394
i_kions,illumination,orb,1_3,3,0.75,95,47,1394
i_kions,illumination,orb,1_3,3,0.8,152,61,1394
i_kions,illumination,orb,1_3,3,0.85,279,85,1394
i_kions,illumination,orb,1_3,3,0.9,533,118,1394
i_kions,illumination,orb,1_3,3,0.95,1025,171,1394
i_kions,illumination,orb,1_3,3,0.99,1779,219,1394
i_kions,illumination,orb,1_4,4,0.5,6,4,1367
i_kions,illumination,orb,1_4,4,0.55,8,5,1367
i_kions,illumination,orb,1_4,4,0.6,13,8,1367
i_kions,illumination,orb,1_4,4,0.65,28,18,1367
i_kions,illumination,orb,1_4,4,0.7,45,28,1367
i_kions,illumination,orb,1_4,4,0.75,74,39,1367
i_kions,illumination,orb,1_4,4,0.8,139,60,1367
i_kions,illumination,orb,1_4,4,0.85,253,70,1367
i_kions,illumination,orb,1_4,4,0.9,496,100,1367
i_kions,illumination,orb,1_4,4,0.95,1008,139,1367
i_kions,illumination,orb,1_4,4,0.99,1784,176,1367
i_kions,illumination,orb,1_5,5,0.5,5,3,1377
i_kions,illumination,orb,1_5,5,0.55,10,5,1377
i_kions,illumination,orb,1_5,5,0.6,14,9,1377
i_kions,illumination,orb,1_5,5,0.65,20,13,1377
i_kions,illumination,orb,1_5,5,0.7,45,31,1377
i_kions,illumination,orb,1_5,5,0.75,81,46,1377
i_kions,illumination,orb,1_5,5,0.8,147,64,1377
i_kions,illumination,orb,1_5,5,0.85,276,88,1377
i_kions,illumination,orb,1_5,5,0.9,484,102,1377
i_kions,illumination,orb,1_5,5,0.95,986,147,1377
i_kions,illumination,orb,1_5,5,0.99,1789,176,1377
i_kions,illumination,orb,1_6,6,0.5,3,3,1343
i_kions,illumination,orb,1_6,6,0.55,5,5,1343
i_kions,illumination,orb,1_6,6,0.6,14,13,1343
i_kions,illumination,orb,1_6,6,0.65,30,24,1343
i_kions,illumination,orb,1_6,6,0.7,51,35,1343
i_kions,illumination,orb,1_6,6,0.75,82,47,1343
i_kions,illumination,orb,1_6,6,0.8,140,63,1343
i_kions,illumination,orb,1_6,6,0.85,273,91,1343
i_kions,illumination,orb,1_6,6,0.9,526,120,1343
i_kions,illumination,orb,1_6,6,0.95,1010,165,1343
i_kions,illumination,orb,1_6,6,0.99,1796,205,1343
i_ktirio,illumination,sift,1_2,2,0.5,704,671,1307
i_ktirio,illumination,sift,1_2,2,0.55,774,729,1307
i_ktirio,illumination,sift,1_2,2,0.6,826,776,1307
i_ktirio,illumination,sift,1_2,2,0.65,887,818,1307
i_ktirio,illumination,sift,1_2,2,0.7,963,864,1307
i_ktirio,illumination,sift,1_2,2,0.75,1027,891,1307
i_ktirio,illumination,sift,1_2,2,0.8,1108,929,1307
i_ktirio,illumination,sift,1_2,2,0.85,1213,960,1307
i_ktirio,illumination,sift,1_2,2,0.9,1329,984,1307
i_ktirio,illumination,sift,1_2,2,0.95,1522,1003,1307
i_ktirio,illumination,sift,1_2,2,0.99,1767,1017,1307
i_ktirio,illumination,sift,1_3,3,0.5,68,57,908
i_ktirio,illumination,sift,1_3,3,0.55,92,76,908
i_ktirio,illumination,sift,1_3,3,0.6,130,100,908
i_ktirio,illumination,sift,1_3,3,0.65,156,113,908
i_ktirio,illumination,sift,1_3,3,0.7,207,136,908
i_ktirio,illumination,sift,1_3,3,0.75,262,152,908
i_ktirio,illumination,sift,1_3,3,0.8,328,171,908
i_ktirio,illumination,sift,1_3,3,0.85,470,204,908
i_ktirio,illumination,sift,1_3,3,0.9,693,236,908
i_ktirio,illumination,sift,1_3,3,0.95,1085,261,908
i_ktirio,illumination,sift,1_3,3,0.99,1637,274,908
i_ktirio,illumination,sift,1_4,4,0.5,11,11,667
i_ktirio,illumination,sift,1_4,4,0.55,20,17,667
i_ktirio,illumination,sift,1_4,4,0.6,30,22,667
i_ktirio,illumination,sift,1_4,4,0.65,50,33,667
i_ktirio,illumination,sift,1_4,4,0.7,81,40,667
i_ktirio,illumination,sift,1_4,4,0.75,119,48,667
i_ktirio,illumination,sift,1_4,4,0.8,195,64,667
i_ktirio,illumination,sift,1_4,4,0.85,306,74,667
i_ktirio,illumination,sift,1_4,4,0.9,529,89,667
i_ktirio,illumination,sift,1_4,4,0.95,981,101,667
i_ktirio,illumination,sift,1_4,4,0.99,1593,116,667
i_ktirio,illumination,sift,1_5,5,0.5,47,41,888
i_ktirio,illumination,sift,1_5,5,0.55,60,50,888
i_ktirio,illumination,sift,1_5,5,0.6,87,68,888
i_ktirio,illumination,sift,1_5,5,0.65,105,77,888
i_ktirio,illumination,sift,1_5,5,0.7,138,99,888
i_ktirio,illumination,sift,1_5,5,0.75,193,114,888
i_ktirio,illumination,sift,1_5,5,0.8,265,133,888
i_ktirio,illumination,sift,1_5,5,0.85,380,160,888
i_ktirio,illumination,sift,1_5,5,0.9,595,185,888
i_ktirio,illumination,sift,1_5,5,0.95,1016,208,888
i_ktirio,illumination,sift,1_5,5,0.99,1619,228,888
i_ktirio,illumination,sift,1_6,6,0.5,13,10,596
i_ktirio,illumination,sift,1_6,6,0.55,18,13,596
i_ktirio,illumination,sift,1_6,6,0.6,33,19,596
i_ktirio,illumination,sift,1_6,6,0.65,51,23,596
i_ktirio,illumination,sift,1_6,6,0.7,80,26,596
i_ktirio,illumination,sift,1_6,6,0.75,124,32,596
i_ktirio,illumination,sift,1_6,6,0.8,195,44,596
i_ktirio,illumination,sift,1_6,6,0.85,334,52,596
i_ktirio,illumination,sift,1_6,6,0.9,529,60,596
i_ktirio,illumination,sift,1_6,6,0.95,939,71,596
i_ktirio,illumination,sift,1_6,6,0.99,1614,78,596
i_ktirio,illumination,orb,1_2,2,0.5,1291,1282,1944
i_ktirio,illumination,orb,1_2,2,0.55,1354,1340,1944
i_ktirio,illumination,orb,1_2,2,0.6,1399,1383,1944
i_ktirio,illumination,orb,1_2,2,0.65,1457,1435,1944
i_ktirio,illumination,orb,1_2,2,0.7,1500,1468,1944
i_ktirio,illumination,orb,1_2,2,0.75,1544,1495,1944
i_ktirio,illumination,orb,1_2,2,0.8,1606,1531,1944
i_ktirio,illumination,orb,1_2,2,0.85,1673,1565,1944
i_ktirio,illumination,orb,1_2,2,0.9,1739,1590,1944
i_ktirio,illumination,orb,1_2,2,0.95,1838,1620,1944
i_ktirio,illumination,orb,1_2,2,0.99,1951,1652,1944
i_ktirio,illumination,orb,1_3,3,0.5,45,42,1471
i_ktirio,illumination,orb,1_3,3,0.55,71,63,1471
i_ktirio,illumination,orb,1_3,3,0.6,102,90,1471
i_ktirio,illumination,orb,1_3,3,0.65,150,124,1471
i_ktirio,illumination,orb,1_3,3,0.7,215,170,1471
i_ktirio,illumination,orb,1_3,3,0.75,288,214,1471
i_ktirio,illumination,orb,1_3,3,0.8,385,259,1471
i_ktirio,illumination,orb,1_3,3,0.85,535,318,1471
i_ktirio,illumination,orb,1_3,3,0.9,773,379,1471
i_ktirio,illumination,orb,1_3,3,0.95,1209,455,1471
i_ktirio,illumination,orb,1_3,3,0.99,1817,522,1471
i_ktirio,illumination,orb,1_4,4,0.5,9,8,1239
i_ktirio,illumination,orb,1_4,4,0.55,15,13,1239
i_ktirio,illumination,orb,1_4,4,0.6,24,16,1239
i_ktirio,illumination,orb,1_4,4,0.65,45,29,1239
i_ktirio,illumination,orb,1_4,4,0.7,64,39,1239
i_ktirio,illumination,orb,1_4,4,0.75,121,65,1239
i_ktirio,illumination,orb,1_4,4,0.8,193,81,1239
i_ktirio,illumination,orb,1_4,4,0.85,336,100,1239
i_ktirio,illumination,orb,1_4,4,0.9,580,121,1239
i_ktirio,illumination,orb,1_4,4,0.95,1040,145,1239
i_ktirio,illumination,orb,1_4,4,0.99,1783,166,1239
i_ktirio,illumination,orb,1_5,5,0.5,26,24,1354
i_ktirio,illumination,orb,1_5,5,0.55,35,31,1354
i_ktirio,illumination,orb,1_5,5,0.6,54,49,1354
i_ktirio,illumination,orb,1_5,5,0.65,83,69,1354
i_ktirio,illumination,orb,1_5,5,0.7,129,98,1354
i_ktirio,illumination,orb,1_5,5,0.75,187,126,1354
i_ktirio,illumination,orb,1_5,5,0.8,284,162,1354
i_ktirio,illumination,orb,1_5,5,0.85,438,207,1354
i_ktirio,illumination,orb,1_5,5,0.9,699,264,1354
i_ktirio,illumination,orb,1_5,5,0.95,1157,337,1354
i_ktirio,illumination,orb,1_5,5,0.99,1803,376,1354
i_ktirio,illumination,orb,1_6,6,0.5,2,2,1102
i_ktirio,illumination,orb,1_6,6,0.55,7,5,1102
i_ktirio,illumination,orb,1_6,6,0.6,17,11,1102
i_ktirio,illumination,orb,1_6,6,0.65,24,13,1102
i_ktirio,illumination,orb,1_6,6,0.7,38,18,1102
i_ktirio,illumination,orb,1_6,6,0.75,65,22,1102
i_ktirio,illumination,orb,1_6,6,0.8,124,29,1102
i_ktirio,illumination,orb,1_6,6,0.85,255,35,1102
i_ktirio,illumination,orb,1_6,6,0.9,500,45,1102
i_ktirio,illumination,orb,1_6,6,0.95,998,59,1102
i_ktirio,illumination,orb,1_6,6,0.99,1789,76,1102
i_kurhaus,illumination,sift,1_2,2,0.5,2272,2253,5591
i_kurhaus,illumination,sift,1_2,2,0.55,2459,2433,5591
i_kurhaus,illumination,sift,1_2,2,0.6,2639,2600,5591
i_kurhaus,illumination,sift,1_2,2,0.65,2790,2744,5591
i_kurhaus,illumination,sift,1_2,2,0.7,2920,2869,5591
i_kurhaus,illumination,sift,1_2,2,0.75,3081,3000,5591
i_kurhaus,illumination,sift,1_2,2,0.8,3282,3119,5591
i_kurhaus,illumination,sift,1_2,2,0.85,3545,3220,5591
i_kurhaus,illumination,sift,1_2,2,0.9,4124,3328,5591
i_kurhaus,illumination,sift,1_2,2,0.95,5455,3420,5591
i_kurhaus,illumination,sift,1_2,2,0.99,8143,3511,5591
i_kurhaus,illumination,sift,1_3,3,0.5,1308,1289,4986
i_kurhaus,illumination,sift,1_3,3,0.55,1518,1494,4986
i_kurhaus,illumination,sift,1_3,3,0.6,1677,1650,4986
i_kurhaus,illumination,sift,1_3,3,0.65,1837,1802,4986
i_kurhaus,illumination,sift,1_3,3,0.7,1977,1934,4986
i_kurhaus,illumination,sift,1_3,3,0.75,2140,2063,4986
i_kurhaus,illumination,sift,1_3,3,0.8,2349,2193,4986
i_kurhaus,illumination,sift,1_3,3,0.85,2637,2292,4986
i_kurhaus,illumination,sift,1_3,3,0.9,3266,2388,4986
i_kurhaus,illumination,sift,1_3,3,0.95,4833,2484,4986
i_kurhaus,illumination,sift,1_3,3,0.99,7977,2564,4986
i_kurhaus,illumination,sift,1_4,4,0.5,845,837,4547
i_kurhaus,illumination,sift,1_4,4,0.55,1004,994,4547
i_kurhaus,illumination,sift,1_4,4,0.6,1186,1172,4547
i_kurhaus,illumination,sift,1_4,4,0.65,1340,1316,4547
i_kurhaus,illumination,sift,1_4,4,0.7,1489,1451,4547
i_kurhaus,illumination,sift,1_4,4,0.75,1655,1583,4547
i_kurhaus,illumination,sift,1_4,4,0.8,1836,1687,4547
i_kurhaus,illumination,sift,1_4,4,0.85,2129,1790,4547
i_kurhaus,illumination,sift,1_4,4,0.9,2789,1907,4547
i_kurhaus,illumination,sift,1_4,4,0.95,4542,2026,4547
i_kurhaus,illumination,sift,1_4,4,0.99,7889,2105,4547
i_kurhaus,illumination,sift,1_5,5,0.5,500,494,3972
i_kurhaus,illumination,sift,1_5,5,0.55,618,610,3972
i_kurhaus,illumination,sift,1_5,5,0.6,709,698,3972
i_kurhaus,illumination,sift,1_5,5,0.65,828,803,3972
i_kurhaus,illumination,sift,1_5,5,0.7,971,923,3972
i_kurhaus,illumination,sift,1_5,5,0.75,1129,1040,3972
i_kurhaus,illumination,sift,1_5,5,0.8,1324,1149,3972
i_kurhaus,illumination,sift,1_5,5,0.85,1634,1257,3972
i_kurhaus,illumination,sift,1_5,5,0.9,2365,1371,3972
i_kurhaus,illumination,sift,1_5,5,0.95,4140,1454,3972
i_kurhaus,illumination,sift,1_5,5,0.99,7766,1533,3972
i_kurhaus,illumination,sift,1_6,6,0.5,210,208,3539
i_kurhaus,illumination,sift,1_6,6,0.55,272,268,3539
i_kurhaus,illumination,sift,1_6,6,0.6,361,354,3539
i_kurhaus,illumination,sift,1_6,6,0.65,447,436,3539
i_kurhaus,illumination,sift,1_6,6,0.7,555,522,3539
i_kurhaus,illumination,sift,1_6,6,0.75,676,609,3539
i_kurhaus,illumination,sift,1_6,6,0.8,854,709,3539
i_kurhaus,illumination,sift,1_6,6,0.85,1160,793,3539
i_kurhaus,illumination,sift,1_6,6,0.9,1935,903,3539
i_kurhaus,illumination,sift,1_6,6,0.95,3892,996,3539
i_kurhaus,illumination,sift,1_6,6,0.99,7729,1062,3539
i_kurhaus,illumination,orb,1_2,2,0.5,814,810,1661
i_kurhaus,illumination,orb,1_2,2,0.55,880,874,1661
i_kurhaus,illumination,orb,1_2,2,0.6,939,930,1661
i_kurhaus,illumination,orb,1_2,2,0.65,1004,991,1661
i_kurhaus,illumination,orb,1_2,2,0.7,1045,1025,1661
i_kurhaus,illumination,orb,1_2,2,0.75,1103,1074,1661
i_kurhaus,illumination,orb,1_2,2,0.8,1181,1132,1661
i_kurhaus,illumination,orb,1_2,2,0.85,1274,1180,1661
i_kurhaus,illumination,orb,1_2,2,0.9,1395,1240,1661
i_kurhaus,illumination,orb,1_2,2,0.95,1591,1288,1661
i_kurhaus,illumination,orb,1_2,2,0.99,1926,1328,1661
i_kurhaus,illumination,orb,1_3,3,0.5,438,435,1484
i_kurhaus,illumination,orb,1_3,3,0.55,503,495,1484
i_kurhaus,illumination,orb,1_3,3,0.6,569,557,1484
i_kurhaus,illumination,orb,1_3,3,0.65,624,608,1484
i_kurhaus,illumination,orb,1_3,3,0.7,692,671,1484
i_kurhaus,illumination,orb,1_3,3,0.75,764,734,1484
i_kurhaus,illumination,orb,1_3,3,0.8,840,795,1484
i_kurhaus,illumination,orb,1_3,3,0.85,934,855,1484
i_kurhaus,illumination,orb,1_3,3,0.9,1088,910,1484
i_kurhaus,illumination,orb,1_3,3,0.95,1427,986,1484
i_kurhaus,illumination,orb,1_3,3,0.99,1891,1037,1484
i_kurhaus,illumination,orb,1_4,4,0.5,277,273,1426
i_kurhaus,illumination,orb,1_4,4,0.55,346,338,1426
i_kurhaus,illumination,orb,1_4,4,0.6,404,394,1426
i_kurhaus,illumination,orb,1_4,4,0.65,472,458,1426
i_kurhaus,illumination,orb,1_4,4,0.7,538,517,1426
i_kurhaus,illumination,orb,1_4,4,0.75,600,572,1426
i_kurhaus,illumination,orb,1_4,4,0.8,696,635,1426
i_kurhaus,illumination,orb,1_4,4,0.85,818,711,1426
i_kurhaus,illumination,orb,1_4,4,0.9,1003,796,1426
i_kurhaus,illumination,orb,1_4,4,0.95,1333,861,1426
i_kurhaus,illumination,orb,1_4,4,0.99,1866,932,1426
i_kurhaus,illumination,orb,1_5,5,0.5,155,154,1356
i_kurhaus,illumination,orb,1_5,5,0.55,203,199,1356
i_kurhaus,illumination,orb,1_5,5,0.6,250,241,1356
i_kurhaus,illumination,orb,1_5,5,0.65,310,294,1356
i_kurhaus,illumination,orb,1_5,5,0.7,366,346,1356
i_kurhaus,illumination,orb,1_5,5,0.75,434,400,1356
i_kurhaus,illumination,orb,1_5,5,0.8,524,465,1356
i_kurhaus,illumination,orb,1_5,5,0.85,652,545,1356
i_kurhaus,illumination,orb,1_5,5,0.9,834,614,1356
i_kurhaus,illumination,orb,1_5,5,0.95,1207,700,1356
i_kurhaus,illumination,orb,1_5,5,0.99,1813,762,1356
i_kurhaus,illumination,orb,1_6,6,0.5,104,103,1264
i_kurhaus,illumination,orb,1_6,6,0.55,132,130,1264
i_kurhaus,illumination,orb,1_6,6,0.6,179,172,1264
i_kurhaus,illumination,orb,1_6,6,0.65,213,199,1264
i_kurhaus,illumination,orb,1_6,6,0.7,268,249,1264
i_kurhaus,illumination,orb,1_6,6,0.75,338,305,1264
i_kurhaus,illumination,orb,1_6,6,0.8,414,360,1264
i_kurhaus,illumination,orb,1_6,6,0.85,552,428,1264
i_kurhaus,illumination,orb,1_6,6,0.9,757,494,1264
i_kurhaus,illumination,orb,1_6,6,0.95,1155,565,1264
i_kurhaus,illumination,orb,1_6,6,0.99,1822,625,1264
i_leuven,illumination,sift,1_2,2,0.5,539,530,793
i_leuven,illumination,sift,1_2,2,0.55,566,556,793
i_leuven,illumination,sift,1_2,2,0.6,588,575,793
i_leuven,illumination,sift,1_2,2,0.65,616,600,793
i_leuven,illumination,sift,1_2,2,0.7,631,613,793
i_leuven,illumination,sift,1_2,2,0.75,649,624,793
i_leuven,illumination,sift,1_2,2,0.8,672,633,793
i_leuven,illumination,sift,1_2,2,0.85,704,642,793
i_leuven,illumination,sift,1_2,2,0.9,727,644,793
i_leuven,illumination,sift,1_2,2,0.95,800,648,793
i_leuven,illumination,sift,1_2,2,0.99,953,656,793
i_leuven,illumination,sift,1_3,3,0.5,417,409,785
i_leuven,illumination,sift,1_3,3,0.55,454,444,785
i_leuven,illumination,sift,1_3,3,0.6,484,472,785
i_leuven,illumination,sift,1_3,3,0.65,514,498,785
i_leuven,illumination,sift,1_3,3,0.7,544,524,785
i_leuven,illumination,sift,1_3,3,0.75,571,545,785
i_leuven,illumination,sift,1_3,3,0.8,610,569,785
i_leuven,illumination,sift,1_3,3,0.85,642,583,785
i_leuven,illumination,sift,1_3,3,0.9,694,594,785
i_leuven,illumination,sift,1_3,3,0.95,801,598,785
i_leuven,illumination,sift,1_3,3,0.99,951,606,785
i_leuven,illumination,sift,1_4,4,0.5,214,206,672
i_leuven,illumination,sift,1_4,4,0.55,256,244,672
i_leuven,illumination,sift,1_4,4,0.6,296,281,672
i_leuven,illumination,sift,1_4,4,0.65,334,313,672
i_leuven,illumination,sift,1_4,4,0.7,365,337,672
i_leuven,illumination,sift,1_4,4,0.75,405,364,672
i_leuven,illumination,sift,1_4,4,0.8,443,388,672
i_leuven,illumination,sift,1_4,4,0.85,496,407,672
i_leuven,illumination,sift,1_4,4,0.9,588,424,672
i_leuven,illumination,sift,1_4,4,0.95,715,432,672
i_leuven,illumination,sift,1_4,4,0.99,932,445,672
i_leuven,illumination,sift,1_5,5,0.5,65,64,505
i_leuven,illumination,sift,1_5,5,0.55,89,85,505
i_leuven,illumination,sift,1_5,5,0.6,128,118,505
i_leuven,illumination,sift,1_5,5,0.65,153,142,505
i_leuven,illumination,sift,1_5,5,0.7,183,167,505
i_leuven,illumination,sift,1_5,5,0.75,215,187,505
i_leuven,illumination,sift,1_5,5,0.8,259,212,505
i_leuven,illumination,sift,1_5,5,0.85,329,230,505
i_leuven,illumination,sift,1_5,5,0.9,425,249,505
i_leuven,illumination,sift,1_5,5,0.95,611,268,505
i_leuven,illumination,sift,1_5,5,0.99,899,278,505
i_leuven,illumination,sift,1_6,6,0.5,11,8,323
i_leuven,illumination,sift,1_6,6,0.55,15,10,323
i_leuven,illumination,sift,1_6,6,0.6,20,13,323
i_leuven,illumination,sift,1_6,6,0.65,40,24,323
i_leuven,illumination,sift,1_6,6,0.7,55,31,323
i_leuven,illumination,sift,1_6,6,0.75,80,36,323
i_leuven,illumination,sift,1_6,6,0.8,112,47,323
i_leuven,illumination,sift,1_6,6,0.85,165,60,323
i_leuven,illumination,sift,1_6,6,0.9,264,66,323
i_leuven,illumination,sift,1_6,6,0.95,487,77,323
i_leuven,illumination,sift,1_6,6,0.99,862,83,323
i_leuven,illumination,orb,1_2,2,0.5,639,634,1675
i_leuven,illumination,orb,1_2,2,0.55,749,741,1675
i_leuven,illumination,orb,1_2,2,0.6,860,845,1675
i_leuven,illumination,orb,1_2,2,0.65,943,924,1675
i_leuven,illumination,orb,1_2,2,0.7,1023,996,1675
i_leuven,illumination,orb,1_2,2,0.75,1103,1070,1675
i_leuven,illumination,orb,1_2,2,0.8,1184,1135,1675
i_leuven,illumination,orb,1_2,2,0.85,1283,1211,1675
i_leuven,illumination,orb,1_2,2,0.9,1381,1268,1675
i_leuven,illumination,orb,1_2,2,0.95,1522,1338,1675
i_leuven,illumination,orb,1_2,2,0.99,1740,1402,1675
i_leuven,illumination,orb,1_3,3,0.5,442,436,1610
i_leuven,illumination,orb,1_3,3,0.55,563,553,1610
i_leuven,illumination,orb,1_3,3,0.6,656,642,1610
i_leuven,illumination,orb,1_3,3,0.65,763,740,1610
i_leuven,illumination,orb,1_3,3,0.7,837,803,1610
i_leuven,illumination,orb,1_3,3,0.75,928,881,1610
i_leuven,illumination,orb,1_3,3,0.8,1036,961,1610
i_leuven,illumination,orb,1_3,3,0.85,1130,1023,1610
i_leuven,illumination,orb,1_3,3,0.9,1263,1090,1610
i_leuven,illumination,orb,1_3,3,0.95,1467,1152,1610
i_leuven,illumination,orb,1_3,3,0.99,1719,1200,1610
i_leuven,illumination,orb,1_4,4,0.5,150,147,1293
i_leuven,illumination,orb,1_4,4,0.55,210,204,1293
i_leuven,illumination,orb,1_4,4,0.6,274,262,1293
i_leuven,illumination,orb,1_4,4,0.65,352,336,1293
i_leuven,illumination,orb,1_4,4,0.7,451,426,1293
i_leuven,illumination,orb,1_4,4,0.75,529,482,1293
i_leuven,illumination,orb,1_4,4,0.8,615,545,1293
i_leuven,illumination,orb,1_4,4,0.85,746,627,1293
i_leuven,illumination,orb,1_4,4,0.9,927,695,1293
i_leuven,illumination,orb,1_4,4,0.95,1222,762,1293
i_leuven,illumination,orb,1_4,4,0.99,1684,831,1293
i_leuven,illumination,orb,1_5,5,0.5,48,46,782
i_leuven,illumination,orb,1_5,5,0.55,73,70,782
i_leuven,illumination,orb,1_5,5,0.6,94,90,782
i_leuven,illumination,orb,1_5,5,0.65,133,123,782
i_leuven,illumination,orb,1_5,5,0.7,175,157,782
i_leuven,illumination,orb,1_5,5,0.75,229,198,782
i_leuven,illumination,orb,1_5,5,0.8,305,256,782
i_leuven,illumination,orb,1_5,5,0.85,402,294,782
i_leuven,illumination,orb,1_5,5,0.9,579,351,782
i_leuven,illumination,orb,1_5,5,0.95,967,389,782
i_leuven,illumination,orb,1_5,5,0.99,1621,449,782
i_leuven,illumination,orb,1_6,6,0.5,8,5,370
i_leuven,illumination,orb,1_6,6,0.55,12,8,370
i_leuven,illumination,orb,1_6,6,0.6,22,15,370
i_leuven,illumination,orb,1_6,6,0.65,33,23,370
i_leuven,illumination,orb,1_6,6,0.7,55,33,370
i_leuven,illumination,orb,1_6,6,0.75,81,41,370
i_leuven,illumination,orb,1_6,6,0.8,138,61,370
i_leuven,illumination,orb,1_6,6,0.85,219,73,370
i_leuven,illumination,orb,1_6,6,0.9,408,84,370
i_leuven,illumination,orb,1_6,6,0.95,825,99,370
i_leuven,illumination,orb,1_6,6,0.99,1588,119,370
i_lionday,illumination,sift,1_2,2,0.5,14,9,404
i_lionday,illumination,sift,1_2,2,0.55,21,15,404
i_lionday,illumination,sift,1_2,2,0.6,28,19,404
i_lionday,illumination,sift,1_2,2,0.65,39,25,404
i_lionday,illumination,sift,1_2,2,0.7,57,34,404
i_lionday,illumination,sift,1_2,2,0.75,78,41,404
i_lionday,illumination,sift,1_2,2,0.8,114,49,404
i_lionday,illumination,sift,1_2,2,0.85,186,58,404
i_lionday,illumination,sift,1_2,2,0.9,324,66,404
i_lionday,illumination,sift,1_2,2,0.95,676,77,404
i_lionday,illumination,sift,1_2,2,0.99,1153,86,404
i_lionday,illumination,sift,1_3,3,0.5,33,28,572
i_lionday,illumination,sift,1_3,3,0.55,44,35,572
i_lionday,illumination,sift,1_3,3,0.6,60,50,572
i_lionday,illumination,sift,1_3,3,0.65,72,61,572
i_lionday,illumination,sift,1_3,3,0.7,93,73,572
i_lionday,illumination,sift,1_3,3,0.75,132,96,572
i_lionday,illumination,sift,1_3,3,0.8,184,118,572
i_lionday,illumination,sift,1_3,3,0.85,258,132,572
i_lionday,illumination,sift,1_3,3,0.9,405,147,572
i_lionday,illumination,sift,1_3,3,0.95,716,161,572
i_lionday,illumination,sift,1_3,3,0.99,1173,186,572
i_lionday,illumination,sift,1_4,4,0.5,8,5,305
i_lionday,illumination,sift,1_4,4,0.55,20,11,305
i_lionday,illumination,sift,1_4,4,0.6,25,13,305
i_lionday,illumination,sift,1_4,4,0.65,30,15,305
i_lionday,illumination,sift,1_4,4,0.7,36,17,305
i_lionday,illumination,sift,1_4,4,0.75,47,21,305
i_lionday,illumination,sift,1_4,4,0.8,85,25,305
i_lionday,illumination,sift,1_4,4,0.85,169,32,305
i_lionday,illumination,sift,1_4,4,0.9,338,35,305
i_lionday,illumination,sift,1_4,4,0.95,659,38,305
i_lionday,illumination,sift,1_4,4,0.99,1183,44,305
i_lionday,illumination,sift,1_5,5,0.5,13,9,428
i_lionday,illumination,sift,1_5,5,0.55,18,13,428
i_lionday,illumination,sift,1_5,5,0.6,26,18,428
i_lionday,illumination,sift,1_5,5,0.65,36,23,428
i_lionday,illumination,sift,1_5,5,0.7,46,25,428
i_lionday,illumination,sift,1_5,5,0.75,73,33,428
i_lionday,illumination,sift,1_5,5,0.8,117,39,428
i_lionday,illumination,sift,1_5,5,0.85,195,49,428
i_lionday,illumination,sift,1_5,5,0.9,343,54,428
i_lionday,illumination,sift,1_5,5,0.95,677,61,428
i_lionday,illumination,sift,1_5,5,0.99,1189,65,428
i_lionday,illumination,sift,1_6,6,0.5,32,22,566
i_lionday,illumination,sift,1_6,6,0.55,44,32,566
i_lionday,illumination,sift,1_6,6,0.6,59,47,566
i_lionday,illumination,sift,1_6,6,0.65,78,62,566
i_lionday,illumination,sift,1_6,6,0.7,95,70,566
i_lionday,illumination,sift,1_6,6,0.75,119,78,566
i_lionday,illumination,sift,1_6,6,0.8,169,94,566
i_lionday,illumination,sift,1_6,6,0.85,246,115,566
i_lionday,illumination,sift,1_6,6,0.9,395,132,566
i_lionday,illumination,sift,1_6,6,0.95,679,144,566
i_lionday,illumination,sift,1_6,6,0.99,1169,159,566
i_lionday,illumination,orb,1_2,2,0.5,4,4,1173
i_lionday,illumination,orb,1_2,2,0.55,10,9,1173
i_lionday,illumination,orb,1_2,2,0.6,16,12,1173
i_lionday,illumination,orb,1_2,2,0.65,33,25,1173
i_lionday,illumination,orb,1_2,2,0.7,54,38,1173
i_lionday,illumination,orb,1_2,2,0.75,86,55,1173
i_lionday,illumination,orb,1_2,2,0.8,149,86,1173
i_lionday,illumination,orb,1_2,2,0.85,258,116,1173
i_lionday,illumination,orb,1_2,2,0.9,480,167,1173
i_lionday,illumination,orb,1_2,2,0.95,943,230,1173
i_lionday,illumination,orb,1_2,2,0.99,1741,283,1173
i_lionday,illumination,orb,1_3,3,0.5,12,9,1038
i_lionday,illumination,orb,1_3,3,0.55,30,23,1038
i_lionday,illumination,orb,1_3,3,0.6,41,32,1038
i_lionday,illumination,orb,1_3,3,0.65,69,53,1038
i_lionday,illumination,orb,1_3,3,0.7,108,82,1038
i_lionday,illumination,orb,1_3,3,0.75,164,112,1038
i_lionday,illumination,orb,1_3,3,0.8,233,150,1038
i_lionday,illumination,orb,1_3,3,0.85,354,204,1038
i_lionday,illumination,orb,1_3,3,0.9,553,255,1038
i_lionday,illumination,orb,1_3,3,0.95,968,311,1038
i_lionday,illumination,orb,1_3,3,0.99,1775,368,1038
i_lionday,illumination,orb,1_4,4,0.5,1,1,856
i_lionday,illumination,orb,1_4,4,0.55,3,3,856
i_lionday,illumination,orb,1_4,4,0.6,4,4,856
i_lionday,illumination,orb,1_4,4,0.65,7,6,856
i_lionday,illumination,orb,1_4,4,0.7,10,8,856
i_lionday,illumination,orb,1_4,4,0.75,20,15,856
i_lionday,illumination,orb,1_4,4,0.8,47,21,856
i_lionday,illumination,orb,1_4,4,0.85,127,31,856
i_lionday,illumination,orb,1_4,4,0.9,306,41,856
i_lionday,illumination,orb,1_4,4,0.95,791,55,856
i_lionday,illumination,orb,1_4,4,0.99,1719,78,856
i_lionday,illumination,orb,1_5,5,0.5,1,1,710
i_lionday,illumination,orb,1_5,5,0.55,7,7,710
i_lionday,illumination,orb,1_5,5,0.6,11,10,710
i_lionday,illumination,orb,1_5,5,0.65,18,17,710
i_lionday,illumination,orb,1_5,5,0.7,22,20,710
i_lionday,illumination,orb,1_5,5,0.75,45,27,710
i_lionday,illumination,orb,1_5,5,0.8,86,42,710
i_lionday,illumination,orb,1_5,5,0.85,160,53,710
i_lionday,illumination,orb,1_5,5,0.9,348,70,710
i_lionday,illumination,orb,1_5,5,0.95,815,96,710
i_lionday,illumination,orb,1_5,5,0.99,1727,124,710
i_lionday,illumination,orb,1_6,6,0.5,10,8,1072
i_lionday,illumination,orb,1_6,6,0.55,23,17,1072
i_lionday,illumination,orb,1_6,6,0.6,41,30,1072
i_lionday,illumination,orb,1_6,6,0.65,72,49,1072
i_lionday,illumination,orb,1_6,6,0.7,99,66,1072
i_lionday,illumination,orb,1_6,6,0.75,145,90,1072
i_lionday,illumination,orb,1_6,6,0.8,216,127,1072
i_lionday,illumination,orb,1_6,6,0.85,315,169,1072
i_lionday,illumination,orb,1_6,6,0.9,526,214,1072
i_lionday,illumination,orb,1_6,6,0.95,967,275,1072
i_lionday,illumination,orb,1_6,6,0.99,1779,316,1072
i_lionnight,illumination,sift,1_2,2,0.5,92,84,1828
i_lionnight,illumination,sift,1_2,2,0.55,121,109,1828
i_lionnight,illumination,sift,1_2,2,0.6,147,129,1828
i_lionnight,illumination,sift,1_2,2,0.65,178,153,1828
i_lionnight,illumination,sift,1_2,2,0.7,218,173,1828
i_lionnight,illumination,sift,1_2,2,0.75,281,206,1828
i_lionnight,illumination,sift,1_2,2,0.8,376,242,1828
i_lionnight,illumination,sift,1_2,2,0.85,555,284,1828
i_lionnight,illumination,sift,1_2,2,0.9,877,330,1828
i_lionnight,illumination,sift,1_2,2,0.95,1462,383,1828
i_lionnight,illumination,sift,1_2,2,0.99,2498,415,1828
i_lionnight,illumination,sift,1_3,3,0.5,36,27,1454
i_lionnight,illumination,sift,1_3,3,0.55,47,34,1454
i_lionnight,illumination,sift,1_3,3,0.6,60,41,1454
i_lionnight,illumination,sift,1_3,3,0.65,84,52,1454
i_lionnight,illumination,sift,1_3,3,0.7,118,64,1454
i_lionnight,illumination,sift,1_3,3,0.75,158,85,1454
i_lionnight,illumination,sift,1_3,3,0.8,240,114,1454
i_lionnight,illumination,sift,1_3,3,0.85,376,140,1454
i_lionnight,illumination,sift,1_3,3,0.9,698,169,1454
i_lionnight,illumination,sift,1_3,3,0.95,1300,192,1454
i_lionnight,illumination,sift,1_3,3,0.99,2437,215,1454
i_lionnight,illumination,sift,1_4,4,0.5,212,203,1956
i_lionnight,illumination,sift,1_4,4,0.55,263,250,1956
i_lionnight,illumination,sift,1_4,4,0.6,319,303,1956
i_lionnight,illumination,sift,1_4,4,0.65,378,344,1956
i_lionnight,illumination,sift,1_4,4,0.7,473,409,1956
i_lionnight,illumination,sift,1_4,4,0.75,585,463,1956
i_lionnight,illumination,sift,1_4,4,0.8,745,519,1956
i_lionnight,illumination,sift,1_4,4,0.85,988,573,1956
i_lionnight,illumination,sift,1_4,4,0.9,1354,616,1956
i_lionnight,illumination,sift,1_4,4,0.95,1915,672,1956
i_lionnight,illumination,sift,1_4,4,0.99,2649,717,1956
i_lionnight,illumination,sift,1_5,5,0.5,327,324,2002
i_lionnight,illumination,sift,1_5,5,0.55,364,356,2002
i_lionnight,illumination,sift,1_5,5,0.6,400,388,2002
i_lionnight,illumination,sift,1_5,5,0.65,452,429,2002
i_lionnight,illumination,sift,1_5,5,0.7,510,470,2002
i_lionnight,illumination,sift,1_5,5,0.75,568,498,2002
i_lionnight,illumination,sift,1_5,5,0.8,676,526,2002
i_lionnight,illumination,sift,1_5,5,0.85,843,561,2002
i_lionnight,illumination,sift,1_5,5,0.9,1145,587,2002
i_lionnight,illumination,sift,1_5,5,0.95,1710,620,2002
i_lionnight,illumination,sift,1_5,5,0.99,2582,647,2002
i_lionnight,illumination,sift,1_6,6,0.5,149,140,1785
i_lionnight,illumination,sift,1_6,6,0.55,192,180,1785
i_lionnight,illumination,sift,1_6,6,0.6,234,213,1785
i_lionnight,illumination,sift,1_6,6,0.65,281,247,1785
i_lionnight,illumination,sift,1_6,6,0.7,324,273,1785
i_lionnight,illumination,sift,1_6,6,0.75,407,309,1785
i_lionnight,illumination,sift,1_6,6,0.8,536,352,1785
i_lionnight,illumination,sift,1_6,6,0.85,697,394,1785
i_lionnight,illumination,sift,1_6,6,0.9,1003,435,1785
i_lionnight,illumination,sift,1_6,6,0.95,1633,471,1785
i_lionnight,illumination,sift,1_6,6,0.99,2582,502,1785
i_lionnight,illumination,orb,1_2,2,0.5,37,29,1663
i_lionnight,illumination,orb,1_2,2,0.55,60,39,1663
i_lionnight,illumination,orb,1_2,2,0.6,101,62,1663
i_lionnight,illumination,orb,1_2,2,0.65,138,75,1663
i_lionnight,illumination,orb,1_2,2,0.7,211,101,1663
i_lionnight,illumination,orb,1_2,2,0.75,297,119,1663
i_lionnight,illumination,orb,1_2,2,0.8,410,144,1663
i_lionnight,illumination,orb,1_2,2,0.85,576,168,1663
i_lionnight,illumination,orb,1_2,2,0.9,847,194,1663
i_lionnight,illumination,orb,1_2,2,0.95,1287,217,1663
i_lionnight,illumination,orb,1_2,2,0.99,1861,236,1663
i_lionnight,illumination,orb,1_3,3,0.5,24,21,1580
i_lionnight,illumination,orb,1_3,3,0.55,41,33,1580
i_lionnight,illumination,orb,1_3,3,0.6,58,41,1580
i_lionnight,illumination,orb,1_3,3,0.65,88,51,1580
i_lionnight,illumination,orb,1_3,3,0.7,133,65,1580
i_lionnight,illumination,orb,1_3,3,0.75,201,82,1580
i_lionnight,illumination,orb,1_3,3,0.8,301,106,1580
i_lionnight,illumination,orb,1_3,3,0.85,477,129,1580
i_lionnight,illumination,orb,1_3,3,0.9,779,159,1580
i_lionnight,illumination,orb,1_3,3,0.95,1244,201,1580
i_lionnight,illumination,orb,1_3,3,0.99,1819,234,1580
i_lionnight,illumination,orb,1_4,4,0.5,69,58,1545
i_lionnight,illumination,orb,1_4,4,0.55,97,77,1545
i_lionnight,illumination,orb,1_4,4,0.6,130,96,1545
i_lionnight,illumination,orb,1_4,4,0.65,188,117,1545
i_lionnight,illumination,orb,1_4,4,0.7,256,138,1545
i_lionnight,illumination,orb,1_4,4,0.75,362,167,1545
i_lionnight,illumination,orb,1_4,4,0.8,503,202,1545
i_lionnight,illumination,orb,1_4,4,0.85,679,233,1545
i_lionnight,illumination,orb,1_4,4,0.9,965,267,1545
i_lionnight,illumination,orb,1_4,4,0.95,1396,303,1545
i_lionnight,illumination,orb,1_4,4,0.99,1878,340,1545
i_lionnight,illumination,orb,1_5,5,0.5,59,45,1696
i_lionnight,illumination,orb,1_5,5,0.55,78,56,1696
i_lionnight,illumination,orb,1_5,5,0.6,100,61,1696
i_lionnight,illumination,orb,1_5,5,0.65,141,76,1696
i_lionnight,illumination,orb,1_5,5,0.7,194,84,1696
i_lionnight,illumination,orb,1_5,5,0.75,281,97,1696
i_lionnight,illumination,orb,1_5,5,0.8,400,114,1696
i_lionnight,illumination,orb,1_5,5,0.85,589,137,1696
i_lionnight,illumination,orb,1_5,5,0.9,849,162,1696
i_lionnight,illumination,orb,1_5,5,0.95,1306,183,1696
i_lionnight,illumination,orb,1_5,5,0.99,1864,217,1696
i_lionnight,illumination,orb,1_6,6,0.5,74,59,1649
i_lionnight,illumination,orb,1_6,6,0.55,89,70,1649
i_lionnight,illumination,orb,1_6,6,0.6,109,80,1649
i_lionnight,illumination,orb,1_6,6,0.65,148,96,1649
i_lionnight,illumination,orb,1_6,6,0.7,206,116,1649
i_lionnight,illumination,orb,1_6,6,0.75,281,127,1649
i_lionnight,illumination,orb,1_6,6,0.8,404,145,1649
i_lionnight,illumination,orb,1_6,6,0.85,598,173,1649
i_lionnight,illumination,orb,1_6,6,0.9,867,204,1649
i_lionnight,illumination,orb,1_6,6,0.95,1294,233,1649
i_lionnight,illumination,orb,1_6,6,0.99,1840,263,1649
i_londonbridge,illumination,sift,1_2,2,0.5,1187,91,1304
i_londonbridge,illumination,sift,1_2,2,0.55,1325,110,1304
i_londonbridge,illumination,sift,1_2,2,0.6,1446,129,1304
i_londonbridge,illumination,sift,1_2,2,0.65,1568,150,1304
i_londonbridge,illumination,sift,1_2,2,0.7,1685,159,1304
i_londonbridge,illumination,sift,1_2,2,0.75,1809,169,1304
i_londonbridge,illumination,sift,1_2,2,0.8,1956,182,1304
i_londonbridge,illumination,sift,1_2,2,0.85,2134,195,1304
i_londonbridge,illumination,sift,1_2,2,0.9,2438,211,1304
i_londonbridge,illumination,sift,1_2,2,0.95,2968,222,1304
i_londonbridge,illumination,sift,1_2,2,0.99,3748,227,1304
i_londonbridge,illumination,sift,1_3,3,0.5,414,235,2227
i_londonbridge,illumination,sift,1_3,3,0.55,557,300,2227
i_londonbridge,illumination,sift,1_3,3,0.6,692,373,2227
i_londonbridge,illumination,sift,1_3,3,0.65,815,439,2227
i_londonbridge,illumination,sift,1_3,3,0.7,956,503,2227
i_londonbridge,illumination,sift,1_3,3,0.75,1131,579,2227
i_londonbridge,illumination,sift,1_3,3,0.8,1325,647,2227
i_londonbridge,illumination,sift,1_3,3,0.85,1594,709,2227
i_londonbridge,illumination,sift,1_3,3,0.9,1954,754,2227
i_londonbridge,illumination,sift,1_3,3,0.95,2659,807,2227
i_londonbridge,illumination,sift,1_3,3,0.99,3679,848,2227
i_londonbridge,illumination,sift,1_4,4,0.5,375,110,1743
i_londonbridge,illumination,sift,1_4,4,0.55,479,129,1743
i_londonbridge,illumination,sift,1_4,4,0.6,589,148,1743
i_londonbridge,illumination,sift,1_4,4,0.65,729,173,1743
i_londonbridge,illumination,sift,1_4,4,0.7,874,198,1743
i_londonbridge,illumination,sift,1_4,4,0.75,989,216,1743
i_londonbridge,illumination,sift,1_4,4,0.8,1171,240,1743
i_londonbridge,illumination,sift,1_4,4,0.85,1400,256,1743
i_londonbridge,illumination,sift,1_4,4,0.9,1835,280,1743
i_londonbridge,illumination,sift,1_4,4,0.95,2595,304,1743
i_londonbridge,illumination,sift,1_4,4,0.99,3641,320,1743
i_londonbridge,illumination,sift,1_5,5,0.5,31,0,985
i_londonbridge,illumination,sift,1_5,5,0.55,53,0,985
i_londonbridge,illumination,sift,1_5,5,0.6,76,0,985
i_londonbridge,illumination,sift,1_5,5,0.65,112,0,985
i_londonbridge,illumination,sift,1_5,5,0.7,165,0,985
i_londonbridge,illumination,sift,1_5,5,0.75,232,0,985
i_londonbridge,illumination,sift,1_5,5,0.8,348,0,985
i_londonbridge,illumination,sift,1_5,5,0.85,576,0,985
i_londonbridge,illumination,sift,1_5,5,0.9,1004,0,985
i_londonbridge,illumination,sift,1_5,5,0.95,1964,1,985
i_londonbridge,illumination,sift,1_5,5,0.99,3504,1,985
i_londonbridge,illumination,sift,1_6,6,0.5,5,4,1831
i_londonbridge,illumination,sift,1_6,6,0.55,12,10,1831
i_londonbridge,illumination,sift,1_6,6,0.6,26,20,1831
i_londonbridge,illumination,sift,1_6,6,0.65,49,34,1831
i_londonbridge,illumination,sift,1_6,6,0.7,88,56,1831
i_londonbridge,illumination,sift,1_6,6,0.75,144,83,1831
i_londonbridge,illumination,sift,1_6,6,0.8,249,117,1831
i_londonbridge,illumination,sift,1_6,6,0.85,427,144,1831
i_londonbridge,illumination,sift,1_6,6,0.9,861,191,1831
i_londonbridge,illumination,sift,1_6,6,0.95,1843,240,1831
i_londonbridge,illumination,sift,1_6,6,0.99,3455,288,1831
i_londonbridge,illumination,orb,1_2,2,0.5,459,80,1223
i_londonbridge,illumination,orb,1_2,2,0.55,561,107,1223
i_londonbridge,illumination,orb,1_2,2,0.6,647,125,1223
i_londonbridge,illumination,orb,1_2,2,0.65,746,149,1223
i_londonbridge,illumination,orb,1_2,2,0.7,848,173,1223
i_londonbridge,illumination,orb,1_2,2,0.75,941,186,1223
i_londonbridge,illumination,orb,1_2,2,0.8,1059,210,1223
i_londonbridge,illumination,orb,1_2,2,0.85,1195,239,1223
i_londonbridge,illumination,orb,1_2,2,0.9,1379,266,1223
i_londonbridge,illumination,orb,1_2,2,0.95,1620,296,1223
i_londonbridge,illumination,orb,1_2,2,0.99,1906,318,1223
i_londonbridge,illumination,orb,1_3,3,0.5,82,35,991
i_londonbridge,illumination,orb,1_3,3,0.55,116,48,991
i_londonbridge,illumination,orb,1_3,3,0.6,167,69,991
i_londonbridge,illumination,orb,1_3,3,0.65,226,93,991
i_londonbridge,illumination,orb,1_3,3,0.7,292,114,991
i_londonbridge,illumination,orb,1_3,3,0.75,373,150,991
i_londonbridge,illumination,orb,1_3,3,0.8,461,178,991
i_londonbridge,illumination,orb,1_3,3,0.85,597,212,991
i_londonbridge,illumination,orb,1_3,3,0.9,818,247,991
i_londonbridge,illumination,orb,1_3,3,0.95,1242,291,991
i_londonbridge,illumination,orb,1_3,3,0.99,1858,324,991
i_londonbridge,illumination,orb,1_4,4,0.5,37,8,950
i_londonbridge,illumination,orb,1_4,4,0.55,58,11,950
i_londonbridge,illumination,orb,1_4,4,0.6,81,16,950
i_londonbridge,illumination,orb,1_4,4,0.65,123,28,950
i_londonbridge,illumination,orb,1_4,4,0.7,183,41,950
i_londonbridge,illumination,orb,1_4,4,0.75,243,57,950
i_londonbridge,illumination,orb,1_4,4,0.8,349,82,950
i_londonbridge,illumination,orb,1_4,4,0.85,494,104,950
i_londonbridge,illumination,orb,1_4,4,0.9,720,126,950
i_londonbridge,illumination,orb,1_4,4,0.95,1176,152,950
i_londonbridge,illumination,orb,1_4,4,0.99,1806,168,950
i_londonbridge,illumination,orb,1_5,5,0.5,9,0,404
i_londonbridge,illumination,orb,1_5,5,0.55,13,0,404
i_londonbridge,illumination,orb,1_5,5,0.6,16,0,404
i_londonbridge,illumination,orb,1_5,5,0.65,21,0,404
i_londonbridge,illumination,orb,1_5,5,0.7,29,0,404
i_londonbridge,illumination,orb,1_5,5,0.75,61,0,404
i_londonbridge,illumination,orb,1_5,5,0.8,116,0,404
i_londonbridge,illumination,orb,1_5,5,0.85,222,0,404
i_londonbridge,illumination,orb,1_5,5,0.9,441,1,404
i_londonbridge,illumination,orb,1_5,5,0.95,966,1,404
i_londonbridge,illumination,orb,1_5,5,0.99,1775,4,404
i_londonbridge,illumination,orb,1_6,6,0.5,0,0,341
i_londonbridge,illumination,orb,1_6,6,0.55,2,2,341
i_londonbridge,illumination,orb,1_6,6,0.6,8,6,341
i_londonbridge,illumination,orb,1_6,6,0.65,18,13,341
i_londonbridge,illumination,orb,1_6,6,0.7,24,14,341
i_londonbridge,illumination,orb,1_6,6,0.75,51,21,341
i_londonbridge,illumination,orb,1_6,6,0.8,90,28,341
i_londonbridge,illumination,orb,1_6,6,0.85,212,38,341
i_londonbridge,illumination,orb,1_6,6,0.9,454,49,341
i_londonbridge,illumination,orb,1_6,6,0.95,957,66,341
i_londonbridge,illumination,orb,1_6,6,0.99,1800,78,341
i_melon,illumination,sift,1_2,2,0.5,449,439,762
i_melon,illumination,sift,1_2,2,0.55,491,481,762
i_melon,illumination,sift,1_2,2,0.6,530,517,762
i_melon,illumination,sift,1_2,2,0.65,553,539,762
i_melon,illumination,sift,1_2,2,0.7,580,565,762
i_melon,illumination,sift,1_2,2,0.75,605,582,762
i_melon,illumination,sift,1_2,2,0.8,628,593,762
i_melon,illumination,sift,1_2,2,0.85,665,602,762
i_melon,illumination,sift,1_2,2,0.9,717,615,762
i_melon,illumination,sift,1_2,2,0.95,807,629,762
i_melon,illumination,sift,1_2,2,0.99,963,631,762
i_melon,illumination,sift,1_3,3,0.5,121,115,618
i_melon,illumination,sift,1_3,3,0.55,162,155,618
i_melon,illumination,sift,1_3,3,0.6,200,192,618
i_melon,illumination,sift,1_3,3,0.65,233,221,618
i_melon,illumination,sift,1_3,3,0.7,266,252,618
i_melon,illumination,sift,1_3,3,0.75,310,286,618
i_melon,illumination,sift,1_3,3,0.8,354,315,618
i_melon,illumination,sift,1_3,3,0.85,414,342,618
i_melon,illumination,sift,1_3,3,0.9,509,365,618
i_melon,illumination,sift,1_3,3,0.95,685,391,618
i_melon,illumination,sift,1_3,3,0.99,926,409,618
i_melon,illumination,sift,1_4,4,0.5,2,2,369
i_melon,illumination,sift,1_4,4,0.55,8,8,369
i_melon,illumination,sift,1_4,4,0.6,10,9,369
i_melon,illumination,sift,1_4,4,0.65,13,12,369
i_melon,illumination,sift,1_4,4,0.7,27,23,369
i_melon,illumination,sift,1_4,4,0.75,41,30,369
i_melon,illumination,sift,1_4,4,0.8,72,41,369
i_melon,illumination,sift,1_4,4,0.85,120,50,369
i_melon,illumination,sift,1_4,4,0.9,230,60,369
i_melon,illumination,sift,1_4,4,0.95,483,75,369
i_melon,illumination,sift,1_4,4,0.99,880,86,369
i_melon,illumination,sift,1_5,5,0.5,129,128,627
i_melon,illumination,sift,1_5,5,0.55,165,164,627
i_melon,illumination,sift,1_5,5,0.6,188,187,627
i_melon,illumination,sift,1_5,5,0.65,221,215,627
i_melon,illumination,sift,1_5,5,0.7,271,258,627
i_melon,illumination,sift,1_5,5,0.75,313,295,627
i_melon,illumination,sift,1_5,5,0.8,344,314,627
i_melon,illumination,sift,1_5,5,0.85,394,328,627
i_melon,illumination,sift,1_5,5,0.9,481,345,627
i_melon,illumination,sift,1_5,5,0.95,652,359,627
i_melon,illumination,sift,1_5,5,0.99,919,377,627
i_melon,illumination,sift,1_6,6,0.5,85,84,565
i_melon,illumination,sift,1_6,6,0.55,112,109,565
i_melon,illumination,sift,1_6,6,0.6,133,128,565
i_melon,illumination,sift,1_6,6,0.65,156,150,565
i_melon,illumination,sift,1_6,6,0.7,188,178,565
i_melon,illumination,sift,1_6,6,0.75,223,204,565
i_melon,illumination,sift,1_6,6,0.8,257,224,565
i_melon,illumination,sift,1_6,6,0.85,328,256,565
i_melon,illumination,sift,1_6,6,0.9,429,277,565
i_melon,illumination,sift,1_6,6,0.95,617,294,565
i_melon,illumination,sift,1_6,6,0.99,913,309,565
i_melon,illumination,orb,1_2,2,0.5,444,436,1730
i_melon,illumination,orb,1_2,2,0.55,567,556,1730
i_melon,illumination,orb,1_2,2,0.6,661,646,1730
i_melon,illumination,orb,1_2,2,0.65,752,730,1730
i_melon,illumination,orb,1_2,2,0.7,841,803,1730
i_melon,illumination,orb,1_2,2,0.75,935,885,1730
i_melon,illumination,orb,1_2,2,0.8,1053,971,1730
i_melon,illumination,orb,1_2,2,0.85,1195,1071,1730
i_melon,illumination,orb,1_2,2,0.9,1366,1158,1730
i_melon,illumination,orb,1_2,2,0.95,1602,1236,1730
i_melon,illumination,orb,1_2,2,0.99,1898,1294,1730
i_melon,illumination,orb,1_3,3,0.5,71,68,1524
i_melon,illumination,orb,1_3,3,0.55,115,110,1524
i_melon,illumination,orb,1_3,3,0.6,166,155,1524
i_melon,illumination,orb,1_3,3,0.65,238,219,1524
i_melon,illumination,orb,1_3,3,0.7,314,287,1524
i_melon,illumination,orb,1_3,3,0.75,405,360,1524
i_melon,illumination,orb,1_3,3,0.8,524,447,1524
i_melon,illumination,orb,1_3,3,0.85,668,530,1524
i_melon,illumination,orb,1_3,3,0.9,908,626,1524
i_melon,illumination,orb,1_3,3,0.95,1313,725,1524
i_melon,illumination,orb,1_3,3,0.99,1826,801,1524
i_melon,illumination,orb,1_4,4,0.5,5,4,1147
i_melon,illumination,orb,1_4,4,0.55,8,7,1147
i_melon,illumination,orb,1_4,4,0.6,11,8,1147
i_melon,illumination,orb,1_4,4,0.65,19,13,1147
i_melon,illumination,orb,1_4,4,0.7,39,25,1147
i_melon,illumination,orb,1_4,4,0.75,55,34,1147
i_melon,illumination,orb,1_4,4,0.8,102,55,1147
i_melon,illumination,orb,1_4,4,0.85,219,93,1147
i_melon,illumination,orb,1_4,4,0.9,476,132,1147
i_melon,illumination,orb,1_4,4,0.95,965,175,1147
i_melon,illumination,orb,1_4,4,0.99,1765,216,1147
i_melon,illumination,orb,1_5,5,0.5,102,97,1503
i_melon,illumination,orb,1_5,5,0.55,134,127,1503
i_melon,illumination,orb,1_5,5,0.6,178,169,1503
i_melon,illumination,orb,1_5,5,0.65,233,221,1503
i_melon,illumination,orb,1_5,5,0.7,302,281,1503
i_melon,illumination,orb,1_5,5,0.75,382,346,1503
i_melon,illumination,orb,1_5,5,0.8,480,418,1503
i_melon,illumination,orb,1_5,5,0.85,627,501,1503
i_melon,illumination,orb,1_5,5,0.9,867,589,1503
i_melon,illumination,orb,1_5,5,0.95,1269,685,1503
i_melon,illumination,orb,1_5,5,0.99,1848,758,1503
i_melon,illumination,orb,1_6,6,0.5,40,39,1436
i_melon,illumination,orb,1_6,6,0.55,63,61,1436
i_melon,illumination,orb,1_6,6,0.6,94,91,1436
i_melon,illumination,orb,1_6,6,0.65,141,135,1436
i_melon,illumination,orb,1_6,6,0.7,193,179,1436
i_melon,illumination,orb,1_6,6,0.75,266,238,1436
i_melon,illumination,orb,1_6,6,0.8,355,295,1436
i_melon,illumination,orb,1_6,6,0.85,495,372,1436
i_melon,illumination,orb,1_6,6,0.9,720,456,1436
i_melon,illumination,orb,1_6,6,0.95,1132,532,1436
i_melon,illumination,orb,1_6,6,0.99,1795,608,1436
i_miniature,illumination,sift,1_2,2,0.5,748,729,2583
i_miniature,illumination,sift,1_2,2,0.55,899,869,2583
i_miniature,illumination,sift,1_2,2,0.6,1053,1006,2583
i_miniature,illumination,sift,1_2,2,0.65,1203,1133,2583
i_miniature,illumination,sift,1_2,2,0.7,1333,1237,2583
i_miniature,illumination,sift,1_2,2,0.75,1453,1324,2583
i_miniature,illumination,sift,1_2,2,0.8,1613,1416,2583
i_miniature,illumination,sift,1_2,2,0.85,1845,1514,2583
i_miniature,illumination,sift,1_2,2,0.9,2183,1604,2583
i_miniature,illumination,sift,1_2,2,0.95,2698,1683,2583
i_miniature,illumination,sift,1_2,2,0.99,3485,1755,2583
i_miniature,illumination,sift,1_3,3,0.5,117,112,1896
i_miniature,illumination,sift,1_3,3,0.55,164,153,1896
i_miniature,illumination,sift,1_3,3,0.6,224,207,1896
i_miniature,illumination,sift,1_3,3,0.65,308,278,1896
i_miniature,illumination,sift,1_3,3,0.7,386,331,1896
i_miniature,illumination,sift,1_3,3,0.75,485,389,1896
i_miniature,illumination,sift,1_3,3,0.8,634,467,1896
i_miniature,illumination,sift,1_3,3,0.85,836,541,1896
i_miniature,illumination,sift,1_3,3,0.9,1232,623,1896
i_miniature,illumination,sift,1_3,3,0.95,2013,698,1896
i_miniature,illumination,sift,1_3,3,0.99,3262,768,1896
i_miniature,illumination,sift,1_4,4,0.5,19,19,1243
i_miniature,illumination,sift,1_4,4,0.55,29,28,1243
i_miniature,illumination,sift,1_4,4,0.6,40,36,1243
i_miniature,illumination,sift,1_4,4,0.65,58,49,1243
i_miniature,illumination,sift,1_4,4,0.7,95,72,1243
i_miniature,illumination,sift,1_4,4,0.75,141,93,1243
i_miniature,illumination,sift,1_4,4,0.8,237,129,1243
i_miniature,illumination,sift,1_4,4,0.85,415,149,1243
i_miniature,illumination,sift,1_4,4,0.9,799,183,1243
i_miniature,illumination,sift,1_4,4,0.95,1679,227,1243
i_miniature,illumination,sift,1_4,4,0.99,3165,264,1243
i_miniature,illumination,sift,1_5,5,0.5,14,13,700
i_miniature,illumination,sift,1_5,5,0.55,19,18,700
i_miniature,illumination,sift,1_5,5,0.6,25,21,700
i_miniature,illumination,sift,1_5,5,0.65,46,29,700
i_miniature,illumination,sift,1_5,5,0.7,67,38,700
i_miniature,illumination,sift,1_5,5,0.75,97,48,700
i_miniature,illumination,sift,1_5,5,0.8,158,57,700
i_miniature,illumination,sift,1_5,5,0.85,328,71,700
i_miniature,illumination,sift,1_5,5,0.9,697,83,700
i_miniature,illumination,sift,1_5,5,0.95,1581,98,700
i_miniature,illumination,sift,1_5,5,0.99,3186,112,700
i_miniature,illumination,sift,1_6,6,0.5,127,127,1933
i_miniature,illumination,sift,1_6,6,0.55,178,175,1933
i_miniature,illumination,sift,1_6,6,0.6,221,212,1933
i_miniature,illumination,sift,1_6,6,0.65,294,277,1933
i_miniature,illumination,sift,1_6,6,0.7,373,340,1933
i_miniature,illumination,sift,1_6,6,0.75,461,391,1933
i_miniature,illumination,sift,1_6,6,0.8,595,464,1933
i_miniature,illumination,sift,1_6,6,0.85,802,541,1933
i_miniature,illumination,sift,1_6,6,0.9,1167,619,1933
i_miniature,illumination,sift,1_6,6,0.95,2005,702,1933
i_miniature,illumination,sift,1_6,6,0.99,3309,765,1933
i_miniature,illumination,orb,1_2,2,0.5,306,301,1589
i_miniature,illumination,orb,1_2,2,0.55,388,377,1589
i_miniature,illumination,orb,1_2,2,0.6,459,442,1589
i_miniature,illumination,orb,1_2,2,0.65,540,511,1589
i_miniature,illumination,orb,1_2,2,0.7,616,572,1589
i_miniature,illumination,orb,1_2,2,0.75,721,654,1589
i_miniature,illumination,orb,1_2,2,0.8,827,720,1589
i_miniature,illumination,orb,1_2,2,0.85,967,795,1589
i_miniature,illumination,orb,1_2,2,0.9,1139,866,1589
i_miniature,illumination,orb,1_2,2,0.95,1439,940,1589
i_miniature,illumination,orb,1_2,2,0.99,1905,1002,1589
i_miniature,illumination,orb,1_3,3,0.5,25,25,1124
i_miniature,illumination,orb,1_3,3,0.55,42,42,1124
i_miniature,illumination,orb,1_3,3,0.6,63,61,1124
i_miniature,illumination,orb,1_3,3,0.65,91,84,1124
i_miniature,illumination,orb,1_3,3,0.7,112,102,1124
i_miniature,illumination,orb,1_3,3,0.75,147,131,1124
i_miniature,illumination,orb,1_3,3,0.8,215,165,1124
i_miniature,illumination,orb,1_3,3,0.85,320,206,1124
i_miniature,illumination,orb,1_3,3,0.9,547,258,1124
i_miniature,illumination,orb,1_3,3,0.95,1044,324,1124
i_miniature,illumination,orb,1_3,3,0.99,1804,366,1124
i_miniature,illumination,orb,1_4,4,0.5,1,1,624
i_miniature,illumination,orb,1_4,4,0.55,1,1,624
i_miniature,illumination,orb,1_4,4,0.6,7,6,624
i_miniature,illumination,orb,1_4,4,0.65,9,8,624
i_miniature,illumination,orb,1_4,4,0.7,15,13,624
i_miniature,illumination,orb,1_4,4,0.75,31,21,624
i_miniature,illumination,orb,1_4,4,0.8,69,27,624
i_miniature,illumination,orb,1_4,4,0.85,153,37,624
i_miniature,illumination,orb,1_4,4,0.9,363,46,624
i_miniature,illumination,orb,1_4,4,0.95,865,71,624
i_miniature,illumination,orb,1_4,4,0.99,1766,91,624
i_miniature,illumination,orb,1_5,5,0.5,1,1,289
i_miniature,illumination,orb,1_5,5,0.55,1,1,289
i_miniature,illumination,orb,1_5,5,0.6,1,1,289
i_miniature,illumination,orb,1_5,5,0.65,2,2,289
i_miniature,illumination,orb,1_5,5,0.7,4,2,289
i_miniature,illumination,orb,1_5,5,0.75,11,3,289
i_miniature,illumination,orb,1_5,5,0.8,31,3,289
i_miniature,illumination,orb,1_5,5,0.85,83,6,289
i_miniature,illumination,orb,1_5,5,0.9,258,13,289
i_miniature,illumination,orb,1_5,5,0.95,739,19,289
i_miniature,illumination,orb,1_5,5,0.99,1740,24,289
i_miniature,illumination,orb,1_6,6,0.5,25,25,1168
i_miniature,illumination,orb,1_6,6,0.55,44,44,1168
i_miniature,illumination,orb,1_6,6,0.6,64,62,1168
i_miniature,illumination,orb,1_6,6,0.65,88,86,1168
i_miniature,illumination,orb,1_6,6,0.7,128,111,1168
i_miniature,illumination,orb,1_6,6,0.75,174,141,1168
i_miniature,illumination,orb,1_6,6,0.8,261,189,1168
i_miniature,illumination,orb,1_6,6,0.85,400,244,1168
i_miniature,illumination,orb,1_6,6,0.9,633,304,1168
i_miniature,illumination,orb,1_6,6,0.95,1084,362,1168
i_miniature,illumination,orb,1_6,6,0.99,1813,403,1168
i_nescafe,illumination,sift,1_2,2,0.5,512,509,862
i_nescafe,illumination,sift,1_2,2,0.55,534,528,862
i_nescafe,illumination,sift,1_2,2,0.6,550,542,862
i_nescafe,illumination,sift,1_2,2,0.65,570,558,862
i_nescafe,illumination,sift,1_2,2,0.7,595,576,862
i_nescafe,illumination,sift,1_2,2,0.75,624,593,862
i_nescafe,illumination,sift,1_2,2,0.8,663,608,862
i_nescafe,illumination,sift,1_2,2,0.85,711,617,862
i_nescafe,illumination,sift,1_2,2,0.9,818,631,862
i_nescafe,illumination,sift,1_2,2,0.95,1057,646,862
i_nescafe,illumination,sift,1_2,2,0.99,1426,654,862
i_nescafe,illumination,sift,1_3,3,0.5,536,536,1010
i_nescafe,illumination,sift,1_3,3,0.55,558,556,1010
i_nescafe,illumination,sift,1_3,3,0.6,583,578,1010
i_nescafe,illumination,sift,1_3,3,0.65,608,600,1010
i_nescafe,illumination,sift,1_3,3,0.7,628,616,1010
i_nescafe,illumination,sift,1_3,3,0.75,659,637,1010
i_nescafe,illumination,sift,1_3,3,0.8,696,657,1010
i_nescafe,illumination,sift,1_3,3,0.85,766,678,1010
i_nescafe,illumination,sift,1_3,3,0.9,879,696,1010
i_nescafe,illumination,sift,1_3,3,0.95,1103,712,1010
i_nescafe,illumination,sift,1_3,3,0.99,1417,724,1010
i_nescafe,illumination,sift,1_4,4,0.5,595,586,1017
i_nescafe,illumination,sift,1_4,4,0.55,627,617,1017
i_nescafe,illumination,sift,1_4,4,0.6,651,634,1017
i_nescafe,illumination,sift,1_4,4,0.65,679,655,1017
i_nescafe,illumination,sift,1_4,4,0.7,715,682,1017
i_nescafe,illumination,sift,1_4,4,0.75,739,698,1017
i_nescafe,illumination,sift,1_4,4,0.8,782,717,1017
i_nescafe,illumination,sift,1_4,4,0.85,840,730,1017
i_nescafe,illumination,sift,1_4,4,0.9,949,746,1017
i_nescafe,illumination,sift,1_4,4,0.95,1147,753,1017
i_nescafe,illumination,sift,1_4,4,0.99,1434,763,1017
i_nescafe,illumination,sift,1_5,5,0.5,372,364,792
i_nescafe,illumination,sift,1_5,5,0.55,395,386,792
i_nescafe,illumination,sift,1_5,5,0.6,420,410,792
i_nescafe,illumination,sift,1_5,5,0.65,448,431,792
i_nescafe,illumination,sift,1_5,5,0.7,480,453,792
i_nescafe,illumination,sift,1_5,5,0.75,521,473,792
i_nescafe,illumination,sift,1_5,5,0.8,575,497,792
i_nescafe,illumination,sift,1_5,5,0.85,645,520,792
i_nescafe,illumination,sift,1_5,5,0.9,763,540,792
i_nescafe,illumination,sift,1_5,5,0.95,1032,564,792
i_nescafe,illumination,sift,1_5,5,0.99,1416,576,792
i_nescafe,illumination,sift,1_6,6,0.5,440,436,834
i_nescafe,illumination,sift,1_6,6,0.55,457,452,834
i_nescafe,illumination,sift,1_6,6,0.6,469,464,834
i_nescafe,illumination,sift,1_6,6,0.65,490,481,834
i_nescafe,illumination,sift,1_6,6,0.7,501,487,834
i_nescafe,illumination,sift,1_6,6,0.75,520,498,834
i_nescafe,illumination,sift,1_6,6,0.8,553,509,834
i_nescafe,illumination,sift,1_6,6,0.85,618,522,834
i_nescafe,illumination,sift,1_6,6,0.9,746,540,834
i_nescafe,illumination,sift,1_6,6,0.95,1014,550,834
i_nescafe,illumination,sift,1_6,6,0.99,1400,560,834
i_nescafe,illumination,orb,1_2,2,0.5,580,579,1640
i_nescafe,illumination,orb,1_2,2,0.55,621,618,1640
i_nescafe,illumination,orb,1_2,2,0.6,651,647,1640
i_nescafe,illumination,orb,1_2,2,0.65,693,683,1640
i_nescafe,illumination,orb,1_2,2,0.7,742,724,1640
i_nescafe,illumination,orb,1_2,2,0.75,785,759,1640
i_nescafe,illumination,orb,1_2,2,0.8,857,800,1640
i_nescafe,illumination,orb,1_2,2,0.85,972,857,1640
i_nescafe,illumination,orb,1_2,2,0.9,1119,901,1640
i_nescafe,illumination,orb,1_2,2,0.95,1427,960,1640
i_nescafe,illumination,orb,1_2,2,0.99,1890,1007,1640
i_nescafe,illumination,orb,1_3,3,0.5,509,506,1630
i_nescafe,illumination,orb,1_3,3,0.55,565,562,1630
i_nescafe,illumination,orb,1_3,3,0.6,625,620,1630
i_nescafe,illumination,orb,1_3,3,0.65,702,692,1630
i_nescafe,illumination,orb,1_3,3,0.7,747,729,1630
i_nescafe,illumination,orb,1_3,3,0.75,808,773,1630
i_nescafe,illumination,orb,1_3,3,0.8,882,819,1630
i_nescafe,illumination,orb,1_3,3,0.85,999,879,1630
i_nescafe,illumination,orb,1_3,3,0.9,1157,938,1630
i_nescafe,illumination,orb,1_3,3,0.95,1441,1006,1630
i_nescafe,illumination,orb,1_3,3,0.99,1904,1078,1630
i_nescafe,illumination,orb,1_4,4,0.5,728,726,1641
i_nescafe,illumination,orb,1_4,4,0.55,769,767,1641
i_nescafe,illumination,orb,1_4,4,0.6,810,806,1641
i_nescafe,illumination,orb,1_4,4,0.65,867,860,1641
i_nescafe,illumination,orb,1_4,4,0.7,918,905,1641
i_nescafe,illumination,orb,1_4,4,0.75,978,951,1641
i_nescafe,illumination,orb,1_4,4,0.8,1039,994,1641
i_nescafe,illumination,orb,1_4,4,0.85,1148,1068,1641
i_nescafe,illumination,orb,1_4,4,0.9,1288,1118,1641
i_nescafe,illumination,orb,1_4,4,0.95,1516,1160,1641
i_nescafe,illumination,orb,1_4,4,0.99,1897,1193,1641
i_nescafe,illumination,orb,1_5,5,0.5,464,463,1421
i_nescafe,illumination,orb,1_5,5,0.55,515,512,1421
i_nescafe,illumination,orb,1_5,5,0.6,569,564,1421
i_nescafe,illumination,orb,1_5,5,0.65,600,593,1421
i_nescafe,illumination,orb,1_5,5,0.7,655,640,1421
i_nescafe,illumination,orb,1_5,5,0.75,705,674,1421
i_nescafe,illumination,orb,1_5,5,0.8,772,720,1421
i_nescafe,illumination,orb,1_5,5,0.85,869,766,1421
i_nescafe,illumination,orb,1_5,5,0.9,1042,809,1421
i_nescafe,illumination,orb,1_5,5,0.95,1361,861,1421
i_nescafe,illumination,orb,1_5,5,0.99,1856,904,1421
i_nescafe,illumination,orb,1_6,6,0.5,349,348,1494
i_nescafe,illumination,orb,1_6,6,0.55,383,381,1494
i_nescafe,illumination,orb,1_6,6,0.6,414,410,1494
i_nescafe,illumination,orb,1_6,6,0.65,450,445,1494
i_nescafe,illumination,orb,1_6,6,0.7,477,466,1494
i_nescafe,illumination,orb,1_6,6,0.75,510,483,1494
i_nescafe,illumination,orb,1_6,6,0.8,563,512,1494
i_nescafe,illumination,orb,1_6,6,0.85,663,549,1494
i_nescafe,illumination,orb,1_6,6,0.9,853,595,1494
i_nescafe,illumination,orb,1_6,6,0.95,1227,646,1494
i_nescafe,illumination,orb,1_6,6,0.99,1851,694,1494
i_nijmegen,illumination,sift,1_2,2,0.5,415,381,2422
i_nijmegen,illumination,sift,1_2,2,0.55,539,483,2422
i_nijmegen,illumination,sift,1_2,2,0.6,666,587,2422
i_nijmegen,illumination,sift,1_2,2,0.65,797,690,2422
i_nijmegen,illumination,sift,1_2,2,0.7,928,770,2422
i_nijmegen,illumination,sift,1_2,2,0.75,1071,840,2422
i_nijmegen,illumination,sift,1_2,2,0.8,1261,924,2422
i_nijmegen,illumination,sift,1_2,2,0.85,1551,997,2422
i_nijmegen,illumination,sift,1_2,2,0.9,2139,1063,2422
i_nijmegen,illumination,sift,1_2,2,0.95,3522,1123,2422
i_nijmegen,illumination,sift,1_2,2,0.99,5913,1166,2422
i_nijmegen,illumination,sift,1_3,3,0.5,693,656,3245
i_nijmegen,illumination,sift,1_3,3,0.55,847,789,3245
i_nijmegen,illumination,sift,1_3,3,0.6,1019,935,3245
i_nijmegen,illumination,sift,1_3,3,0.65,1175,1061,3245
i_nijmegen,illumination,sift,1_3,3,0.7,1323,1171,3245
i_nijmegen,illumination,sift,1_3,3,0.75,1488,1279,3245
i_nijmegen,illumination,sift,1_3,3,0.8,1713,1401,3245
i_nijmegen,illumination,sift,1_3,3,0.85,2039,1494,3245
i_nijmegen,illumination,sift,1_3,3,0.9,2588,1597,3245
i_nijmegen,illumination,sift,1_3,3,0.95,3843,1667,3245
i_nijmegen,illumination,sift,1_3,3,0.99,6021,1719,3245
i_nijmegen,illumination,sift,1_4,4,0.5,13,12,806
i_nijmegen,illumination,sift,1_4,4,0.55,18,15,806
i_nijmegen,illumination,sift,1_4,4,0.6,34,25,806
i_nijmegen,illumination,sift,1_4,4,0.65,46,29,806
i_nijmegen,illumination,sift,1_4,4,0.7,87,43,806
i_nijmegen,illumination,sift,1_4,4,0.75,160,59,806
i_nijmegen,illumination,sift,1_4,4,0.8,282,71,806
i_nijmegen,illumination,sift,1_4,4,0.85,556,92,806
i_nijmegen,illumination,sift,1_4,4,0.9,1232,117,806
i_nijmegen,illumination,sift,1_4,4,0.95,2798,141,806
i_nijmegen,illumination,sift,1_4,4,0.99,5692,156,806
i_nijmegen,illumination,sift,1_5,5,0.5,573,529,2728
i_nijmegen,illumination,sift,1_5,5,0.55,710,652,2728
i_nijmegen,illumination,sift,1_5,5,0.6,855,774,2728
i_nijmegen,illumination,sift,1_5,5,0.65,1005,890,2728
i_nijmegen,illumination,sift,1_5,5,0.7,1146,994,2728
i_nijmegen,illumination,sift,1_5,5,0.75,1312,1090,2728
i_nijmegen,illumination,sift,1_5,5,0.8,1506,1181,2728
i_nijmegen,illumination,sift,1_5,5,0.85,1809,1262,2728
i_nijmegen,illumination,sift,1_5,5,0.9,2384,1325,2728
i_nijmegen,illumination,sift,1_5,5,0.95,3647,1394,2728
i_nijmegen,illumination,sift,1_5,5,0.99,5942,1450,2728
i_nijmegen,illumination,sift,1_6,6,0.5,287,275,2390
i_nijmegen,illumination,sift,1_6,6,0.55,390,366,2390
i_nijmegen,illumination,sift,1_6,6,0.6,489,451,2390
i_nijmegen,illumination,sift,1_6,6,0.65,594,533,2390
i_nijmegen,illumination,sift,1_6,6,0.7,734,636,2390
i_nijmegen,illumination,sift,1_6,6,0.75,867,706,2390
i_nijmegen,illumination,sift,1_6,6,0.8,1068,801,2390
i_nijmegen,illumination,sift,1_6,6,0.85,1368,874,2390
i_nijmegen,illumination,sift,1_6,6,0.9,1962,947,2390
i_nijmegen,illumination,sift,1_6,6,0.95,3416,1026,2390
i_nijmegen,illumination,sift,1_6,6,0.99,5867,1083,2390
i_nijmegen,illumination,orb,1_2,2,0.5,48,45,901
i_nijmegen,illumination,orb,1_2,2,0.55,71,65,901
i_nijmegen,illumination,orb,1_2,2,0.6,90,77,901
i_nijmegen,illumination,orb,1_2,2,0.65,130,108,901
i_nijmegen,illumination,orb,1_2,2,0.7,168,133,901
i_nijmegen,illumination,orb,1_2,2,0.75,217,168,901
i_nijmegen,illumination,orb,1_2,2,0.8,293,202,901
i_nijmegen,illumination,orb,1_2,2,0.85,396,241,901
i_nijmegen,illumination,orb,1_2,2,0.9,598,274,901
i_nijmegen,illumination,orb,1_2,2,0.95,1043,323,901
i_nijmegen,illumination,orb,1_2,2,0.99,1825,363,901
i_nijmegen,illumination,orb,1_3,3,0.5,95,81,1208
i_nijmegen,illumination,orb,1_3,3,0.55,148,125,1208
i_nijmegen,illumination,orb,1_3,3,0.6,189,158,1208
i_nijmegen,illumination,orb,1_3,3,0.65,253,208,1208
i_nijmegen,illumination,orb,1_3,3,0.7,324,260,1208
i_nijmegen,illumination,orb,1_3,3,0.75,396,305,1208
i_nijmegen,illumination,orb,1_3,3,0.8,485,351,1208
i_nijmegen,illumination,orb,1_3,3,0.85,617,404,1208
i_nijmegen,illumination,orb,1_3,3,0.9,842,473,1208
i_nijmegen,illumination,orb,1_3,3,0.95,1239,538,1208
i_nijmegen,illumination,orb,1_3,3,0.99,1842,590,1208
i_nijmegen,illumination,orb,1_4,4,0.5,1,1,317
i_nijmegen,illumination,orb,1_4,4,0.55,1,1,317
i_nijmegen,illumination,orb,1_4,4,0.6,4,4,317
i_nijmegen,illumination,orb,1_4,4,0.65,15,12,317
i_nijmegen,illumination,orb,1_4,4,0.7,23,18,317
i_nijmegen,illumination,orb,1_4,4,0.75,34,25,317
i_nijmegen,illumination,orb,1_4,4,0.8,63,34,317
i_nijmegen,illumination,orb,1_4,4,0.85,131,40,317
i_nijmegen,illumination,orb,1_4,4,0.9,319,54,317
i_nijmegen,illumination,orb,1_4,4,0.95,823,69,317
i_nijmegen,illumination,orb,1_4,4,0.99,1771,84,317
i_nijmegen,illumination,orb,1_5,5,0.5,105,93,1225
i_nijmegen,illumination,orb,1_5,5,0.55,153,133,1225
i_nijmegen,illumination,orb,1_5,5,0.6,183,159,1225
i_nijmegen,illumination,orb,1_5,5,0.65,243,204,1225
i_nijmegen,illumination,orb,1_5,5,0.7,300,247,1225
i_nijmegen,illumination,orb,1_5,5,0.75,382,303,1225
i_nijmegen,illumination,orb,1_5,5,0.8,466,358,1225
i_nijmegen,illumination,orb,1_5,5,0.85,602,419,1225
i_nijmegen,illumination,orb,1_5,5,0.9,821,488,1225
i_nijmegen,illumination,orb,1_5,5,0.95,1185,548,1225
i_nijmegen,illumination,orb,1_5,5,0.99,1843,607,1225
i_nijmegen,illumination,orb,1_6,6,0.5,55,47,1083
i_nijmegen,illumination,orb,1_6,6,0.55,88,74,1083
i_nijmegen,illumination,orb,1_6,6,0.6,121,103,1083
i_nijmegen,illumination,orb,1_6,6,0.65,162,135,1083
i_nijmegen,illumination,orb,1_6,6,0.7,216,177,1083
i_nijmegen,illumination,orb,1_6,6,0.75,278,219,1083
i_nijmegen,illumination,orb,1_6,6,0.8,369,277,1083
i_nijmegen,illumination,orb,1_6,6,0.85,499,334,1083
i_nijmegen,illumination,orb,1_6,6,0.9,700,378,1083
i_nijmegen,illumination,orb,1_6,6,0.95,1104,437,1083
i_nijmegen,illumination,orb,1_6,6,0.99,1823,498,1083
i_nuts,illumination,sift,1_2,2,0.5,40,37,187
i_nuts,illumination,sift,1_2,2,0.55,55,49,187
i_nuts,illumination,sift,1_2,2,0.6,67,57,187
i_nuts,illumination,sift,1_2,2,0.65,79,66,187
i_nuts,illumination,sift,1_2,2,0.7,94,76,187
i_nuts,illumination,sift,1_2,2,0.75,113,86,187
i_nuts,illumination,sift,1_2,2,0.8,130,93,187
i_nuts,illumination,sift,1_2,2,0.85,154,101,187
i_nuts,illumination,sift,1_2,2,0.9,204,112,187
i_nuts,illumination,sift,1_2,2,0.95,299,115,187
i_nuts,illumination,sift,1_2,2,0.99,421,118,187
i_nuts,illumination,sift,1_3,3,0.5,6,5,138
i_nuts,illumination,sift,1_3,3,0.55,10,9,138
i_nuts,illumination,sift,1_3,3,0.6,15,14,138
i_nuts,illumination,sift,1_3,3,0.65,19,17,138
i_nuts,illumination,sift,1_3,3,0.7,26,23,138
i_nuts,illumination,sift,1_3,3,0.75,34,24,138
i_nuts,illumination,sift,1_3,3,0.8,53,31,138
i_nuts,illumination,sift,1_3,3,0.85,74,35,138
i_nuts,illumination,sift,1_3,3,0.9,123,39,138
i_nuts,illumination,sift,1_3,3,0.95,231,47,138
i_nuts,illumination,sift,1_3,3,0.99,401,51,138
i_nuts,illumination,sift,1_4,4,0.5,1,1,115
i_nuts,illumination,sift,1_4,4,0.55,1,1,115
i_nuts,illumination,sift,1_4,4,0.6,2,2,115
i_nuts,illumination,sift,1_4,4,0.65,2,2,115
i_nuts,illumination,sift,1_4,4,0.7,4,3,115
i_nuts,illumination,sift,1_4,4,0.75,10,5,115
i_nuts,illumination,sift,1_4,4,0.8,21,10,115
i_nuts,illumination,sift,1_4,4,0.85,45,14,115
i_nuts,illumination,sift,1_4,4,0.9,106,16,115
i_nuts,illumination,sift,1_4,4,0.95,228,21,115
i_nuts,illumination,sift,1_4,4,0.99,401,24,115
i_nuts,illumination,sift,1_5,5,0.5,0,0,95
i_nuts,illumination,sift,1_5,5,0.55,0,0,95
i_nuts,illumination,sift,1_5,5,0.6,1,0,95
i_nuts,illumination,sift,1_5,5,0.65,5,1,95
i_nuts,illumination,sift,1_5,5,0.7,8,1,95
i_nuts,illumination,sift,1_5,5,0.75,14,2,95
i_nuts,illumination,sift,1_5,5,0.8,25,2,95
i_nuts,illumination,sift,1_5,5,0.85,41,3,95
i_nuts,illumination,sift,1_5,5,0.9,92,4,95
i_nuts,illumination,sift,1_5,5,0.95,203,4,95
i_nuts,illumination,sift,1_5,5,0.99,384,6,95
i_nuts,illumination,sift,1_6,6,0.5,0,0,88
i_nuts,illumination,sift,1_6,6,0.55,0,0,88
i_nuts,illumination,sift,1_6,6,0.6,0,0,88
i_nuts,illumination,sift,1_6,6,0.65,0,0,88
i_nuts,illumination,sift,1_6,6,0.7,1,0,88
i_nuts,illumination,sift,1_6,6,0.75,5,1,88
i_nuts,illumination,sift,1_6,6,0.8,12,1,88
i_nuts,illumination,sift,1_6,6,0.85,35,2,88
i_nuts,illumination,sift,1_6,6,0.9,89,6,88
i_nuts,illumination,sift,1_6,6,0.95,189,7,88
i_nuts,illumination,sift,1_6,6,0.99,388,7,88
i_nuts,illumination,orb,1_2,2,0.5,27,25,528
i_nuts,illumination,orb,1_2,2,0.55,40,37,528
i_nuts,illumination,orb,1_2,2,0.6,49,46,528
i_nuts,illumination,orb,1_2,2,0.65,64,57,528
i_nuts,illumination,orb,1_2,2,0.7,86,71,528
i_nuts,illumination,orb,1_2,2,0.75,124,96,528
i_nuts,illumination,orb,1_2,2,0.8,179,118,528
i_nuts,illumination,orb,1_2,2,0.85,258,146,528
i_nuts,illumination,orb,1_2,2,0.9,381,170,528
i_nuts,illumination,orb,1_2,2,0.95,613,200,528
i_nuts,illumination,orb,1_2,2,0.99,937,224,528
i_nuts,illumination,orb,1_3,3,0.5,0,0,410
i_nuts,illumination,orb,1_3,3,0.55,0,0,410
i_nuts,illumination,orb,1_3,3,0.6,0,0,410
i_nuts,illumination,orb,1_3,3,0.65,2,1,410
i_nuts,illumination,orb,1_3,3,0.7,8,4,410
i_nuts,illumination,orb,1_3,3,0.75,16,7,410
i_nuts,illumination,orb,1_3,3,0.8,53,16,410
i_nuts,illumination,orb,1_3,3,0.85,113,24,410
i_nuts,illumination,orb,1_3,3,0.9,247,36,410
i_nuts,illumination,orb,1_3,3,0.95,509,46,410
i_nuts,illumination,orb,1_3,3,0.99,926,61,410
i_nuts,illumination,orb,1_4,4,0.5,0,0,338
i_nuts,illumination,orb,1_4,4,0.55,0,0,338
i_nuts,illumination,orb,1_4,4,0.6,1,0,338
i_nuts,illumination,orb,1_4,4,0.65,3,0,338
i_nuts,illumination,orb,1_4,4,0.7,4,0,338
i_nuts,illumination,orb,1_4,4,0.75,13,0,338
i_nuts,illumination,orb,1_4,4,0.8,31,0,338
i_nuts,illumination,orb,1_4,4,0.85,79,3,338
i_nuts,illumination,orb,1_4,4,0.9,207,8,338
i_nuts,illumination,orb,1_4,4,0.95,459,9,338
i_nuts,illumination,orb,1_4,4,0.99,911,16,338
i_nuts,illumination,orb,1_5,5,0.5,0,0,283
i_nuts,illumination,orb,1_5,5,0.55,0,0,283
i_nuts,illumination,orb,1_5,5,0.6,0,0,283
i_nuts,illumination,orb,1_5,5,0.65,0,0,283
i_nuts,illumination,orb,1_5,5,0.7,1,0,283
i_nuts,illumination,orb,1_5,5,0.75,7,0,283
i_nuts,illumination,orb,1_5,5,0.8,22,0,283
i_nuts,illumination,orb,1_5,5,0.85,67,0,283
i_nuts,illumination,orb,1_5,5,0.9,187,0,283
i_nuts,illumination,orb,1_5,5,0.95,462,2,283
i_nuts,illumination,orb,1_5,5,0.99,916,6,283
i_nuts,illumination,orb,1_6,6,0.5,0,0,259
i_nuts,illumination,orb,1_6,6,0.55,0,0,259
i_nuts,illumination,orb,1_6,6,0.6,0,0,259
i_nuts,illumination,orb,1_6,6,0.65,0,0,259
i_nuts,illumination,orb,1_6,6,0.7,5,0,259
i_nuts,illumination,orb,1_6,6,0.75,15,0,259
i_nuts,illumination,orb,1_6,6,0.8,39,0,259
i_nuts,illumination,orb,1_6,6,0.85,92,1,259
i_nuts,illumination,orb,1_6,6,0.9,214,3,259
i_nuts,illumination,orb,1_6,6,0.95,496,4,259
i_nuts,illumination,orb,1_6,6,0.99,919,4,259
i_objects,illumination,sift,1_2,2,0.5,562,534,4069
i_objects,illumination,sift,1_2,2,0.55,702,666,4069
i_objects,illumination,sift,1_2,2,0.6,852,803,4069
i_objects,illumination,sift,1_2,2,0.65,1021,945,4069
i_objects,illumination,sift,1_2,2,0.7,1158,1048,4069
i_objects,illumination,sift,1_2,2,0.75,1333,1161,4069
i_objects,illumination,sift,1_2,2,0.8,1574,1300,4069
i_objects,illumination,sift,1_2,2,0.85,1951,1422,4069
i_objects,illumination,sift,1_2,2,0.9,2604,1531,4069
i_objects,illumination,sift,1_2,2,0.95,4120,1646,4069
i_objects,illumination,sift,1_2,2,0.99,6543,1732,4069
i_objects,illumination,sift,1_3,3,0.5,407,392,3859
i_objects,illumination,sift,1_3,3,0.55,509,489,3859
i_objects,illumination,sift,1_3,3,0.6,600,569,3859
i_objects,illumination,sift,1_3,3,0.65,711,662,3859
i_objects,illumination,sift,1_3,3,0.7,846,768,3859
i_objects,illumination,sift,1_3,3,0.75,983,863,3859
i_objects,illumination,sift,1_3,3,0.8,1180,978,3859
i_objects,illumination,sift,1_3,3,0.85,1538,1074,3859
i_objects,illumination,sift,1_3,3,0.9,2190,1149,3859
i_objects,illumination,sift,1_3,3,0.95,3740,1252,3859
i_objects,illumination,sift,1_3,3,0.99,6422,1326,3859
i_objects,illumination,sift,1_4,4,0.5,244,241,3433
i_objects,illumination,sift,1_4,4,0.55,274,268,3433
i_objects,illumination,sift,1_4,4,0.6,316,305,3433
i_objects,illumination,sift,1_4,4,0.65,364,341,3433
i_objects,illumination,sift,1_4,4,0.7,410,369,3433
i_objects,illumination,sift,1_4,4,0.75,505,417,3433
i_objects,illumination,sift,1_4,4,0.8,651,470,3433
i_objects,illumination,sift,1_4,4,0.85,947,517,3433
i_objects,illumination,sift,1_4,4,0.9,1614,585,3433
i_objects,illumination,sift,1_4,4,0.95,3181,669,3433
i_objects,illumination,sift,1_4,4,0.99,6257,722,3433
i_objects,illumination,sift,1_5,5,0.5,255,251,3275
i_objects,illumination,sift,1_5,5,0.55,306,300,3275
i_objects,illumination,sift,1_5,5,0.6,363,349,3275
i_objects,illumination,sift,1_5,5,0.65,419,397,3275
i_objects,illumination,sift,1_5,5,0.7,499,451,3275
i_objects,illumination,sift,1_5,5,0.75,597,502,3275
i_objects,illumination,sift,1_5,5,0.8,775,571,3275
i_objects,illumination,sift,1_5,5,0.85,1054,627,3275
i_objects,illumination,sift,1_5,5,0.9,1734,690,3275
i_objects,illumination,sift,1_5,5,0.95,3403,759,3275
i_objects,illumination,sift,1_5,5,0.99,6321,811,3275
i_objects,illumination,sift,1_6,6,0.5,1498,1468,4700
i_objects,illumination,sift,1_6,6,0.55,1696,1656,4700
i_objects,illumination,sift,1_6,6,0.6,1881,1831,4700
i_objects,illumination,sift,1_6,6,0.65,2071,2007,4700
i_objects,illumination,sift,1_6,6,0.7,2243,2149,4700
i_objects,illumination,sift,1_6,6,0.75,2439,2303,4700
i_objects,illumination,sift,1_6,6,0.8,2685,2454,4700
i_objects,illumination,sift,1_6,6,0.85,2993,2581,4700
i_objects,illumination,sift,1_6,6,0.9,3585,2710,4700
i_objects,illumination,sift,1_6,6,0.95,4722,2816,4700
i_objects,illumination,sift,1_6,6,0.99,6705,2907,4700
i_objects,illumination,orb,1_2,2,0.5,39,39,1111
i_objects,illumination,orb,1_2,2,0.55,65,63,1111
i_objects,illumination,orb,1_2,2,0.6,90,87,1111
i_objects,illumination,orb,1_2,2,0.65,128,121,1111
i_objects,illumination,orb,1_2,2,0.7,181,161,1111
i_objects,illumination,orb,1_2,2,0.75,238,198,1111
i_objects,illumination,orb,1_2,2,0.8,313,239,1111
i_objects,illumination,orb,1_2,2,0.85,446,298,1111
i_objects,illumination,orb,1_2,2,0.9,659,347,1111
i_objects,illumination,orb,1_2,2,0.95,1098,428,1111
i_objects,illumination,orb,1_2,2,0.99,1841,498,1111
i_objects,illumination,orb,1_3,3,0.5,14,14,917
i_objects,illumination,orb,1_3,3,0.55,22,19,917
i_objects,illumination,orb,1_3,3,0.6,28,24,917
i_objects,illumination,orb,1_3,3,0.65,38,33,917
i_objects,illumination,orb,1_3,3,0.7,53,45,917
i_objects,illumination,orb,1_3,3,0.75,84,63,917
i_objects,illumination,orb,1_3,3,0.8,133,86,917
i_objects,illumination,orb,1_3,3,0.85,245,112,917
i_objects,illumination,orb,1_3,3,0.9,473,153,917
i_objects,illumination,orb,1_3,3,0.95,928,186,917
i_objects,illumination,orb,1_3,3,0.99,1763,226,917
i_objects,illumination,orb,1_4,4,0.5,7,7,715
i_objects,illumination,orb,1_4,4,0.55,12,12,715
i_objects,illumination,orb,1_4,4,0.6,20,19,715
i_objects,illumination,orb,1_4,4,0.65,24,23,715
i_objects,illumination,orb,1_4,4,0.7,35,32,715
i_objects,illumination,orb,1_4,4,0.75,58,47,715
i_objects,illumination,orb,1_4,4,0.8,93,60,715
i_objects,illumination,orb,1_4,4,0.85,186,73,715
i_objects,illumination,orb,1_4,4,0.9,405,96,715
i_objects,illumination,orb,1_4,4,0.95,912,126,715
i_objects,illumination,orb,1_4,4,0.99,1788,149,715
i_objects,illumination,orb,1_5,5,0.5,9,9,654
i_objects,illumination,orb,1_5,5,0.55,9,9,654
i_objects,illumination,orb,1_5,5,0.6,15,15,654
i_objects,illumination,orb,1_5,5,0.65,20,19,654
i_objects,illumination,orb,1_5,5,0.7,35,32,654
i_objects,illumination,orb,1_5,5,0.75,53,41,654
i_objects,illumination,orb,1_5,5,0.8,93,56,654
i_objects,illumination,orb,1_5,5,0.85,174,66,654
i_objects,illumination,orb,1_5,5,0.9,396,82,654
i_objects,illumination,orb,1_5,5,0.95,895,107,654
i_objects,illumination,orb,1_5,5,0.99,1791,131,654
i_objects,illumination,orb,1_6,6,0.5,148,146,1405
i_objects,illumination,orb,1_6,6,0.55,199,192,1405
i_objects,illumination,orb,1_6,6,0.6,243,233,1405
i_objects,illumination,orb,1_6,6,0.65,296,283,1405
i_objects,illumination,orb,1_6,6,0.7,344,327,1405
i_objects,illumination,orb,1_6,6,0.75,430,392,1405
i_objects,illumination,orb,1_6,6,0.8,525,468,1405
i_objects,illumination,orb,1_6,6,0.85,646,529,1405
i_objects,illumination,orb,1_6,6,0.9,857,594,1405
i_objects,illumination,orb,1_6,6,0.95,1252,674,1405
i_objects,illumination,orb,1_6,6,0.99,1838,733,1405
i_parking,illumination,sift,1_2,2,0.5,110,107,487
i_parking,illumination,sift,1_2,2,0.55,128,123,487
i_parking,illumination,sift,1_2,2,0.6,158,152,487
i_parking,illumination,sift,1_2,2,0.65,189,177,487
i_parking,illumination,sift,1_2,2,0.7,224,205,487
i_parking,illumination,sift,1_2,2,0.75,251,224,487
i_parking,illumination,sift,1_2,2,0.8,291,249,487
i_parking,illumination,sift,1_2,2,0.85,333,267,487
i_parking,illumination,sift,1_2,2,0.9,410,281,487
i_parking,illumination,sift,1_2,2,0.95,598,304,487
i_parking,illumination,sift,1_2,2,0.99,853,314,487
i_parking,illumination,sift,1_3,3,0.5,97,95,440
i_parking,illumination,sift,1_3,3,0.55,114,112,440
i_parking,illumination,sift,1_3,3,0.6,132,129,440
i_parking,illumination,sift,1_3,3,0.65,162,154,440
i_parking,illumination,sift,1_3,3,0.7,193,183,440
i_parking,illumination,sift,1_3,3,0.75,222,204,440
i_parking,illumination,sift,1_3,3,0.8,248,215,440
i_parking,illumination,sift,1_3,3,0.85,286,232,440
i_parking,illumination,sift,1_3,3,0.9,384,251,440
i_parking,illumination,sift,1_3,3,0.95,578,265,440
i_parking,illumination,sift,1_3,3,0.99,863,274,440
i_parking,illumination,sift,1_4,4,0.5,31,29,407
i_parking,illumination,sift,1_4,4,0.55,40,38,407
i_parking,illumination,sift,1_4,4,0.6,51,47,407
i_parking,illumination,sift,1_4,4,0.65,68,61,407
i_parking,illumination,sift,1_4,4,0.7,83,71,407
i_parking,illumination,sift,1_4,4,0.75,112,88,407
i_parking,illumination,sift,1_4,4,0.8,149,106,407
i_parking,illumination,sift,1_4,4,0.85,206,124,407
i_parking,illumination,sift,1_4,4,0.9,308,141,407
i_parking,illumination,sift,1_4,4,0.95,503,152,407
i_parking,illumination,sift,1_4,4,0.99,839,162,407
i_parking,illumination,sift,1_5,5,0.5,18,18,341
i_parking,illumination,sift,1_5,5,0.55,22,22,341
i_parking,illumination,sift,1_5,5,0.6,34,33,341
i_parking,illumination,sift,1_5,5,0.65,43,41,341
i_parking,illumination,sift,1_5,5,0.7,62,54,341
i_parking,illumination,sift,1_5,5,0.75,81,68,341
i_parking,illumination,sift,1_5,5,0.8,107,84,341
i_parking,illumination,sift,1_5,5,0.85,157,92,341
i_parking,illumination,sift,1_5,5,0.9,248,103,341
i_parking,illumination,sift,1_5,5,0.95,461,110,341
i_parking,illumination,sift,1_5,5,0.99,827,119,341
i_parking,illumination,sift,1_6,6,0.5,45,44,321
i_parking,illumination,sift,1_6,6,0.55,63,61,321
i_parking,illumination,sift,1_6,6,0.6,77,73,321
i_parking,illumination,sift,1_6,6,0.65,92,87,321
i_parking,illumination,sift,1_6,6,0.7,114,101,321
i_parking,illumination,sift,1_6,6,0.75,125,108,321
i_parking,illumination,sift,1_6,6,0.8,151,123,321
i_parking,illumination,sift,1_6,6,0.85,212,138,321
i_parking,illumination,sift,1_6,6,0.9,311,151,321
i_parking,illumination,sift,1_6,6,0.95,519,157,321
i_parking,illumination,sift,1_6,6,0.99,851,164,321
i_parking,illumination,orb,1_2,2,0.5,107,105,1371
i_parking,illumination,orb,1_2,2,0.55,140,136,1371
i_parking,illumination,orb,1_2,2,0.6,185,176,1371
i_parking,illumination,orb,1_2,2,0.65,237,223,1371
i_parking,illumination,orb,1_2,2,0.7,306,286,1371
i_parking,illumination,orb,1_2,2,0.75,377,335,1371
i_parking,illumination,orb,1_2,2,0.8,490,420,1371
i_parking,illumination,orb,1_2,2,0.85,615,496,1371
i_parking,illumination,orb,1_2,2,0.9,790,569,1371
i_parking,illumination,orb,1_2,2,0.95,1093,656,1371
i_parking,illumination,orb,1_2,2,0.99,1528,743,1371
i_parking,illumination,orb,1_3,3,0.5,77,74,1332
i_parking,illumination,orb,1_3,3,0.55,110,103,1332
i_parking,illumination,orb,1_3,3,0.6,143,135,1332
i_parking,illumination,orb,1_3,3,0.65,202,189,1332
i_parking,illumination,orb,1_3,3,0.7,257,229,1332
i_parking,illumination,orb,1_3,3,0.75,319,286,1332
i_parking,illumination,orb,1_3,3,0.8,424,368,1332
i_parking,illumination,orb,1_3,3,0.85,546,453,1332
i_parking,illumination,orb,1_3,3,0.9,728,527,1332
i_parking,illumination,orb,1_3,3,0.95,1084,619,1332
i_parking,illumination,orb,1_3,3,0.99,1548,680,1332
i_parking,illumination,orb,1_4,4,0.5,23,22,1118
i_parking,illumination,orb,1_4,4,0.55,35,34,1118
i_parking,illumination,orb,1_4,4,0.6,54,53,1118
i_parking,illumination,orb,1_4,4,0.65,77,73,1118
i_parking,illumination,orb,1_4,4,0.7,103,91,1118
i_parking,illumination,orb,1_4,4,0.75,137,109,1118
i_parking,illumination,orb,1_4,4,0.8,194,141,1118
i_parking,illumination,orb,1_4,4,0.85,294,180,1118
i_parking,illumination,orb,1_4,4,0.9,501,221,1118
i_parking,illumination,orb,1_4,4,0.95,885,268,1118
i_parking,illumination,orb,1_4,4,0.99,1523,312,1118
i_parking,illumination,orb,1_5,5,0.5,15,15,823
i_parking,illumination,orb,1_5,5,0.55,22,22,823
i_parking,illumination,orb,1_5,5,0.6,30,30,823
i_parking,illumination,orb,1_5,5,0.65,37,37,823
i_parking,illumination,orb,1_5,5,0.7,58,54,823
i_parking,illumination,orb,1_5,5,0.75,85,71,823
i_parking,illumination,orb,1_5,5,0.8,127,94,823
i_parking,illumination,orb,1_5,5,0.85,219,120,823
i_parking,illumination,orb,1_5,5,0.9,394,145,823
i_parking,illumination,orb,1_5,5,0.95,800,189,823
i_parking,illumination,orb,1_5,5,0.99,1468,222,823
i_parking,illumination,orb,1_6,6,0.5,24,24,1008
i_parking,illumination,orb,1_6,6,0.55,43,43,1008
i_parking,illumination,orb,1_6,6,0.6,64,64,1008
i_parking,illumination,orb,1_6,6,0.65,86,83,1008
i_parking,illumination,orb,1_6,6,0.7,114,104,1008
i_parking,illumination,orb,1_6,6,0.75,149,128,1008
i_parking,illumination,orb,1_6,6,0.8,216,162,1008
i_parking,illumination,orb,1_6,6,0.85,307,196,1008
i_parking,illumination,orb,1_6,6,0.9,493,246,1008
i_parking,illumination,orb,1_6,6,0.95,883,285,1008
i_parking,illumination,orb,1_6,6,0.99,1521,334,1008
i_partyfood,illumination,sift,1_2,2,0.5,631,627,768
i_partyfood,illumination,sift,1_2,2,0.55,647,642,768
i_partyfood,illumination,sift,1_2,2,0.6,661,656,768
i_partyfood,illumination,sift,1_2,2,0.65,682,672,768
i_partyfood,illumination,sift,1_2,2,0.7,692,678,768
i_partyfood,illumination,sift,1_2,2,0.75,704,685,768
i_partyfood,illumination,sift,1_2,2,0.8,714,690,768
i_partyfood,illumination,sift,1_2,2,0.85,739,693,768
i_partyfood,illumination,sift,1_2,2,0.9,778,699,768
i_partyfood,illumination,sift,1_2,2,0.95,841,703,768
i_partyfood,illumination,sift,1_2,2,0.99,944,706,768
i_partyfood,illumination,sift,1_3,3,0.5,410,409,654
i_partyfood,illumination,sift,1_3,3,0.55,429,427,654
i_partyfood,illumination,sift,1_3,3,0.6,450,446,654
i_partyfood,illumination,sift,1_3,3,0.65,464,456,654
i_partyfood,illumination,sift,1_3,3,0.7,488,478,654
i_partyfood,illumination,sift,1_3,3,0.75,508,488,654
i_partyfood,illumination,sift,1_3,3,0.8,538,499,654
i_partyfood,illumination,sift,1_3,3,0.85,577,509,654
i_partyfood,illumination,sift,1_3,3,0.9,650,524,654
i_partyfood,illumination,sift,1_3,3,0.95,755,526,654
i_partyfood,illumination,sift,1_3,3,0.99,917,533,654
i_partyfood,illumination,sift,1_4,4,0.5,284,283,564
i_partyfood,illumination,sift,1_4,4,0.55,300,295,564
i_partyfood,illumination,sift,1_4,4,0.6,322,314,564
i_partyfood,illumination,sift,1_4,4,0.65,346,329,564
i_partyfood,illumination,sift,1_4,4,0.7,370,347,564
i_partyfood,illumination,sift,1_4,4,0.75,397,363,564
i_partyfood,illumination,sift,1_4,4,0.8,425,374,564
i_partyfood,illumination,sift,1_4,4,0.85,463,382,564
i_partyfood,illumination,sift,1_4,4,0.9,551,398,564
i_partyfood,illumination,sift,1_4,4,0.95,689,409,564
i_partyfood,illumination,sift,1_4,4,0.99,898,420,564
i_partyfood,illumination,sift,1_5,5,0.5,236,233,534
i_partyfood,illumination,sift,1_5,5,0.55,257,254,534
i_partyfood,illumination,sift,1_5,5,0.6,280,276,534
i_partyfood,illumination,sift,1_5,5,0.65,304,294,534
i_partyfood,illumination,sift,1_5,5,0.7,328,311,534
i_partyfood,illumination,sift,1_5,5,0.75,362,331,534
i_partyfood,illumination,sift,1_5,5,0.8,394,343,534
i_partyfood,illumination,sift,1_5,5,0.85,430,353,534
i_partyfood,illumination,sift,1_5,5,0.9,512,362,534
i_partyfood,illumination,sift,1_5,5,0.95,670,371,534
i_partyfood,illumination,sift,1_5,5,0.99,901,376,534
i_partyfood,illumination,sift,1_6,6,0.5,189,187,457
i_partyfood,illumination,sift,1_6,6,0.55,218,214,457
i_partyfood,illumination,sift,1_6,6,0.6,235,228,457
i_partyfood,illumination,sift,1_6,6,0.65,258,245,457
i_partyfood,illumination,sift,1_6,6,0.7,271,251,457
i_partyfood,illumination,sift,1_6,6,0.75,291,265,457
i_partyfood,illumination,sift,1_6,6,0.8,321,277,457
i_partyfood,illumination,sift,1_6,6,0.85,371,290,457
i_partyfood,illumination,sift,1_6,6,0.9,466,296,457
i_partyfood,illumination,sift,1_6,6,0.95,636,307,457
i_partyfood,illumination,sift,1_6,6,0.99,888,315,457
i_partyfood,illumination,orb,1_2,2,0.5,934,932,1922
i_partyfood,illumination,orb,1_2,2,0.55,1029,1022,1922
i_partyfood,illumination,orb,1_2,2,0.6,1103,1093,1922
i_partyfood,illumination,orb,1_2,2,0.65,1192,1171,1922
i_partyfood,illumination,orb,1_2,2,0.7,1255,1228,1922
i_partyfood,illumination,orb,1_2,2,0.75,1331,1289,1922
i_partyfood,illumination,orb,1_2,2,0.8,1409,1356,1922
i_partyfood,illumination,orb,1_2,2,0.85,1498,1415,1922
i_partyfood,illumination,orb,1_2,2,0.9,1603,1472,1922
i_partyfood,illumination,orb,1_2,2,0.95,1747,1536,1922
i_partyfood,illumination,orb,1_2,2,0.99,1945,1592,1922
i_partyfood,illumination,orb,1_3,3,0.5,399,397,1816
i_partyfood,illumination,orb,1_3,3,0.55,495,492,1816
i_partyfood,illumination,orb,1_3,3,0.6,598,588,1816
i_partyfood,illumination,orb,1_3,3,0.65,699,688,1816
i_partyfood,illumination,orb,1_3,3,0.7,798,777,1816
i_partyfood,illumination,orb,1_3,3,0.75,905,866,1816
i_partyfood,illumination,orb,1_3,3,0.8,1023,955,1816
i_partyfood,illumination,orb,1_3,3,0.85,1167,1049,1816
i_partyfood,illumination,orb,1_3,3,0.9,1342,1148,1816
i_partyfood,illumination,orb,1_3,3,0.95,1599,1220,1816
i_partyfood,illumination,orb,1_3,3,0.99,1912,1281,1816
i_partyfood,illumination,orb,1_4,4,0.5,117,116,1635
i_partyfood,illumination,orb,1_4,4,0.55,172,171,1635
i_partyfood,illumination,orb,1_4,4,0.6,242,236,1635
i_partyfood,illumination,orb,1_4,4,0.65,321,308,1635
i_partyfood,illumination,orb,1_4,4,0.7,413,394,1635
i_partyfood,illumination,orb,1_4,4,0.75,535,491,1635
i_partyfood,illumination,orb,1_4,4,0.8,650,574,1635
i_partyfood,illumination,orb,1_4,4,0.85,802,673,1635
i_partyfood,illumination,orb,1_4,4,0.9,1041,783,1635
i_partyfood,illumination,orb,1_4,4,0.95,1379,899,1635
i_partyfood,illumination,orb,1_4,4,0.99,1869,1004,1635
i_partyfood,illumination,orb,1_5,5,0.5,83,82,1562
i_partyfood,illumination,orb,1_5,5,0.55,121,120,1562
i_partyfood,illumination,orb,1_5,5,0.6,167,166,1562
i_partyfood,illumination,orb,1_5,5,0.65,225,221,1562
i_partyfood,illumination,orb,1_5,5,0.7,320,307,1562
i_partyfood,illumination,orb,1_5,5,0.75,394,370,1562
i_partyfood,illumination,orb,1_5,5,0.8,510,453,1562
i_partyfood,illumination,orb,1_5,5,0.85,666,553,1562
i_partyfood,illumination,orb,1_5,5,0.9,899,662,1562
i_partyfood,illumination,orb,1_5,5,0.95,1294,789,1562
i_partyfood,illumination,orb,1_5,5,0.99,1874,891,1562
i_partyfood,illumination,orb,1_6,6,0.5,45,45,1421
i_partyfood,illumination,orb,1_6,6,0.55,68,67,1421
i_partyfood,illumination,orb,1_6,6,0.6,92,91,1421
i_partyfood,illumination,orb,1_6,6,0.65,133,130,1421
i_partyfood,illumination,orb,1_6,6,0.7,174,164,1421
i_partyfood,illumination,orb,1_6,6,0.75,236,208,1421
i_partyfood,illumination,orb,1_6,6,0.8,326,268,1421
i_partyfood,illumination,orb,1_6,6,0.85,496,359,1421
i_partyfood,illumination,orb,1_6,6,0.9,716,439,1421
i_partyfood,illumination,orb,1_6,6,0.95,1177,542,1421
i_partyfood,illumination,orb,1_6,6,0.99,1825,629,1421
i_pencils,illumination,sift,1_2,2,0.5,25,19,1266
i_pencils,illumination,sift,1_2,2,0.55,45,34,1266
i_pencils,illumination,sift,1_2,2,0.6,73,52,1266
i_pencils,illumination,sift,1_2,2,0.65,119,78,1266
i_pencils,illumination,sift,1_2,2,0.7,167,102,1266
i_pencils,illumination,sift,1_2,2,0.75,227,122,1266
i_pencils,illumination,sift,1_2,2,0.8,330,139,1266
i_pencils,illumination,sift,1_2,2,0.85,524,167,1266
i_pencils,illumination,sift,1_2,2,0.9,875,200,1266
i_pencils,illumination,sift,1_2,2,0.95,1662,235,1266
i_pencils,illumination,sift,1_2,2,0.99,2894,270,1266
i_pencils,illumination,sift,1_3,3,0.5,7,0,584
i_pencils,illumination,sift,1_3,3,0.55,11,0,584
i_pencils,illumination,sift,1_3,3,0.6,25,0,584
i_pencils,illumination,sift,1_3,3,0.65,48,1,584
i_pencils,illumination,sift,1_3,3,0.7,77,1,584
i_pencils,illumination,sift,1_3,3,0.75,130,1,584
i_pencils,illumination,sift,1_3,3,0.8,231,1,584
i_pencils,illumination,sift,1_3,3,0.85,406,1,584
i_pencils,illumination,sift,1_3,3,0.9,811,1,584
i_pencils,illumination,sift,1_3,3,0.95,1595,1,584
i_pencils,illumination,sift,1_3,3,0.99,2864,1,584
i_pencils,illumination,sift,1_4,4,0.5,42,0,490
i_pencils,illumination,sift,1_4,4,0.55,65,0,490
i_pencils,illumination,sift,1_4,4,0.6,98,0,490
i_pencils,illumination,sift,1_4,4,0.65,136,0,490
i_pencils,illumination,sift,1_4,4,0.7,186,0,490
i_pencils,illumination,sift,1_4,4,0.75,250,0,490
i_pencils,illumination,sift,1_4,4,0.8,375,0,490
i_pencils,illumination,sift,1_4,4,0.85,588,0,490
i_pencils,illumination,sift,1_4,4,0.9,933,1,490
i_pencils,illumination,sift,1_4,4,0.95,1701,1,490
i_pencils,illumination,sift,1_4,4,0.99,2891,1,490
i_pencils,illumination,sift,1_5,5,0.5,12,8,1176
i_pencils,illumination,sift,1_5,5,0.55,20,14,1176
i_pencils,illumination,sift,1_5,5,0.6,33,25,1176
i_pencils,illumination,sift,1_5,5,0.65,44,35,1176
i_pencils,illumination,sift,1_5,5,0.7,78,45,1176
i_pencils,illumination,sift,1_5,5,0.75,146,61,1176
i_pencils,illumination,sift,1_5,5,0.8,244,77,1176
i_pencils,illumination,sift,1_5,5,0.85,454,93,1176
i_pencils,illumination,sift,1_5,5,0.9,825,111,1176
i_pencils,illumination,sift,1_5,5,0.95,1610,135,1176
i_pencils,illumination,sift,1_5,5,0.99,2847,160,1176
i_pencils,illumination,sift,1_6,6,0.5,15,10,1154
i_pencils,illumination,sift,1_6,6,0.55,30,20,1154
i_pencils,illumination,sift,1_6,6,0.6,46,29,1154
i_pencils,illumination,sift,1_6,6,0.65,74,40,1154
i_pencils,illumination,sift,1_6,6,0.7,101,52,1154
i_pencils,illumination,sift,1_6,6,0.75,150,66,1154
i_pencils,illumination,sift,1_6,6,0.8,265,85,1154
i_pencils,illumination,sift,1_6,6,0.85,466,114,1154
i_pencils,illumination,sift,1_6,6,0.9,826,136,1154
i_pencils,illumination,sift,1_6,6,0.95,1617,165,1154
i_pencils,illumination,sift,1_6,6,0.99,2885,184,1154
i_pencils,illumination,orb,1_2,2,0.5,13,13,853
i_pencils,illumination,orb,1_2,2,0.55,29,27,853
i_pencils,illumination,orb,1_2,2,0.6,39,37,853
i_pencils,illumination,orb,1_2,2,0.65,50,46,853
i_pencils,illumination,orb,1_2,2,0.7,69,63,853
i_pencils,illumination,orb,1_2,2,0.75,120,85,853
i_pencils,illumination,orb,1_2,2,0.8,183,108,853
i_pencils,illumination,orb,1_2,2,0.85,310,132,853
i_pencils,illumination,orb,1_2,2,0.9,560,154,853
i_pencils,illumination,orb,1_2,2,0.95,1080,190,853
i_pencils,illumination,orb,1_2,2,0.99,1773,230,853
i_pencils,illumination,orb,1_3,3,0.5,1,0,250
i_pencils,illumination,orb,1_3,3,0.55,5,0,250
i_pencils,illumination,orb,1_3,3,0.6,9,0,250
i_pencils,illumination,orb,1_3,3,0.65,13,0,250
i_pencils,illumination,orb,1_3,3,0.7,27,0,250
i_pencils,illumination,orb,1_3,3,0.75,55,0,250
i_pencils,illumination,orb,1_3,3,0.8,101,0,250
i_pencils,illumination,orb,1_3,3,0.85,216,0,250
i_pencils,illumination,orb,1_3,3,0.9,470,0,250
i_pencils,illumination,orb,1_3,3,0.95,979,1,250
i_pencils,illumination,orb,1_3,3,0.99,1757,1,250
i_pencils,illumination,orb,1_4,4,0.5,25,0,271
i_pencils,illumination,orb,1_4,4,0.55,41,0,271
i_pencils,illumination,orb,1_4,4,0.6,53,0,271
i_pencils,illumination,orb,1_4,4,0.65,84,0,271
i_pencils,illumination,orb,1_4,4,0.7,117,0,271
i_pencils,illumination,orb,1_4,4,0.75,157,0,271
i_pencils,illumination,orb,1_4,4,0.8,227,0,271
i_pencils,illumination,orb,1_4,4,0.85,347,0,271
i_pencils,illumination,orb,1_4,4,0.9,598,0,271
i_pencils,illumination,orb,1_4,4,0.95,1064,0,271
i_pencils,illumination,orb,1_4,4,0.99,1769,0,271
i_pencils,illumination,orb,1_5,5,0.5,2,2,670
i_pencils,illumination,orb,1_5,5,0.55,5,5,670
i_pencils,illumination,orb,1_5,5,0.6,9,7,670
i_pencils,illumination,orb,1_5,5,0.65,15,11,670
i_pencils,illumination,orb,1_5,5,0.7,23,16,670
i_pencils,illumination,orb,1_5,5,0.75,50,22,670
i_pencils,illumination,orb,1_5,5,0.8,105,27,670
i_pencils,illumination,orb,1_5,5,0.85,234,43,670
i_pencils,illumination,orb,1_5,5,0.9,475,62,670
i_pencils,illumination,orb,1_5,5,0.95,988,85,670
i_pencils,illumination,orb,1_5,5,0.99,1772,96,670
i_pencils,illumination,orb,1_6,6,0.5,1,0,678
i_pencils,illumination,orb,1_6,6,0.55,6,2,678
i_pencils,illumination,orb,1_6,6,0.6,13,7,678
i_pencils,illumination,orb,1_6,6,0.65,22,9,678
i_pencils,illumination,orb,1_6,6,0.7,40,13,678
i_pencils,illumination,orb,1_6,6,0.75,67,19,678
i_pencils,illumination,orb,1_6,6,0.8,139,33,678
i_pencils,illumination,orb,1_6,6,0.85,293,52,678
i_pencils,illumination,orb,1_6,6,0.9,531,71,678
i_pencils,illumination,orb,1_6,6,0.95,1035,92,678
i_pencils,illumination,orb,1_6,6,0.99,1800,113,678
i_pinard,illumination,sift,1_2,2,0.5,233,225,450
i_pinard,illumination,sift,1_2,2,0.55,240,232,450
i_pinard,illumination,sift,1_2,2,0.6,265,252,450
i_pinard,illumination,sift,1_2,2,0.65,284,267,450
i_pinard,illumination,sift,1_2,2,0.7,311,288,450
i_pinard,illumination,sift,1_2,2,0.75,332,303,450
i_pinard,illumination,sift,1_2,2,0.8,365,318,450
i_pinard,illumination,sift,1_2,2,0.85,411,328,450
i_pinard,illumination,sift,1_2,2,0.9,487,332,450
i_pinard,illumination,sift,1_2,2,0.95,640,343,450
i_pinard,illumination,sift,1_2,2,0.99,868,344,450
i_pinard,illumination,sift,1_3,3,0.5,224,224,496
i_pinard,illumination,sift,1_3,3,0.55,237,237,496
i_pinard,illumination,sift,1_3,3,0.6,251,251,496
i_pinard,illumination,sift,1_3,3,0.65,267,266,496
i_pinard,illumination,sift,1_3,3,0.7,284,279,496
i_pinard,illumination,sift,1_3,3,0.75,300,289,496
i_pinard,illumination,sift,1_3,3,0.8,330,300,496
i_pinard,illumination,sift,1_3,3,0.85,373,310,496
i_pinard,illumination,sift,1_3,3,0.9,440,316,496
i_pinard,illumination,sift,1_3,3,0.95,598,323,496
i_pinard,illumination,sift,1_3,3,0.99,854,325,496
i_pinard,illumination,sift,1_4,4,0.5,261,257,544
i_pinard,illumination,sift,1_4,4,0.55,278,271,544
i_pinard,illumination,sift,1_4,4,0.6,296,288,544
i_pinard,illumination,sift,1_4,4,0.65,314,304,544
i_pinard,illumination,sift,1_4,4,0.7,340,325,544
i_pinard,illumination,sift,1_4,4,0.75,357,334,544
i_pinard,illumination,sift,1_4,4,0.8,375,338,544
i_pinard,illumination,sift,1_4,4,0.85,418,344,544
i_pinard,illumination,sift,1_4,4,0.9,504,356,544
i_pinard,illumination,sift,1_4,4,0.95,641,364,544
i_pinard,illumination,sift,1_4,4,0.99,864,368,544
i_pinard,illumination,sift,1_5,5,0.5,301,296,576
i_pinard,illumination,sift,1_5,5,0.55,313,305,576
i_pinard,illumination,sift,1_5,5,0.6,326,316,576
i_pinard,illumination,sift,1_5,5,0.65,345,329,576
i_pinard,illumination,sift,1_5,5,0.7,358,339,576
i_pinard,illumination,sift,1_5,5,0.75,374,349,576
i_pinard,illumination,sift,1_5,5,0.8,403,362,576
i_pinard,illumination,sift,1_5,5,0.85,439,371,576
i_pinard,illumination,sift,1_5,5,0.9,499,378,576
i_pinard,illumination,sift,1_5,5,0.95,625,387,576
i_pinard,illumination,sift,1_5,5,0.99,867,396,576
i_pinard,illumination,sift,1_6,6,0.5,244,243,483
i_pinard,illumination,sift,1_6,6,0.55,263,261,483
i_pinard,illumination,sift,1_6,6,0.6,278,270,483
i_pinard,illumination,sift,1_6,6,0.65,289,279,483
i_pinard,illumination,sift,1_6,6,0.7,306,289,483
i_pinard,illumination,sift,1_6,6,0.75,327,297,483
i_pinard,illumination,sift,1_6,6,0.8,357,308,483
i_pinard,illumination,sift,1_6,6,0.85,400,317,483
i_pinard,illumination,sift,1_6,6,0.9,480,332,483
i_pinard,illumination,sift,1_6,6,0.95,615,345,483
i_pinard,illumination,sift,1_6,6,0.99,859,349,483
i_pinard,illumination,orb,1_2,2,0.5,166,162,1640
i_pinard,illumination,orb,1_2,2,0.55,215,204,1640
i_pinard,illumination,orb,1_2,2,0.6,280,266,1640
i_pinard,illumination,orb,1_2,2,0.65,339,316,1640
i_pinard,illumination,orb,1_2,2,0.7,407,377,1640
i_pinard,illumination,orb,1_2,2,0.75,486,443,1640
i_pinard,illumination,orb,1_2,2,0.8,574,502,1640
i_pinard,illumination,orb,1_2,2,0.85,734,587,1640
i_pinard,illumination,orb,1_2,2,0.9,949,691,1640
i_pinard,illumination,orb,1_2,2,0.95,1309,817,1640
i_pinard,illumination,orb,1_2,2,0.99,1841,904,1640
i_pinard,illumination,orb,1_3,3,0.5,199,198,1187
i_pinard,illumination,orb,1_3,3,0.55,267,265,1187
i_pinard,illumination,orb,1_3,3,0.6,327,324,1187
i_pinard,illumination,orb,1_3,3,0.65,384,374,1187
i_pinard,illumination,orb,1_3,3,0.7,437,421,1187
i_pinard,illumination,orb,1_3,3,0.75,496,468,1187
i_pinard,illumination,orb,1_3,3,0.8,580,515,1187
i_pinard,illumination,orb,1_3,3,0.85,680,557,1187
i_pinard,illumination,orb,1_3,3,0.9,854,605,1187
i_pinard,illumination,orb,1_3,3,0.95,1219,667,1187
i_pinard,illumination,orb,1_3,3,0.99,1804,711,1187
i_pinard,illumination,orb,1_4,4,0.5,216,216,1247
i_pinard,illumination,orb,1_4,4,0.55,271,271,1247
i_pinard,illumination,orb,1_4,4,0.6,331,330,1247
i_pinard,illumination,orb,1_4,4,0.65,380,377,1247
i_pinard,illumination,orb,1_4,4,0.7,431,423,1247
i_pinard,illumination,orb,1_4,4,0.75,505,480,1247
i_pinard,illumination,orb,1_4,4,0.8,566,518,1247
i_pinard,illumination,orb,1_4,4,0.85,687,582,1247
i_pinard,illumination,orb,1_4,4,0.9,878,641,1247
i_pinard,illumination,orb,1_4,4,0.95,1232,701,1247
i_pinard,illumination,orb,1_4,4,0.99,1818,746,1247
i_pinard,illumination,orb,1_5,5,0.5,219,218,1359
i_pinard,illumination,orb,1_5,5,0.55,279,277,1359
i_pinard,illumination,orb,1_5,5,0.6,328,325,1359
i_pinard,illumination,orb,1_5,5,0.65,391,383,1359
i_pinard,illumination,orb,1_5,5,0.7,451,432,1359
i_pinard,illumination,orb,1_5,5,0.75,523,489,1359
i_pinard,illumination,orb,1_5,5,0.8,606,542,1359
i_pinard,illumination,orb,1_5,5,0.85,715,594,1359
i_pinard,illumination,orb,1_5,5,0.9,913,654,1359
i_pinard,illumination,orb,1_5,5,0.95,1285,727,1359
i_pinard,illumination,orb,1_5,5,0.99,1830,789,1359
i_pinard,illumination,orb,1_6,6,0.5,211,209,1561
i_pinard,illumination,orb,1_6,6,0.55,270,268,1561
i_pinard,illumination,orb,1_6,6,0.6,318,313,1561
i_pinard,illumination,orb,1_6,6,0.65,379,366,1561
i_pinard,illumination,orb,1_6,6,0.7,456,429,1561
i_pinard,illumination,orb,1_6,6,0.75,521,480,1561
i_pinard,illumination,orb,1_6,6,0.8,610,541,1561
i_pinard,illumination,orb,1_6,6,0.85,731,608,1561
i_pinard,illumination,orb,1_6,6,0.9,945,692,1561
i_pinard,illumination,orb,1_6,6,0.95,1273,759,1561
i_pinard,illumination,orb,1_6,6,0.99,1822,831,1561
i_pool,illumination,sift,1_2,2,0.5,0,0,77
i_pool,illumination,sift,1_2,2,0.55,0,0,77
i_pool,illumination,sift,1_2,2,0.6,2,1,77
i_pool,illumination,sift,1_2,2,0.65,6,4,77
i_pool,illumination,sift,1_2,2,0.7,11,4,77
i_pool,illumination,sift,1_2,2,0.75,37,6,77
i_pool,illumination,sift,1_2,2,0.8,74,7,77
i_pool,illumination,sift,1_2,2,0.85,170,11,77
i_pool,illumination,sift,1_2,2,0.9,363,14,77
i_pool,illumination,sift,1_2,2,0.95,732,14,77
i_pool,illumination,sift,1_2,2,0.99,1432,16,77
i_pool,illumination,sift,1_3,3,0.5,0,0,45
i_pool,illumination,sift,1_3,3,0.55,0,0,45
i_pool,illumination,sift,1_3,3,0.6,1,1,45
i_pool,illumination,sift,1_3,3,0.65,1,1,45
i_pool,illumination,sift,1_3,3,0.7,6,1,45
i_pool,illumination,sift,1_3,3,0.75,15,1,45
i_pool,illumination,sift,1_3,3,0.8,50,2,45
i_pool,illumination,sift,1_3,3,0.85,138,2,45
i_pool,illumination,sift,1_3,3,0.9,303,3,45
i_pool,illumination,sift,1_3,3,0.95,726,4,45
i_pool,illumination,sift,1_3,3,0.99,1400,4,45
i_pool,illumination,sift,1_4,4,0.5,1,0,48
i_pool,illumination,sift,1_4,4,0.55,1,0,48
i_pool,illumination,sift,1_4,4,0.6,3,0,48
i_pool,illumination,sift,1_4,4,0.65,7,0,48
i_pool,illumination,sift,1_4,4,0.7,12,0,48
i_pool,illumination,sift,1_4,4,0.75,25,1,48
i_pool,illumination,sift,1_4,4,0.8,65,1,48
i_pool,illumination,sift,1_4,4,0.85,159,2,48
i_pool,illumination,sift,1_4,4,0.9,355,3,48
i_pool,illumination,sift,1_4,4,0.95,740,5,48
i_pool,illumination,sift,1_4,4,0.99,1423,6,48
i_pool,illumination,sift,1_5,5,0.5,2,0,51
i_pool,illumination,sift,1_5,5,0.55,4,1,51
i_pool,illumination,sift,1_5,5,0.6,6,1,51
i_pool,illumination,sift,1_5,5,0.65,11,3,51
i_pool,illumination,sift,1_5,5,0.7,19,4,51
i_pool,illumination,sift,1_5,5,0.75,44,7,51
i_pool,illumination,sift,1_5,5,0.8,72,7,51
i_pool,illumination,sift,1_5,5,0.85,154,7,51
i_pool,illumination,sift,1_5,5,0.9,309,8,51
i_pool,illumination,sift,1_5,5,0.95,682,10,51
i_pool,illumination,sift,1_5,5,0.99,1412,11,51
i_pool,illumination,sift,1_6,6,0.5,0,0,57
i_pool,illumination,sift,1_6,6,0.55,0,0,57
i_pool,illumination,sift,1_6,6,0.6,3,3,57
i_pool,illumination,sift,1_6,6,0.65,3,3,57
i_pool,illumination,sift,1_6,6,0.7,7,3,57
i_pool,illumination,sift,1_6,6,0.75,17,4,57
i_pool,illumination,sift,1_6,6,0.8,45,5,57
i_pool,illumination,sift,1_6,6,0.85,105,7,57
i_pool,illumination,sift,1_6,6,0.9,281,8,57
i_pool,illumination,sift,1_6,6,0.95,664,8,57
i_pool,illumination,sift,1_6,6,0.99,1399,9,57
i_pool,illumination,orb,1_2,2,0.5,0,0,470
i_pool,illumination,orb,1_2,2,0.55,0,0,470
i_pool,illumination,orb,1_2,2,0.6,1,1,470
i_pool,illumination,orb,1_2,2,0.65,1,1,470
i_pool,illumination,orb,1_2,2,0.7,6,2,470
i_pool,illumination,orb,1_2,2,0.75,18,3,470
i_pool,illumination,orb,1_2,2,0.8,49,6,470
i_pool,illumination,orb,1_2,2,0.85,124,12,470
i_pool,illumination,orb,1_2,2,0.9,342,17,470
i_pool,illumination,orb,1_2,2,0.95,845,32,470
i_pool,illumination,orb,1_2,2,0.99,1766,44,470
i_pool,illumination,orb,1_3,3,0.5,0,0,259
i_pool,illumination,orb,1_3,3,0.55,0,0,259
i_pool,illumination,orb,1_3,3,0.6,0,0,259
i_pool,illumination,orb,1_3,3,0.65,0,0,259
i_pool,illumination,orb,1_3,3,0.7,7,0,259
i_pool,illumination,orb,1_3,3,0.75,20,0,259
i_pool,illumination,orb,1_3,3,0.8,57,1,259
i_pool,illumination,orb,1_3,3,0.85,132,1,259
i_pool,illumination,orb,1_3,3,0.9,339,2,259
i_pool,illumination,orb,1_3,3,0.95,806,6,259
i_pool,illumination,orb,1_3,3,0.99,1758,11,259
i_pool,illumination,orb,1_4,4,0.5,0,0,280
i_pool,illumination,orb,1_4,4,0.55,0,0,280
i_pool,illumination,orb,1_4,4,0.6,0,0,280
i_pool,illumination,orb,1_4,4,0.65,1,0,280
i_pool,illumination,orb,1_4,4,0.7,3,0,280
i_pool,illumination,orb,1_4,4,0.75,13,0,280
i_pool,illumination,orb,1_4,4,0.8,42,3,280
i_pool,illumination,orb,1_4,4,0.85,120,4,280
i_pool,illumination,orb,1_4,4,0.9,332,5,280
i_pool,illumination,orb,1_4,4,0.95,807,5,280
i_pool,illumination,orb,1_4,4,0.99,1723,10,280
i_pool,illumination,orb,1_5,5,0.5,0,0,375
i_pool,illumination,orb,1_5,5,0.55,0,0,375
i_pool,illumination,orb,1_5,5,0.6,0,0,375
i_pool,illumination,orb,1_5,5,0.65,1,0,375
i_pool,illumination,orb,1_5,5,0.7,5,0,375
i_pool,illumination,orb,1_5,5,0.75,12,0,375
i_pool,illumination,orb,1_5,5,0.8,41,0,375
i_pool,illumination,orb,1_5,5,0.85,125,0,375
i_pool,illumination,orb,1_5,5,0.9,317,3,375
i_pool,illumination,orb,1_5,5,0.95,808,9,375
i_pool,illumination,orb,1_5,5,0.99,1760,18,375
i_pool,illumination,orb,1_6,6,0.5,0,0,341
i_pool,illumination,orb,1_6,6,0.55,1,0,341
i_pool,illumination,orb,1_6,6,0.6,1,0,341
i_pool,illumination,orb,1_6,6,0.65,2,0,341
i_pool,illumination,orb,1_6,6,0.7,7,0,341
i_pool,illumination,orb,1_6,6,0.75,15,1,341
i_pool,illumination,orb,1_6,6,0.8,47,1,341
i_pool,illumination,orb,1_6,6,0.85,138,4,341
i_pool,illumination,orb,1_6,6,0.9,349,8,341
i_pool,illumination,orb,1_6,6,0.95,852,14,341
i_pool,illumination,orb,1_6,6,0.99,1773,20,341
i_porta,illumination,sift,1_2,2,0.5,152,147,570
i_porta,illumination,sift,1_2,2,0.55,172,165,570
i_porta,illumination,sift,1_2,2,0.6,191,183,570
i_porta,illumination,sift,1_2,2,0.65,214,196,570
i_porta,illumination,sift,1_2,2,0.7,249,218,570
i_porta,illumination,sift,1_2,2,0.75,281,232,570
i_porta,illumination,sift,1_2,2,0.8,331,250,570
i_porta,illumination,sift,1_2,2,0.85,400,262,570
i_porta,illumination,sift,1_2,2,0.9,533,277,570
i_porta,illumination,sift,1_2,2,0.95,774,292,570
i_porta,illumination,sift,1_2,2,0.99,1110,313,570
i_porta,illumination,sift,1_3,3,0.5,163,155,646
i_porta,illumination,sift,1_3,3,0.55,183,173,646
i_porta,illumination,sift,1_3,3,0.6,211,193,646
i_porta,illumination,sift,1_3,3,0.65,233,204,646
i_porta,illumination,sift,1_3,3,0.7,254,217,646
i_porta,illumination,sift,1_3,3,0.75,298,241,646
i_porta,illumination,sift,1_3,3,0.8,349,255,646
i_porta,illumination,sift,1_3,3,0.85,419,272,646
i_porta,illumination,sift,1_3,3,0.9,537,293,646
i_porta,illumination,sift,1_3,3,0.95,773,323,646
i_porta,illumination,sift,1_3,3,0.99,1129,347,646
i_porta,illumination,sift,1_4,4,0.5,64,63,503
i_porta,illumination,sift,1_4,4,0.55,86,83,503
i_porta,illumination,sift,1_4,4,0.6,109,98,503
i_porta,illumination,sift,1_4,4,0.65,129,111,503
i_porta,illumination,sift,1_4,4,0.7,158,130,503
i_porta,illumination,sift,1_4,4,0.75,196,147,503
i_porta,illumination,sift,1_4,4,0.8,254,162,503
i_porta,illumination,sift,1_4,4,0.85,322,170,503
i_porta,illumination,sift,1_4,4,0.9,479,188,503
i_porta,illumination,sift,1_4,4,0.95,722,198,503
i_porta,illumination,sift,1_4,4,0.99,1084,210,503
i_porta,illumination,sift,1_5,5,0.5,50,48,319
i_porta,illumination,sift,1_5,5,0.55,61,55,319
i_porta,illumination,sift,1_5,5,0.6,73,65,319
i_porta,illumination,sift,1_5,5,0.65,90,75,319
i_porta,illumination,sift,1_5,5,0.7,100,80,319
i_porta,illumination,sift,1_5,5,0.75,124,91,319
i_porta,illumination,sift,1_5,5,0.8,182,107,319
i_porta,illumination,sift,1_5,5,0.85,271,115,319
i_porta,illumination,sift,1_5,5,0.9,414,127,319
i_porta,illumination,sift,1_5,5,0.95,679,137,319
i_porta,illumination,sift,1_5,5,0.99,1093,152,319
i_porta,illumination,sift,1_6,6,0.5,34,34,465
i_porta,illumination,sift,1_6,6,0.55,49,49,465
i_porta,illumination,sift,1_6,6,0.6,56,55,465
i_porta,illumination,sift,1_6,6,0.65,71,67,465
i_porta,illumination,sift,1_6,6,0.7,88,74,465
i_porta,illumination,sift,1_6,6,0.75,113,89,465
i_porta,illumination,sift,1_6,6,0.8,145,96,465
i_porta,illumination,sift,1_6,6,0.85,219,104,465
i_porta,illumination,sift,1_6,6,0.9,353,114,465
i_porta,illumination,sift,1_6,6,0.95,623,126,465
i_porta,illumination,sift,1_6,6,0.99,1057,133,465
i_porta,illumination,orb,1_2,2,0.5,493,489,1471
i_porta,illumination,orb,1_2,2,0.55,575,570,1471
i_porta,illumination,orb,1_2,2,0.6,650,643,1471
i_porta,illumination,orb,1_2,2,0.65,713,703,1471
i_porta,illumination,orb,1_2,2,0.7,794,778,1471
i_porta,illumination,orb,1_2,2,0.75,884,855,1471
i_porta,illumination,orb,1_2,2,0.8,967,921,1471
i_porta,illumination,orb,1_2,2,0.85,1060,987,1471
i_porta,illumination,orb,1_2,2,0.9,1212,1075,1471
i_porta,illumination,orb,1_2,2,0.95,1412,1155,1471
i_porta,illumination,orb,1_2,2,0.99,1634,1210,1471
i_porta,illumination,orb,1_3,3,0.5,534,531,1461
i_porta,illumination,orb,1_3,3,0.55,606,601,1461
i_porta,illumination,orb,1_3,3,0.6,673,663,1461
i_porta,illumination,orb,1_3,3,0.65,752,741,1461
i_porta,illumination,orb,1_3,3,0.7,831,808,1461
i_porta,illumination,orb,1_3,3,0.75,905,870,1461
i_porta,illumination,orb,1_3,3,0.8,1000,938,1461
i_porta,illumination,orb,1_3,3,0.85,1107,1017,1461
i_porta,illumination,orb,1_3,3,0.9,1226,1079,1461
i_porta,illumination,orb,1_3,3,0.95,1378,1141,1461
i_porta,illumination,orb,1_3,3,0.99,1633,1202,1461
i_porta,illumination,orb,1_4,4,0.5,128,126,1415
i_porta,illumination,orb,1_4,4,0.55,179,176,1415
i_porta,illumination,orb,1_4,4,0.6,224,217,1415
i_porta,illumination,orb,1_4,4,0.65,283,271,1415
i_porta,illumination,orb,1_4,4,0.7,353,335,1415
i_porta,illumination,orb,1_4,4,0.75,427,397,1415
i_porta,illumination,orb,1_4,4,0.8,508,463,1415
i_porta,illumination,orb,1_4,4,0.85,652,563,1415
i_porta,illumination,orb,1_4,4,0.9,855,665,1415
i_porta,illumination,orb,1_4,4,0.95,1169,778,1415
i_porta,illumination,orb,1_4,4,0.99,1592,864,1415
i_porta,illumination,orb,1_5,5,0.5,88,88,1287
i_porta,illumination,orb,1_5,5,0.55,125,123,1287
i_porta,illumination,orb,1_5,5,0.6,159,156,1287
i_porta,illumination,orb,1_5,5,0.65,200,192,1287
i_porta,illumination,orb,1_5,5,0.7,251,242,1287
i_porta,illumination,orb,1_5,5,0.75,322,301,1287
i_porta,illumination,orb,1_5,5,0.8,404,361,1287
i_porta,illumination,orb,1_5,5,0.85,522,431,1287
i_porta,illumination,orb,1_5,5,0.9,684,498,1287
i_porta,illumination,orb,1_5,5,0.95,1024,581,1287
i_porta,illumination,orb,1_5,5,0.99,1553,667,1287
i_porta,illumination,orb,1_6,6,0.5,110,108,1130
i_porta,illumination,orb,1_6,6,0.55,162,159,1130
i_porta,illumination,orb,1_6,6,0.6,200,196,1130
i_porta,illumination,orb,1_6,6,0.65,252,248,1130
i_porta,illumination,orb,1_6,6,0.7,301,291,1130
i_porta,illumination,orb,1_6,6,0.75,352,336,1130
i_porta,illumination,orb,1_6,6,0.8,414,386,1130
i_porta,illumination,orb,1_6,6,0.85,505,432,1130
i_porta,illumination,orb,1_6,6,0.9,665,486,1130
i_porta,illumination,orb,1_6,6,0.95,1005,539,1130
i_porta,illumination,orb,1_6,6,0.99,1558,583,1130
i_resort,illumination,sift,1_2,2,0.5,299,292,1883
i_resort,illumination,sift,1_2,2,0.55,400,389,1883
i_resort,illumination,sift,1_2,2,0.6,490,472,1883
i_resort,illumination,sift,1_2,2,0.65,580,559,1883
i_resort,illumination,sift,1_2,2,0.7,681,646,1883
i_resort,illumination,sift,1_2,2,0.75,775,717,1883
i_resort,illumination,sift,1_2,2,0.8,922,803,1883
i_resort,illumination,sift,1_2,2,0.85,1084,875,1883
i_resort,illumination,sift,1_2,2,0.9,1386,958,1883
i_resort,illumination,sift,1_2,2,0.95,1984,1015,1883
i_resort,illumination,sift,1_2,2,0.99,3104,1055,1883
i_resort,illumination,sift,1_3,3,0.5,1324,1320,2294
i_resort,illumination,sift,1_3,3,0.55,1431,1418,2294
i_resort,illumination,sift,1_3,3,0.6,1515,1497,2294
i_resort,illumination,sift,1_3,3,0.65,1589,1564,2294
i_resort,illumination,sift,1_3,3,0.7,1660,1622,2294
i_resort,illumination,sift,1_3,3,0.75,1740,1676,2294
i_resort,illumination,sift,1_3,3,0.8,1813,1715,2294
i_resort,illumination,sift,1_3,3,0.85,1912,1744,2294
i_resort,illumination,sift,1_3,3,0.9,2124,1779,2294
i_resort,illumination,sift,1_3,3,0.95,2554,1802,2294
i_resort,illumination,sift,1_3,3,0.99,3247,1818,2294
i_resort,illumination,sift,1_4,4,0.5,1042,1035,2111
i_resort,illumination,sift,1_4,4,0.55,1155,1146,2111
i_resort,illumination,sift,1_4,4,0.6,1243,1226,2111
i_resort,illumination,sift,1_4,4,0.65,1310,1284,2111
i_resort,illumination,sift,1_4,4,0.7,1388,1348,2111
i_resort,illumination,sift,1_4,4,0.75,1457,1405,2111
i_resort,illumination,sift,1_4,4,0.8,1558,1458,2111
i_resort,illumination,sift,1_4,4,0.85,1709,1502,2111
i_resort,illumination,sift,1_4,4,0.9,1924,1540,2111
i_resort,illumination,sift,1_4,4,0.95,2365,1566,2111
i_resort,illumination,sift,1_4,4,0.99,3202,1590,2111
i_resort,illumination,sift,1_5,5,0.5,173,170,1564
i_resort,illumination,sift,1_5,5,0.55,241,236,1564
i_resort,illumination,sift,1_5,5,0.6,313,305,1564
i_resort,illumination,sift,1_5,5,0.65,392,377,1564
i_resort,illumination,sift,1_5,5,0.7,481,455,1564
i_resort,illumination,sift,1_5,5,0.75,571,524,1564
i_resort,illumination,sift,1_5,5,0.8,690,598,1564
i_resort,illumination,sift,1_5,5,0.85,833,662,1564
i_resort,illumination,sift,1_5,5,0.9,1139,723,1564
i_resort,illumination,sift,1_5,5,0.95,1858,784,1564
i_resort,illumination,sift,1_5,5,0.99,3088,831,1564
i_resort,illumination,sift,1_6,6,0.5,516,507,1737
i_resort,illumination,sift,1_6,6,0.55,604,592,1737
i_resort,illumination,sift,1_6,6,0.6,707,686,1737
i_resort,illumination,sift,1_6,6,0.65,793,755,1737
i_resort,illumination,sift,1_6,6,0.7,877,823,1737
i_resort,illumination,sift,1_6,6,0.75,973,895,1737
i_resort,illumination,sift,1_6,6,0.8,1077,950,1737
i_resort,illumination,sift,1_6,6,0.85,1231,998,1737
i_resort,illumination,sift,1_6,6,0.9,1509,1045,1737
i_resort,illumination,sift,1_6,6,0.95,2132,1086,1737
i_resort,illumination,sift,1_6,6,0.99,3145,1114,1737
i_resort,illumination,orb,1_2,2,0.5,132,131,1559
i_resort,illumination,orb,1_2,2,0.55,183,180,1559
i_resort,illumination,orb,1_2,2,0.6,260,256,1559
i_resort,illumination,orb,1_2,2,0.65,336,325,1559
i_resort,illumination,orb,1_2,2,0.7,400,388,1559
i_resort,illumination,orb,1_2,2,0.75,504,482,1559
i_resort,illumination,orb,1_2,2,0.8,622,582,1559
i_resort,illumination,orb,1_2,2,0.85,764,683,1559
i_resort,illumination,orb,1_2,2,0.9,986,801,1559
i_resort,illumination,orb,1_2,2,0.95,1316,896,1559
i_resort,illumination,orb,1_2,2,0.99,1861,986,1559
i_resort,illumination,orb,1_3,3,0.5,960,958,1808
i_resort,illumination,orb,1_3,3,0.55,1054,1051,1808
i_resort,illumination,orb,1_3,3,0.6,1127,1122,1808
i_resort,illumination,orb,1_3,3,0.65,1196,1188,1808
i_resort,illumination,orb,1_3,3,0.7,1254,1243,1808
i_resort,illumination,orb,1_3,3,0.75,1317,1297,1808
i_resort,illumination,orb,1_3,3,0.8,1384,1355,1808
i_resort,illumination,orb,1_3,3,0.85,1468,1413,1808
i_resort,illumination,orb,1_3,3,0.9,1573,1475,1808
i_resort,illumination,orb,1_3,3,0.95,1737,1539,1808
i_resort,illumination,orb,1_3,3,0.99,1948,1577,1808
i_resort,illumination,orb,1_4,4,0.5,881,879,1735
i_resort,illumination,orb,1_4,4,0.55,947,945,1735
i_resort,illumination,orb,1_4,4,0.6,1019,1016,1735
i_resort,illumination,orb,1_4,4,0.65,1079,1075,1735
i_resort,illumination,orb,1_4,4,0.7,1143,1137,1735
i_resort,illumination,orb,1_4,4,0.75,1202,1191,1735
i_resort,illumination,orb,1_4,4,0.8,1268,1246,1735
i_resort,illumination,orb,1_4,4,0.85,1336,1290,1735
i_resort,illumination,orb,1_4,4,0.9,1442,1342,1735
i_resort,illumination,orb,1_4,4,0.95,1640,1406,1735
i_resort,illumination,orb,1_4,4,0.99,1924,1468,1735
i_resort,illumination,orb,1_5,5,0.5,86,84,1500
i_resort,illumination,orb,1_5,5,0.55,127,125,1500
i_resort,illumination,orb,1_5,5,0.6,181,177,1500
i_resort,illumination,orb,1_5,5,0.65,261,254,1500
i_resort,illumination,orb,1_5,5,0.7,350,335,1500
i_resort,illumination,orb,1_5,5,0.75,441,422,1500
i_resort,illumination,orb,1_5,5,0.8,555,513,1500
i_resort,illumination,orb,1_5,5,0.85,714,611,1500
i_resort,illumination,orb,1_5,5,0.9,911,702,1500
i_resort,illumination,orb,1_5,5,0.95,1290,805,1500
i_resort,illumination,orb,1_5,5,0.99,1842,888,1500
i_resort,illumination,orb,1_6,6,0.5,267,254,1483
i_resort,illumination,orb,1_6,6,0.55,337,320,1483
i_resort,illumination,orb,1_6,6,0.6,406,379,1483
i_resort,illumination,orb,1_6,6,0.65,474,439,1483
i_resort,illumination,orb,1_6,6,0.7,556,504,1483
i_resort,illumination,orb,1_6,6,0.75,654,580,1483
i_resort,illumination,orb,1_6,6,0.8,768,665,1483
i_resort,illumination,orb,1_6,6,0.85,920,749,1483
i_resort,illumination,orb,1_6,6,0.9,1112,820,1483
i_resort,illumination,orb,1_6,6,0.95,1435,916,1483
i_resort,illumination,orb,1_6,6,0.99,1896,979,1483
i_salon,illumination,sift,1_2,2,0.5,1106,1059,3347
i_salon,illumination,sift,1_2,2,0.55,1272,1214,3347
i_salon,illumination,sift,1_2,2,0.6,1445,1360,3347
i_salon,illumination,sift,1_2,2,0.65,1612,1501,3347
i_salon,illumination,sift,1_2,2,0.7,1758,1613,3347
i_salon,illumination,sift,1_2,2,0.75,1938,1729,3347
i_salon,illumination,sift,1_2,2,0.8,2159,1832,3347
i_salon,illumination,sift,1_2,2,0.85,2429,1925,3347
i_salon,illumination,sift,1_2,2,0.9,2875,2034,3347
i_salon,illumination,sift,1_2,2,0.95,3629,2141,3347
i_salon,illumination,sift,1_2,2,0.99,4734,2209,3347
i_salon,illumination,sift,1_3,3,0.5,155,150,2280
i_salon,illumination,sift,1_3,3,0.55,201,191,2280
i_salon,illumination,sift,1_3,3,0.6,274,250,2280
i_salon,illumination,sift,1_3,3,0.65,361,319,2280
i_salon,illumination,sift,1_3,3,0.7,466,398,2280
i_salon,illumination,sift,1_3,3,0.75,607,468,2280
i_salon,illumination,sift,1_3,3,0.8,804,555,2280
i_salon,illumination,sift,1_3,3,0.85,1093,655,2280
i_salon,illumination,sift,1_3,3,0.9,1580,748,2280
i_salon,illumination,sift,1_3,3,0.95,2590,857,2280
i_salon,illumination,sift,1_3,3,0.99,4352,929,2280
i_salon,illumination,sift,1_4,4,0.5,27,26,1446
i_salon,illumination,sift,1_4,4,0.55,47,46,1446
i_salon,illumination,sift,1_4,4,0.6,61,56,1446
i_salon,illumination,sift,1_4,4,0.65,83,71,1446
i_salon,illumination,sift,1_4,4,0.7,120,94,1446
i_salon,illumination,sift,1_4,4,0.75,178,114,1446
i_salon,illumination,sift,1_4,4,0.8,269,134,1446
i_salon,illumination,sift,1_4,4,0.85,497,175,1446
i_salon,illumination,sift,1_4,4,0.9,990,227,1446
i_salon,illumination,sift,1_4,4,0.95,2170,272,1446
i_salon,illumination,sift,1_4,4,0.99,4238,310,1446
i_salon,illumination,sift,1_5,5,0.5,485,468,3226
i_salon,illumination,sift,1_5,5,0.55,579,555,3226
i_salon,illumination,sift,1_5,5,0.6,681,631,3226
i_salon,illumination,sift,1_5,5,0.65,795,723,3226
i_salon,illumination,sift,1_5,5,0.7,938,822,3226
i_salon,illumination,sift,1_5,5,0.75,1092,924,3226
i_salon,illumination,sift,1_5,5,0.8,1311,1034,3226
i_salon,illumination,sift,1_5,5,0.85,1607,1141,3226
i_salon,illumination,sift,1_5,5,0.9,2099,1250,3226
i_salon,illumination,sift,1_5,5,0.95,3046,1361,3226
i_salon,illumination,sift,1_5,5,0.99,4524,1455,3226
i_salon,illumination,sift,1_6,6,0.5,122,112,2563
i_salon,illumination,sift,1_6,6,0.55,163,146,2563
i_salon,illumination,sift,1_6,6,0.6,220,188,2563
i_salon,illumination,sift,1_6,6,0.65,294,243,2563
i_salon,illumination,sift,1_6,6,0.7,397,302,2563
i_salon,illumination,sift,1_6,6,0.75,507,361,2563
i_salon,illumination,sift,1_6,6,0.8,685,433,2563
i_salon,illumination,sift,1_6,6,0.85,947,507,2563
i_salon,illumination,sift,1_6,6,0.9,1460,591,2563
i_salon,illumination,sift,1_6,6,0.95,2513,699,2563
i_salon,illumination,sift,1_6,6,0.99,4384,783,2563
i_salon,illumination,orb,1_2,2,0.5,441,429,1757
i_salon,illumination,orb,1_2,2,0.55,541,523,1757
i_salon,illumination,orb,1_2,2,0.6,635,607,1757
i_salon,illumination,orb,1_2,2,0.65,738,701,1757
i_salon,illumination,orb,1_2,2,0.7,840,785,1757
i_salon,illumination,orb,1_2,2,0.75,934,860,1757
i_salon,illumination,orb,1_2,2,0.8,1047,939,1757
i_salon,illumination,orb,1_2,2,0.85,1210,1031,1757
i_salon,illumination,orb,1_2,2,0.9,1342,1100,1757
i_salon,illumination,orb,1_2,2,0.95,1566,1177,1757
i_salon,illumination,orb,1_2,2,0.99,1914,1233,1757
i_salon,illumination,orb,1_3,3,0.5,39,38,1304
i_salon,illumination,orb,1_3,3,0.55,69,67,1304
i_salon,illumination,orb,1_3,3,0.6,93,85,1304
i_salon,illumination,orb,1_3,3,0.65,131,117,1304
i_salon,illumination,orb,1_3,3,0.7,165,148,1304
i_salon,illumination,orb,1_3,3,0.75,224,185,1304
i_salon,illumination,orb,1_3,3,0.8,320,244,1304
i_salon,illumination,orb,1_3,3,0.85,466,304,1304
i_salon,illumination,orb,1_3,3,0.9,675,362,1304
i_salon,illumination,orb,1_3,3,0.95,1106,431,1304
i_salon,illumination,orb,1_3,3,0.99,1821,499,1304
i_salon,illumination,orb,1_4,4,0.5,3,2,907
i_salon,illumination,orb,1_4,4,0.55,10,9,907
i_salon,illumination,orb,1_4,4,0.6,17,16,907
i_salon,illumination,orb,1_4,4,0.65,29,26,907
i_salon,illumination,orb,1_4,4,0.7,45,37,907
i_salon,illumination,orb,1_4,4,0.75,66,48,907
i_salon,illumination,orb,1_4,4,0.8,109,57,907
i_salon,illumination,orb,1_4,4,0.85,203,75,907
i_salon,illumination,orb,1_4,4,0.9,427,99,907
i_salon,illumination,orb,1_4,4,0.95,948,125,907
i_salon,illumination,orb,1_4,4,0.99,1812,146,907
i_salon,illumination,orb,1_5,5,0.5,140,136,1566
i_salon,illumination,orb,1_5,5,0.55,199,194,1566
i_salon,illumination,orb,1_5,5,0.6,250,239,1566
i_salon,illumination,orb,1_5,5,0.65,300,285,1566
i_salon,illumination,orb,1_5,5,0.7,360,336,1566
i_salon,illumination,orb,1_5,5,0.75,426,379,1566
i_salon,illumination,orb,1_5,5,0.8,543,459,1566
i_salon,illumination,orb,1_5,5,0.85,669,529,1566
i_salon,illumination,orb,1_5,5,0.9,906,613,1566
i_salon,illumination,orb,1_5,5,0.95,1296,696,1566
i_salon,illumination,orb,1_5,5,0.99,1858,740,1566
i_salon,illumination,orb,1_6,6,0.5,22,20,1272
i_salon,illumination,orb,1_6,6,0.55,36,30,1272
i_salon,illumination,orb,1_6,6,0.6,51,45,1272
i_salon,illumination,orb,1_6,6,0.65,88,74,1272
i_salon,illumination,orb,1_6,6,0.7,130,105,1272
i_salon,illumination,orb,1_6,6,0.75,178,136,1272
i_salon,illumination,orb,1_6,6,0.8,251,171,1272
i_salon,illumination,orb,1_6,6,0.85,381,217,1272
i_salon,illumination,orb,1_6,6,0.9,618,261,1272
i_salon,illumination,orb,1_6,6,0.95,1102,331,1272
i_salon,illumination,orb,1_6,6,0.99,1833,397,1272
i_santuario,illumination,sift,1_2,2,0.5,319,279,2126
i_santuario,illumination,sift,1_2,2,0.55,413,357,2126
i_santuario,illumination,sift,1_2,2,0.6,499,422,2126
i_santuario,illumination,sift,1_2,2,0.65,584,480,2126
i_santuario,illumination,sift,1_2,2,0.7,698,559,2126
i_santuario,illumination,sift,1_2,2,0.75,820,637,2126
i_santuario,illumination,sift,1_2,2,0.8,993,712,2126
i_santuario,illumination,sift,1_2,2,0.85,1249,772,2126
i_santuario,illumination,sift,1_2,2,0.9,1636,835,2126
i_santuario,illumination,sift,1_2,2,0.95,2463,894,2126
i_santuario,illumination,sift,1_2,2,0.99,3862,949,2126
i_santuario,illumination,sift,1_3,3,0.5,302,225,1977
i_santuario,illumination,sift,1_3,3,0.55,382,279,1977
i_santuario,illumination,sift,1_3,3,0.6,467,329,1977
i_santuario,illumination,sift,1_3,3,0.65,563,389,1977
i_santuario,illumination,sift,1_3,3,0.7,678,447,1977
i_santuario,illumination,sift,1_3,3,0.75,794,497,1977
i_santuario,illumination,sift,1_3,3,0.8,993,562,1977
i_santuario,illumination,sift,1_3,3,0.85,1245,621,1977
i_santuario,illumination,sift,1_3,3,0.9,1666,672,1977
i_santuario,illumination,sift,1_3,3,0.95,2528,715,1977
i_santuario,illumination,sift,1_3,3,0.99,3846,749,1977
i_santuario,illumination,sift,1_4,4,0.5,145,42,1271
i_santuario,illumination,sift,1_4,4,0.55,191,53,1271
i_santuario,illumination,sift,1_4,4,0.6,259,71,1271
i_santuario,illumination,sift,1_4,4,0.65,324,90,1271
i_santuario,illumination,sift,1_4,4,0.7,407,110,1271
i_santuario,illumination,sift,1_4,4,0.75,511,135,1271
i_santuario,illumination,sift,1_4,4,0.8,655,157,1271
i_santuario,illumination,sift,1_4,4,0.85,880,184,1271
i_santuario,illumination,sift,1_4,4,0.9,1311,211,1271
i_santuario,illumination,sift,1_4,4,0.95,2208,238,1271
i_santuario,illumination,sift,1_4,4,0.99,3809,269,1271
i_santuario,illumination,sift,1_5,5,0.5,205,193,2122
i_santuario,illumination,sift,1_5,5,0.55,265,250,2122
i_santuario,illumination,sift,1_5,5,0.6,335,310,2122
i_santuario,illumination,sift,1_5,5,0.65,415,372,2122
i_santuario,illumination,sift,1_5,5,0.7,527,446,2122
i_santuario,illumination,sift,1_5,5,0.75,652,515,2122
i_santuario,illumination,sift,1_5,5,0.8,816,595,2122
i_santuario,illumination,sift,1_5,5,0.85,1081,683,2122
i_santuario,illumination,sift,1_5,5,0.9,1494,759,2122
i_santuario,illumination,sift,1_5,5,0.95,2404,835,2122
i_santuario,illumination,sift,1_5,5,0.99,3837,896,2122
i_santuario,illumination,sift,1_6,6,0.5,112,99,1461
i_santuario,illumination,sift,1_6,6,0.55,139,121,1461
i_santuario,illumination,sift,1_6,6,0.6,192,160,1461
i_santuario,illumination,sift,1_6,6,0.65,247,199,1461
i_santuario,illumination,sift,1_6,6,0.7,331,247,1461
i_santuario,illumination,sift,1_6,6,0.75,410,287,1461
i_santuario,illumination,sift,1_6,6,0.8,541,339,1461
i_santuario,illumination,sift,1_6,6,0.85,781,378,1461
i_santuario,illumination,sift,1_6,6,0.9,1214,425,1461
i_santuario,illumination,sift,1_6,6,0.95,2166,482,1461
i_santuario,illumination,sift,1_6,6,0.99,3763,519,1461
i_santuario,illumination,orb,1_2,2,0.5,88,75,1093
i_santuario,illumination,orb,1_2,2,0.55,121,100,1093
i_santuario,illumination,orb,1_2,2,0.6,147,115,1093
i_santuario,illumination,orb,1_2,2,0.65,172,135,1093
i_santuario,illumination,orb,1_2,2,0.7,220,172,1093
i_santuario,illumination,orb,1_2,2,0.75,261,196,1093
i_santuario,illumination,orb,1_2,2,0.8,341,237,1093
i_santuario,illumination,orb,1_2,2,0.85,461,277,1093
i_santuario,illumination,orb,1_2,2,0.9,667,309,1093
i_santuario,illumination,orb,1_2,2,0.95,1083,360,1093
i_santuario,illumination,orb,1_2,2,0.99,1820,403,1093
i_santuario,illumination,orb,1_3,3,0.5,73,57,1093
i_santuario,illumination,orb,1_3,3,0.55,109,83,1093
i_santuario,illumination,orb,1_3,3,0.6,137,102,1093
i_santuario,illumination,orb,1_3,3,0.65,170,119,1093
i_santuario,illumination,orb,1_3,3,0.7,217,153,1093
i_santuario,illumination,orb,1_3,3,0.75,264,177,1093
i_santuario,illumination,orb,1_3,3,0.8,335,201,1093
i_santuario,illumination,orb,1_3,3,0.85,456,236,1093
i_santuario,illumination,orb,1_3,3,0.9,667,272,1093
i_santuario,illumination,orb,1_3,3,0.95,1066,314,1093
i_santuario,illumination,orb,1_3,3,0.99,1805,373,1093
i_santuario,illumination,orb,1_4,4,0.5,13,5,573
i_santuario,illumination,orb,1_4,4,0.55,30,13,573
i_santuario,illumination,orb,1_4,4,0.6,39,18,573
i_santuario,illumination,orb,1_4,4,0.65,64,25,573
i_santuario,illumination,orb,1_4,4,0.7,81,32,573
i_santuario,illumination,orb,1_4,4,0.75,112,48,573
i_santuario,illumination,orb,1_4,4,0.8,156,56,573
i_santuario,illumination,orb,1_4,4,0.85,245,66,573
i_santuario,illumination,orb,1_4,4,0.9,443,74,573
i_santuario,illumination,orb,1_4,4,0.95,899,83,573
i_santuario,illumination,orb,1_4,4,0.99,1781,103,573
i_santuario,illumination,orb,1_5,5,0.5,27,26,1038
i_santuario,illumination,orb,1_5,5,0.55,42,39,1038
i_santuario,illumination,orb,1_5,5,0.6,58,53,1038
i_santuario,illumination,orb,1_5,5,0.65,86,77,1038
i_santuario,illumination,orb,1_5,5,0.7,118,106,1038
i_santuario,illumination,orb,1_5,5,0.75,153,131,1038
i_santuario,illumination,orb,1_5,5,0.8,218,167,1038
i_santuario,illumination,orb,1_5,5,0.85,320,204,1038
i_santuario,illumination,orb,1_5,5,0.9,542,247,1038
i_santuario,illumination,orb,1_5,5,0.95,1005,287,1038
i_santuario,illumination,orb,1_5,5,0.99,1784,326,1038
i_santuario,illumination,orb,1_6,6,0.5,8,8,543
i_santuario,illumination,orb,1_6,6,0.55,14,14,543
i_santuario,illumination,orb,1_6,6,0.6,19,19,543
i_santuario,illumination,orb,1_6,6,0.65,28,28,543
i_santuario,illumination,orb,1_6,6,0.7,41,37,543
i_santuario,illumination,orb,1_6,6,0.75,59,49,543
i_santuario,illumination,orb,1_6,6,0.8,90,62,543
i_santuario,illumination,orb,1_6,6,0.85,179,78,543
i_santuario,illumination,orb,1_6,6,0.9,376,96,543
i_santuario,illumination,orb,1_6,6,0.95,842,126,543
i_santuario,illumination,orb,1_6,6,0.99,1766,150,543
i_school,illumination,sift,1_2,2,0.5,257,256,870
i_school,illumination,sift,1_2,2,0.55,302,300,870
i_school,illumination,sift,1_2,2,0.6,344,341,870
i_school,illumination,sift,1_2,2,0.65,392,384,870
i_school,illumination,sift,1_2,2,0.7,440,425,870
i_school,illumination,sift,1_2,2,0.75,480,458,870
i_school,illumination,sift,1_2,2,0.8,518,479,870
i_school,illumination,sift,1_2,2,0.85,583,514,870
i_school,illumination,sift,1_2,2,0.9,681,541,870
i_school,illumination,sift,1_2,2,0.95,849,567,870
i_school,illumination,sift,1_2,2,0.99,1114,585,870
i_school,illumination,sift,1_3,3,0.5,233,233,843
i_school,illumination,sift,1_3,3,0.55,293,292,843
i_school,illumination,sift,1_3,3,0.6,338,334,843
i_school,illumination,sift,1_3,3,0.65,395,387,843
i_school,illumination,sift,1_3,3,0.7,440,427,843
i_school,illumination,sift,1_3,3,0.75,476,455,843
i_school,illumination,sift,1_3,3,0.8,525,482,843
i_school,illumination,sift,1_3,3,0.85,591,511,843
i_school,illumination,sift,1_3,3,0.9,695,542,843
i_school,illumination,sift,1_3,3,0.95,897,561,843
i_school,illumination,sift,1_3,3,0.99,1122,585,843
i_school,illumination,sift,1_4,4,0.5,59,58,552
i_school,illumination,sift,1_4,4,0.55,80,77,552
i_school,illumination,sift,1_4,4,0.6,99,94,552
i_school,illumination,sift,1_4,4,0.65,138,126,552
i_school,illumination,sift,1_4,4,0.7,164,146,552
i_school,illumination,sift,1_4,4,0.75,185,160,552
i_school,illumination,sift,1_4,4,0.8,237,177,552
i_school,illumination,sift,1_4,4,0.85,305,199,552
i_school,illumination,sift,1_4,4,0.9,419,218,552
i_school,illumination,sift,1_4,4,0.95,686,239,552
i_school,illumination,sift,1_4,4,0.99,1053,257,552
i_school,illumination,sift,1_5,5,0.5,124,121,777
i_school,illumination,sift,1_5,5,0.55,160,157,777
i_school,illumination,sift,1_5,5,0.6,217,211,777
i_school,illumination,sift,1_5,5,0.65,268,258,777
i_school,illumination,sift,1_5,5,0.7,304,286,777
i_school,illumination,sift,1_5,5,0.75,353,321,777
i_school,illumination,sift,1_5,5,0.8,407,354,777
i_school,illumination,sift,1_5,5,0.85,481,389,777
i_school,illumination,sift,1_5,5,0.9,593,417,777
i_school,illumination,sift,1_5,5,0.95,785,433,777
i_school,illumination,sift,1_5,5,0.99,1080,458,777
i_school,illumination,sift,1_6,6,0.5,60,55,516
i_school,illumination,sift,1_6,6,0.55,96,84,516
i_school,illumination,sift,1_6,6,0.6,121,104,516
i_school,illumination,sift,1_6,6,0.65,141,118,516
i_school,illumination,sift,1_6,6,0.7,173,139,516
i_school,illumination,sift,1_6,6,0.75,214,162,516
i_school,illumination,sift,1_6,6,0.8,254,180,516
i_school,illumination,sift,1_6,6,0.85,330,199,516
i_school,illumination,sift,1_6,6,0.9,475,217,516
i_school,illumination,sift,1_6,6,0.95,730,231,516
i_school,illumination,sift,1_6,6,0.99,1076,242,516
i_school,illumination,orb,1_2,2,0.5,222,221,1515
i_school,illumination,orb,1_2,2,0.55,296,294,1515
i_school,illumination,orb,1_2,2,0.6,361,357,1515
i_school,illumination,orb,1_2,2,0.65,447,441,1515
i_school,illumination,orb,1_2,2,0.7,509,503,1515
i_school,illumination,orb,1_2,2,0.75,596,577,1515
i_school,illumination,orb,1_2,2,0.8,705,666,1515
i_school,illumination,orb,1_2,2,0.85,841,753,1515
i_school,illumination,orb,1_2,2,0.9,1009,832,1515
i_school,illumination,orb,1_2,2,0.95,1268,918,1515
i_school,illumination,orb,1_2,2,0.99,1644,1010,1515
i_school,illumination,orb,1_3,3,0.5,232,229,1519
i_school,illumination,orb,1_3,3,0.55,301,298,1519
i_school,illumination,orb,1_3,3,0.6,370,366,1519
i_school,illumination,orb,1_3,3,0.65,432,428,1519
i_school,illumination,orb,1_3,3,0.7,513,504,1519
i_school,illumination,orb,1_3,3,0.75,607,588,1519
i_school,illumination,orb,1_3,3,0.8,717,676,1519
i_school,illumination,orb,1_3,3,0.85,850,764,1519
i_school,illumination,orb,1_3,3,0.9,1009,837,1519
i_school,illumination,orb,1_3,3,0.95,1274,923,1519
i_school,illumination,orb,1_3,3,0.99,1638,980,1519
i_school,illumination,orb,1_4,4,0.5,13,13,1116
i_school,illumination,orb,1_4,4,0.55,18,18,1116
i_school,illumination,orb,1_4,4,0.6,28,28,1116
i_school,illumination,orb,1_4,4,0.65,48,45,1116
i_school,illumination,orb,1_4,4,0.7,68,62,1116
i_school,illumination,orb,1_4,4,0.75,109,92,1116
i_school,illumination,orb,1_4,4,0.8,166,121,1116
i_school,illumination,orb,1_4,4,0.85,250,144,1116
i_school,illumination,orb,1_4,4,0.9,406,173,1116
i_school,illumination,orb,1_4,4,0.95,813,218,1116
i_school,illumination,orb,1_4,4,0.99,1549,268,1116
i_school,illumination,orb,1_5,5,0.5,65,64,1430
i_school,illumination,orb,1_5,5,0.55,100,99,1430
i_school,illumination,orb,1_5,5,0.6,133,132,1430
i_school,illumination,orb,1_5,5,0.65,183,179,1430
i_school,illumination,orb,1_5,5,0.7,235,226,1430
i_school,illumination,orb,1_5,5,0.75,285,271,1430
i_school,illumination,orb,1_5,5,0.8,369,337,1430
i_school,illumination,orb,1_5,5,0.85,485,399,1430
i_school,illumination,orb,1_5,5,0.9,673,474,1430
i_school,illumination,orb,1_5,5,0.95,1062,567,1430
i_school,illumination,orb,1_5,5,0.99,1596,630,1430
i_school,illumination,orb,1_6,6,0.5,13,13,1008
i_school,illumination,orb,1_6,6,0.55,26,26,1008
i_school,illumination,orb,1_6,6,0.6,38,37,1008
i_school,illumination,orb,1_6,6,0.65,57,51,1008
i_school,illumination,orb,1_6,6,0.7,86,73,1008
i_school,illumination,orb,1_6,6,0.75,126,103,1008
i_school,illumination,orb,1_6,6,0.8,184,131,1008
i_school,illumination,orb,1_6,6,0.85,286,169,1008
i_school,illumination,orb,1_6,6,0.9,478,211,1008
i_school,illumination,orb,1_6,6,0.95,911,265,1008
i_school,illumination,orb,1_6,6,0.99,1569,300,1008
i_ski,illumination,sift,1_2,2,0.5,417,413,1300
i_ski,illumination,sift,1_2,2,0.55,483,478,1300
i_ski,illumination,sift,1_2,2,0.6,563,557,1300
i_ski,illumination,sift,1_2,2,0.65,635,623,1300
i_ski,illumination,sift,1_2,2,0.7,711,689,1300
i_ski,illumination,sift,1_2,2,0.75,769,737,1300
i_ski,illumination,sift,1_2,2,0.8,834,780,1300
i_ski,illumination,sift,1_2,2,0.85,914,818,1300
i_ski,illumination,sift,1_2,2,0.9,1087,855,1300
i_ski,illumination,sift,1_2,2,0.95,1471,885,1300
i_ski,illumination,sift,1_2,2,0.99,2109,911,1300
i_ski,illumination,sift,1_3,3,0.5,209,202,1099
i_ski,illumination,sift,1_3,3,0.55,271,263,1099
i_ski,illumination,sift,1_3,3,0.6,317,307,1099
i_ski,illumination,sift,1_3,3,0.65,367,353,1099
i_ski,illumination,sift,1_3,3,0.7,417,396,1099
i_ski,illumination,sift,1_3,3,0.75,477,447,1099
i_ski,illumination,sift,1_3,3,0.8,548,485,1099
i_ski,illumination,sift,1_3,3,0.85,638,519,1099
i_ski,illumination,sift,1_3,3,0.9,811,554,1099
i_ski,illumination,sift,1_3,3,0.95,1244,586,1099
i_ski,illumination,sift,1_3,3,0.99,2040,612,1099
i_ski,illumination,sift,1_4,4,0.5,122,118,1063
i_ski,illumination,sift,1_4,4,0.55,160,155,1063
i_ski,illumination,sift,1_4,4,0.6,207,201,1063
i_ski,illumination,sift,1_4,4,0.65,257,249,1063
i_ski,illumination,sift,1_4,4,0.7,294,277,1063
i_ski,illumination,sift,1_4,4,0.75,349,317,1063
i_ski,illumination,sift,1_4,4,0.8,412,358,1063
i_ski,illumination,sift,1_4,4,0.85,513,392,1063
i_ski,illumination,sift,1_4,4,0.9,691,424,1063
i_ski,illumination,sift,1_4,4,0.95,1177,466,1063
i_ski,illumination,sift,1_4,4,0.99,2013,492,1063
i_ski,illumination,sift,1_5,5,0.5,74,72,945
i_ski,illumination,sift,1_5,5,0.55,104,101,945
i_ski,illumination,sift,1_5,5,0.6,136,133,945
i_ski,illumination,sift,1_5,5,0.65,174,168,945
i_ski,illumination,sift,1_5,5,0.7,207,195,945
i_ski,illumination,sift,1_5,5,0.75,249,225,945
i_ski,illumination,sift,1_5,5,0.8,317,261,945
i_ski,illumination,sift,1_5,5,0.85,429,290,945
i_ski,illumination,sift,1_5,5,0.9,616,315,945
i_ski,illumination,sift,1_5,5,0.95,1104,339,945
i_ski,illumination,sift,1_5,5,0.99,1988,365,945
i_ski,illumination,sift,1_6,6,0.5,44,42,862
i_ski,illumination,sift,1_6,6,0.55,68,65,862
i_ski,illumination,sift,1_6,6,0.6,83,79,862
i_ski,illumination,sift,1_6,6,0.65,109,104,862
i_ski,illumination,sift,1_6,6,0.7,136,126,862
i_ski,illumination,sift,1_6,6,0.75,182,159,862
i_ski,illumination,sift,1_6,6,0.8,226,183,862
i_ski,illumination,sift,1_6,6,0.85,307,200,862
i_ski,illumination,sift,1_6,6,0.9,531,227,862
i_ski,illumination,sift,1_6,6,0.95,1063,257,862
i_ski,illumination,sift,1_6,6,0.99,1975,282,862
i_ski,illumination,orb,1_2,2,0.5,274,269,1746
i_ski,illumination,orb,1_2,2,0.55,362,355,1746
i_ski,illumination,orb,1_2,2,0.6,445,432,1746
i_ski,illumination,orb,1_2,2,0.65,528,508,1746
i_ski,illumination,orb,1_2,2,0.7,639,604,1746
i_ski,illumination,orb,1_2,2,0.75,746,694,1746
i_ski,illumination,orb,1_2,2,0.8,855,778,1746
i_ski,illumination,orb,1_2,2,0.85,1007,865,1746
i_ski,illumination,orb,1_2,2,0.9,1209,973,1746
i_ski,illumination,orb,1_2,2,0.95,1493,1058,1746
i_ski,illumination,orb,1_2,2,0.99,1897,1157,1746
i_ski,illumination,orb,1_3,3,0.5,77,74,1576
i_ski,illumination,orb,1_3,3,0.55,122,116,1576
i_ski,illumination,orb,1_3,3,0.6,158,150,1576
i_ski,illumination,orb,1_3,3,0.65,222,209,1576
i_ski,illumination,orb,1_3,3,0.7,290,266,1576
i_ski,illumination,orb,1_3,3,0.75,389,342,1576
i_ski,illumination,orb,1_3,3,0.8,527,436,1576
i_ski,illumination,orb,1_3,3,0.85,660,508,1576
i_ski,illumination,orb,1_3,3,0.9,902,617,1576
i_ski,illumination,orb,1_3,3,0.95,1280,717,1576
i_ski,illumination,orb,1_3,3,0.99,1880,791,1576
i_ski,illumination,orb,1_4,4,0.5,14,13,1464
i_ski,illumination,orb,1_4,4,0.55,34,30,1464
i_ski,illumination,orb,1_4,4,0.6,59,53,1464
i_ski,illumination,orb,1_4,4,0.65,98,86,1464
i_ski,illumination,orb,1_4,4,0.7,153,131,1464
i_ski,illumination,orb,1_4,4,0.75,207,165,1464
i_ski,illumination,orb,1_4,4,0.8,292,214,1464
i_ski,illumination,orb,1_4,4,0.85,453,291,1464
i_ski,illumination,orb,1_4,4,0.9,674,363,1464
i_ski,illumination,orb,1_4,4,0.95,1096,456,1464
i_ski,illumination,orb,1_4,4,0.99,1833,539,1464
i_ski,illumination,orb,1_5,5,0.5,5,5,1340
i_ski,illumination,orb,1_5,5,0.55,18,17,1340
i_ski,illumination,orb,1_5,5,0.6,32,28,1340
i_ski,illumination,orb,1_5,5,0.65,48,40,1340
i_ski,illumination,orb,1_5,5,0.7,72,56,1340
i_ski,illumination,orb,1_5,5,0.75,128,92,1340
i_ski,illumination,orb,1_5,5,0.8,194,128,1340
i_ski,illumination,orb,1_5,5,0.85,335,185,1340
i_ski,illumination,orb,1_5,5,0.9,564,242,1340
i_ski,illumination,orb,1_5,5,0.95,1028,306,1340
i_ski,illumination,orb,1_5,5,0.99,1782,379,1340
i_ski,illumination,orb,1_6,6,0.5,4,4,1209
i_ski,illumination,orb,1_6,6,0.55,4,4,1209
i_ski,illumination,orb,1_6,6,0.6,9,6,1209
i_ski,illumination,orb,1_6,6,0.65,12,7,1209
i_ski,illumination,orb,1_6,6,0.7,27,15,1209
i_ski,illumination,orb,1_6,6,0.75,54,29,1209
i_ski,illumination,orb,1_6,6,0.8,107,46,1209
i_ski,illumination,orb,1_6,6,0.85,210,76,1209
i_ski,illumination,orb,1_6,6,0.9,423,105,1209
i_ski,illumination,orb,1_6,6,0.95,952,153,1209
i_ski,illumination,orb,1_6,6,0.99,1776,204,1209
i_smurf,illumination,sift,1_2,2,0.5,441,436,1377
i_smurf,illumination,sift,1_2,2,0.55,500,492,1377
i_smurf,illumination,sift,1_2,2,0.6,572,563,1377
i_smurf,illumination,sift,1_2,2,0.65,634,622,1377
i_smurf,illumination,sift,1_2,2,0.7,707,691,1377
i_smurf,illumination,sift,1_2,2,0.75,778,748,1377
i_smurf,illumination,sift,1_2,2,0.8,863,801,1377
i_smurf,illumination,sift,1_2,2,0.85,982,855,1377
i_smurf,illumination,sift,1_2,2,0.9,1164,906,1377
i_smurf,illumination,sift,1_2,2,0.95,1478,941,1377
i_smurf,illumination,sift,1_2,2,0.99,2016,970,1377
i_smurf,illumination,sift,1_3,3,0.5,465,464,1393
i_smurf,illumination,sift,1_3,3,0.55,512,510,1393
i_smurf,illumination,sift,1_3,3,0.6,561,555,1393
i_smurf,illumination,sift,1_3,3,0.65,611,603,1393
i_smurf,illumination,sift,1_3,3,0.7,670,652,1393
i_smurf,illumination,sift,1_3,3,0.75,741,707,1393
i_smurf,illumination,sift,1_3,3,0.8,815,756,1393
i_smurf,illumination,sift,1_3,3,0.85,921,796,1393
i_smurf,illumination,sift,1_3,3,0.9,1112,837,1393
i_smurf,illumination,sift,1_3,3,0.95,1443,871,1393
i_smurf,illumination,sift,1_3,3,0.99,1968,903,1393
i_smurf,illumination,sift,1_4,4,0.5,366,363,1339
i_smurf,illumination,sift,1_4,4,0.55,430,427,1339
i_smurf,illumination,sift,1_4,4,0.6,476,470,1339
i_smurf,illumination,sift,1_4,4,0.65,522,512,1339
i_smurf,illumination,sift,1_4,4,0.7,575,556,1339
i_smurf,illumination,sift,1_4,4,0.75,635,599,1339
i_smurf,illumination,sift,1_4,4,0.8,710,646,1339
i_smurf,illumination,sift,1_4,4,0.85,822,693,1339
i_smurf,illumination,sift,1_4,4,0.9,1014,744,1339
i_smurf,illumination,sift,1_4,4,0.95,1395,791,1339
i_smurf,illumination,sift,1_4,4,0.99,1992,826,1339
i_smurf,illumination,sift,1_5,5,0.5,312,310,1269
i_smurf,illumination,sift,1_5,5,0.55,355,351,1269
i_smurf,illumination,sift,1_5,5,0.6,397,393,1269
i_smurf,illumination,sift,1_5,5,0.65,443,436,1269
i_smurf,illumination,sift,1_5,5,0.7,492,473,1269
i_smurf,illumination,sift,1_5,5,0.75,559,529,1269
i_smurf,illumination,sift,1_5,5,0.8,630,571,1269
i_smurf,illumination,sift,1_5,5,0.85,737,607,1269
i_smurf,illumination,sift,1_5,5,0.9,937,648,1269
i_smurf,illumination,sift,1_5,5,0.95,1347,686,1269
i_smurf,illumination,sift,1_5,5,0.99,1955,710,1269
i_smurf,illumination,sift,1_6,6,0.5,258,251,1063
i_smurf,illumination,sift,1_6,6,0.55,306,299,1063
i_smurf,illumination,sift,1_6,6,0.6,347,340,1063
i_smurf,illumination,sift,1_6,6,0.65,391,379,1063
i_smurf,illumination,sift,1_6,6,0.7,431,413,1063
i_smurf,illumination,sift,1_6,6,0.75,474,439,1063
i_smurf,illumination,sift,1_6,6,0.8,537,470,1063
i_smurf,illumination,sift,1_6,6,0.85,655,501,1063
i_smurf,illumination,sift,1_6,6,0.9,820,520,1063
i_smurf,illumination,sift,1_6,6,0.95,1247,544,1063
i_smurf,illumination,sift,1_6,6,0.99,1955,565,1063
i_smurf,illumination,orb,1_2,2,0.5,266,263,1473
i_smurf,illumination,orb,1_2,2,0.55,344,340,1473
i_smurf,illumination,orb,1_2,2,0.6,416,406,1473
i_smurf,illumination,orb,1_2,2,0.65,501,485,1473
i_smurf,illumination,orb,1_2,2,0.7,586,561,1473
i_smurf,illumination,orb,1_2,2,0.75,680,635,1473
i_smurf,illumination,orb,1_2,2,0.8,790,723,1473
i_smurf,illumination,orb,1_2,2,0.85,933,800,1473
i_smurf,illumination,orb,1_2,2,0.9,1109,869,1473
i_smurf,illumination,orb,1_2,2,0.95,1440,950,1473
i_smurf,illumination,orb,1_2,2,0.99,1866,1017,1473
i_smurf,illumination,orb,1_3,3,0.5,194,193,1409
i_smurf,illumination,orb,1_3,3,0.55,257,255,1409
i_smurf,illumination,orb,1_3,3,0.6,309,304,1409
i_smurf,illumination,orb,1_3,3,0.65,372,364,1409
i_smurf,illumination,orb,1_3,3,0.7,441,430,1409
i_smurf,illumination,orb,1_3,3,0.75,510,485,1409
i_smurf,illumination,orb,1_3,3,0.8,613,559,1409
i_smurf,illumination,orb,1_3,3,0.85,765,648,1409
i_smurf,illumination,orb,1_3,3,0.9,965,734,1409
i_smurf,illumination,orb,1_3,3,0.95,1338,831,1409
i_smurf,illumination,orb,1_3,3,0.99,1857,895,1409
i_smurf,illumination,orb,1_4,4,0.5,151,151,1379
i_smurf,illumination,orb,1_4,4,0.55,214,213,1379
i_smurf,illumination,orb,1_4,4,0.6,285,282,1379
i_smurf,illumination,orb,1_4,4,0.65,350,341,1379
i_smurf,illumination,orb,1_4,4,0.7,417,394,1379
i_smurf,illumination,orb,1_4,4,0.75,494,463,1379
i_smurf,illumination,orb,1_4,4,0.8,599,542,1379
i_smurf,illumination,orb,1_4,4,0.85,719,606,1379
i_smurf,illumination,orb,1_4,4,0.9,923,689,1379
i_smurf,illumination,orb,1_4,4,0.95,1308,789,1379
i_smurf,illumination,orb,1_4,4,0.99,1838,863,1379
i_smurf,illumination,orb,1_5,5,0.5,132,127,1380
i_smurf,illumination,orb,1_5,5,0.55,188,181,1380
i_smurf,illumination,orb,1_5,5,0.6,246,233,1380
i_smurf,illumination,orb,1_5,5,0.65,317,301,1380
i_smurf,illumination,orb,1_5,5,0.7,373,351,1380
i_smurf,illumination,orb,1_5,5,0.75,444,406,1380
i_smurf,illumination,orb,1_5,5,0.8,543,470,1380
i_smurf,illumination,orb,1_5,5,0.85,696,569,1380
i_smurf,illumination,orb,1_5,5,0.9,917,652,1380
i_smurf,illumination,orb,1_5,5,0.95,1308,745,1380
i_smurf,illumination,orb,1_5,5,0.99,1836,820,1380
i_smurf,illumination,orb,1_6,6,0.5,52,52,1169
i_smurf,illumination,orb,1_6,6,0.55,73,71,1169
i_smurf,illumination,orb,1_6,6,0.6,100,97,1169
i_smurf,illumination,orb,1_6,6,0.65,129,124,1169
i_smurf,illumination,orb,1_6,6,0.7,172,162,1169
i_smurf,illumination,orb,1_6,6,0.75,237,210,1169
i_smurf,illumination,orb,1_6,6,0.8,315,250,1169
i_smurf,illumination,orb,1_6,6,0.85,437,299,1169
i_smurf,illumination,orb,1_6,6,0.9,651,353,1169
i_smurf,illumination,orb,1_6,6,0.95,1090,433,1169
i_smurf,illumination,orb,1_6,6,0.99,1801,495,1169
i_steps,illumination,sift,1_2,2,0.5,252,239,646
i_steps,illumination,sift,1_2,2,0.55,292,272,646
i_steps,illumination,sift,1_2,2,0.6,320,297,646
i_steps,illumination,sift,1_2,2,0.65,356,325,646
i_steps,illumination,sift,1_2,2,0.7,403,349,646
i_steps,illumination,sift,1_2,2,0.75,462,374,646
i_steps,illumination,sift,1_2,2,0.8,534,394,646
i_steps,illumination,sift,1_2,2,0.85,613,405,646
i_steps,illumination,sift,1_2,2,0.9,771,423,646
i_steps,illumination,sift,1_2,2,0.95,1049,430,646
i_steps,illumination,sift,1_2,2,0.99,1477,437,646
i_steps,illumination,sift,1_3,3,0.5,390,384,936
i_steps,illumination,sift,1_3,3,0.55,455,444,936
i_steps,illumination,sift,1_3,3,0.6,498,482,936
i_steps,illumination,sift,1_3,3,0.65,537,520,936
i_steps,illumination,sift,1_3,3,0.7,581,550,936
i_steps,illumination,sift,1_3,3,0.75,627,568,936
i_steps,illumination,sift,1_3,3,0.8,687,589,936
i_steps,illumination,sift,1_3,3,0.85,773,609,936
i_steps,illumination,sift,1_3,3,0.9,929,630,936
i_steps,illumination,sift,1_3,3,0.95,1172,647,936
i_steps,illumination,sift,1_3,3,0.99,1503,655,936
i_steps,illumination,sift,1_4,4,0.5,328,324,1039
i_steps,illumination,sift,1_4,4,0.55,381,375,1039
i_steps,illumination,sift,1_4,4,0.6,428,421,1039
i_steps,illumination,sift,1_4,4,0.65,490,480,1039
i_steps,illumination,sift,1_4,4,0.7,546,529,1039
i_steps,illumination,sift,1_4,4,0.75,613,572,1039
i_steps,illumination,sift,1_4,4,0.8,687,618,1039
i_steps,illumination,sift,1_4,4,0.85,765,643,1039
i_steps,illumination,sift,1_4,4,0.9,910,664,1039
i_steps,illumination,sift,1_4,4,0.95,1146,689,1039
i_steps,illumination,sift,1_4,4,0.99,1498,715,1039
i_steps,illumination,sift,1_5,5,0.5,24,24,628
i_steps,illumination,sift,1_5,5,0.55,38,38,628
i_steps,illumination,sift,1_5,5,0.6,53,52,628
i_steps,illumination,sift,1_5,5,0.65,73,67,628
i_steps,illumination,sift,1_5,5,0.7,106,94,628
i_steps,illumination,sift,1_5,5,0.75,142,121,628
i_steps,illumination,sift,1_5,5,0.8,201,145,628
i_steps,illumination,sift,1_5,5,0.85,319,173,628
i_steps,illumination,sift,1_5,5,0.9,516,196,628
i_steps,illumination,sift,1_5,5,0.95,866,225,628
i_steps,illumination,sift,1_5,5,0.99,1409,246,628
i_steps,illumination,sift,1_6,6,0.5,80,75,889
i_steps,illumination,sift,1_6,6,0.55,127,120,889
i_steps,illumination,sift,1_6,6,0.6,180,171,889
i_steps,illumination,sift,1_6,6,0.65,221,205,889
i_steps,illumination,sift,1_6,6,0.7,273,246,889
i_steps,illumination,sift,1_6,6,0.75,324,281,889
i_steps,illumination,sift,1_6,6,0.8,404,329,889
i_steps,illumination,sift,1_6,6,0.85,527,378,889
i_steps,illumination,sift,1_6,6,0.9,679,408,889
i_steps,illumination,sift,1_6,6,0.95,997,432,889
i_steps,illumination,sift,1_6,6,0.99,1446,461,889
i_steps,illumination,orb,1_2,2,0.5,334,331,1799
i_steps,illumination,orb,1_2,2,0.55,458,453,1799
i_steps,illumination,orb,1_2,2,0.6,563,555,1799
i_steps,illumination,orb,1_2,2,0.65,661,646,1799
i_steps,illumination,orb,1_2,2,0.7,774,747,1799
i_steps,illumination,orb,1_2,2,0.75,906,862,1799
i_steps,illumination,orb,1_2,2,0.8,1065,991,1799
i_steps,illumination,orb,1_2,2,0.85,1211,1088,1799
i_steps,illumination,orb,1_2,2,0.9,1389,1189,1799
i_steps,illumination,orb,1_2,2,0.95,1641,1313,1799
i_steps,illumination,orb,1_2,2,0.99,1923,1400,1799
i_steps,illumination,orb,1_3,3,0.5,356,344,1708
i_steps,illumination,orb,1_3,3,0.55,445,428,1708
i_steps,illumination,orb,1_3,3,0.6,532,513,1708
i_steps,illumination,orb,1_3,3,0.65,630,603,1708
i_steps,illumination,orb,1_3,3,0.7,722,684,1708
i_steps,illumination,orb,1_3,3,0.75,825,766,1708
i_steps,illumination,orb,1_3,3,0.8,953,863,1708
i_steps,illumination,orb,1_3,3,0.85,1067,929,1708
i_steps,illumination,orb,1_3,3,0.9,1265,1034,1708
i_steps,illumination,orb,1_3,3,0.95,1559,1141,1708
i_steps,illumination,orb,1_3,3,0.99,1898,1222,1708
i_steps,illumination,orb,1_4,4,0.5,202,194,1714
i_steps,illumination,orb,1_4,4,0.55,295,287,1714
i_steps,illumination,orb,1_4,4,0.6,394,383,1714
i_steps,illumination,orb,1_4,4,0.65,485,467,1714
i_steps,illumination,orb,1_4,4,0.7,589,563,1714
i_steps,illumination,orb,1_4,4,0.75,701,658,1714
i_steps,illumination,orb,1_4,4,0.8,838,770,1714
i_steps,illumination,orb,1_4,4,0.85,1010,886,1714
i_steps,illumination,orb,1_4,4,0.9,1203,999,1714
i_steps,illumination,orb,1_4,4,0.95,1500,1107,1714
i_steps,illumination,orb,1_4,4,0.99,1897,1215,1714
i_steps,illumination,orb,1_5,5,0.5,5,5,424
i_steps,illumination,orb,1_5,5,0.55,10,9,424
i_steps,illumination,orb,1_5,5,0.6,18,13,424
i_steps,illumination,orb,1_5,5,0.65,36,22,424
i_steps,illumination,orb,1_5,5,0.7,47,27,424
i_steps,illumination,orb,1_5,5,0.75,71,34,424
i_steps,illumination,orb,1_5,5,0.8,138,48,424
i_steps,illumination,orb,1_5,5,0.85,234,63,424
i_steps,illumination,orb,1_5,5,0.9,438,85,424
i_steps,illumination,orb,1_5,5,0.95,943,119,424
i_steps,illumination,orb,1_5,5,0.99,1769,142,424
i_steps,illumination,orb,1_6,6,0.5,36,32,1103
i_steps,illumination,orb,1_6,6,0.55,56,52,1103
i_steps,illumination,orb,1_6,6,0.6,88,83,1103
i_steps,illumination,orb,1_6,6,0.65,134,116,1103
i_steps,illumination,orb,1_6,6,0.7,177,150,1103
i_steps,illumination,orb,1_6,6,0.75,237,189,1103
i_steps,illumination,orb,1_6,6,0.8,319,230,1103
i_steps,illumination,orb,1_6,6,0.85,445,292,1103
i_steps,illumination,orb,1_6,6,0.9,666,354,1103
i_steps,illumination,orb,1_6,6,0.95,1101,430,1103
i_steps,illumination,orb,1_6,6,0.99,1770,505,1103
i_table,illumination,sift,1_2,2,0.5,562,534,4069
i_table,illumination,sift,1_2,2,0.55,702,666,4069
i_table,illumination,sift,1_2,2,0.6,852,803,4069
i_table,illumination,sift,1_2,2,0.65,1021,945,4069
i_table,illumination,sift,1_2,2,0.7,1158,1048,4069
i_table,illumination,sift,1_2,2,0.75,1333,1161,4069
i_table,illumination,sift,1_2,2,0.8,1574,1300,4069
i_table,illumination,sift,1_2,2,0.85,1951,1422,4069
i_table,illumination,sift,1_2,2,0.9,2604,1531,4069
i_table,illumination,sift,1_2,2,0.95,4120,1646,4069
i_table,illumination,sift,1_2,2,0.99,6543,1732,4069
i_table,illumination,sift,1_3,3,0.5,407,392,3859
i_table,illumination,sift,1_3,3,0.55,509,489,3859
i_table,illumination,sift,1_3,3,0.6,600,569,3859
i_table,illumination,sift,1_3,3,0.65,711,662,3859
i_table,illumination,sift,1_3,3,0.7,846,768,3859
i_table,illumination,sift,1_3,3,0.75,983,863,3859
i_table,illumination,sift,1_3,3,0.8,1180,978,3859
i_table,illumination,sift,1_3,3,0.85,1538,1074,3859
i_table,illumination,sift,1_3,3,0.9,2190,1149,3859
i_table,illumination,sift,1_3,3,0.95,3740,1252,3859
i_table,illumination,sift,1_3,3,0.99,6422,1326,3859
i_table,illumination,sift,1_4,4,0.5,244,241,3433
i_table,illumination,sift,1_4,4,0.55,274,268,3433
i_table,illumination,sift,1_4,4,0.6,316,305,3433
i_table,illumination,sift,1_4,4,0.65,364,341,3433
i_table,illumination,sift,1_4,4,0.7,410,369,3433
i_table,illumination,sift,1_4,4,0.75,505,417,3433
i_table,illumination,sift,1_4,4,0.8,651,470,3433
i_table,illumination,sift,1_4,4,0.85,947,517,3433
i_table,illumination,sift,1_4,4,0.9,1614,585,3433
i_table,illumination,sift,1_4,4,0.95,3181,669,3433
i_table,illumination,sift,1_4,4,0.99,6257,722,3433
i_table,illumination,sift,1_5,5,0.5,255,251,3275
i_table,illumination,sift,1_5,5,0.55,306,300,3275
i_table,illumination,sift,1_5,5,0.6,363,349,3275
i_table,illumination,sift,1_5,5,0.65,419,397,3275
i_table,illumination,sift,1_5,5,0.7,499,451,3275
i_table,illumination,sift,1_5,5,0.75,597,502,3275
i_table,illumination,sift,1_5,5,0.8,775,571,3275
i_table,illumination,sift,1_5,5,0.85,1054,627,3275
i_table,illumination,sift,1_5,5,0.9,1734,690,3275
i_table,illumination,sift,1_5,5,0.95,3403,759,3275
i_table,illumination,sift,1_5,5,0.99,6321,811,3275
i_table,illumination,sift,1_6,6,0.5,1498,1468,4700
i_table,illumination,sift,1_6,6,0.55,1696,1656,4700
i_table,illumination,sift,1_6,6,0.6,1881,1831,4700
i_table,illumination,sift,1_6,6,0.65,2071,2007,4700
i_table,illumination,sift,1_6,6,0.7,2243,2149,4700
i_table,illumination,sift,1_6,6,0.75,2439,2303,4700
i_table,illumination,sift,1_6,6,0.8,2685,2454,4700
i_table,illumination,sift,1_6,6,0.85,2993,2581,4700
i_table,illumination,sift,1_6,6,0.9,3585,2710,4700
i_table,illumination,sift,1_6,6,0.95,4722,2816,4700
i_table,illumination,sift,1_6,6,0.99,6705,2907,4700
i_table,illumination,orb,1_2,2,0.5,39,39,1111
i_table,illumination,orb,1_2,2,0.55,65,63,1111
i_table,illumination,orb,1_2,2,0.6,90,87,1111
i_table,illumination,orb,1_2,2,0.65,128,121,1111
i_table,illumination,orb,1_2,2,0.7,181,161,1111
i_table,illumination,orb,1_2,2,0.75,238,198,1111
i_table,illumination,orb,1_2,2,0.8,313,239,1111
i_table,illumination,orb,1_2,2,0.85,446,298,1111
i_table,illumination,orb,1_2,2,0.9,659,347,1111
i_table,illumination,orb,1_2,2,0.95,1098,428,1111
i_table,illumination,orb,1_2,2,0.99,1841,498,1111
i_table,illumination,orb,1_3,3,0.5,14,14,917
i_table,illumination,orb,1_3,3,0.55,22,19,917
i_table,illumination,orb,1_3,3,0.6,28,24,917
i_table,illumination,orb,1_3,3,0.65,38,33,917
i_table,illumination,orb,1_3,3,0.7,53,45,917
i_table,illumination,orb,1_3,3,0.75,84,63,917
i_table,illumination,orb,1_3,3,0.8,133,86,917
i_table,illumination,orb,1_3,3,0.85,245,112,917
i_table,illumination,orb,1_3,3,0.9,473,153,917
i_table,illumination,orb,1_3,3,0.95,928,186,917
i_table,illumination,orb,1_3,3,0.99,1763,226,917
i_table,illumination,orb,1_4,4,0.5,7,7,715
i_table,illumination,orb,1_4,4,0.55,12,12,715
i_table,illumination,orb,1_4,4,0.6,20,19,715
i_table,illumination,orb,1_4,4,0.65,24,23,715
i_table,illumination,orb,1_4,4,0.7,35,32,715
i_table,illumination,orb,1_4,4,0.75,58,47,715
i_table,illumination,orb,1_4,4,0.8,93,60,715
i_table,illumination,orb,1_4,4,0.85,186,73,715
i_table,illumination,orb,1_4,4,0.9,405,96,715
i_table,illumination,orb,1_4,4,0.95,912,126,715
i_table,illumination,orb,1_4,4,0.99,1788,149,715
i_table,illumination,orb,1_5,5,0.5,9,9,654
i_table,illumination,orb,1_5,5,0.55,9,9,654
i_table,illumination,orb,1_5,5,0.6,15,15,654
i_table,illumination,orb,1_5,5,0.65,20,19,654
i_table,illumination,orb,1_5,5,0.7,35,32,654
i_table,illumination,orb,1_5,5,0.75,53,41,654
i_table,illumination,orb,1_5,5,0.8,93,56,654
i_table,illumination,orb,1_5,5,0.85,174,66,654
i_table,illumination,orb,1_5,5,0.9,396,82,654
i_table,illumination,orb,1_5,5,0.95,895,107,654
i_table,illumination,orb,1_5,5,0.99,1791,131,654
i_table,illumination,orb,1_6,6,0.5,148,146,1405
i_table,illumination,orb,1_6,6,0.55,199,192,1405
i_table,illumination,orb,1_6,6,0.6,243,233,1405
i_table,illumination,orb,1_6,6,0.65,296,283,1405
i_table,illumination,orb,1_6,6,0.7,344,327,1405
i_table,illumination,orb,1_6,6,0.75,430,392,1405
i_table,illumination,orb,1_6,6,0.8,525,468,1405
i_table,illumination,orb,1_6,6,0.85,646,529,1405
i_table,illumination,orb,1_6,6,0.9,857,594,1405
i_table,illumination,orb,1_6,6,0.95,1252,674,1405
i_table,illumination,orb,1_6,6,0.99,1838,733,1405
i_tools,illumination,sift,1_2,2,0.5,25,22,744
i_tools,illumination,sift,1_2,2,0.55,34,27,744
i_tools,illumination,sift,1_2,2,0.6,48,30,744
i_tools,illumination,sift,1_2,2,0.65,70,35,744
i_tools,illumination,sift,1_2,2,0.7,106,39,744
i_tools,illumination,sift,1_2,2,0.75,173,48,744
i_tools,illumination,sift,1_2,2,0.8,265,55,744
i_tools,illumination,sift,1_2,2,0.85,455,69,744
i_tools,illumination,sift,1_2,2,0.9,797,78,744
i_tools,illumination,sift,1_2,2,0.95,1474,87,744
i_tools,illumination,sift,1_2,2,0.99,2464,93,744
i_tools,illumination,sift,1_3,3,0.5,51,38,648
i_tools,illumination,sift,1_3,3,0.55,75,47,648
i_tools,illumination,sift,1_3,3,0.6,100,59,648
i_tools,illumination,sift,1_3,3,0.65,138,72,648
i_tools,illumination,sift,1_3,3,0.7,191,78,648
i_tools,illumination,sift,1_3,3,0.75,277,88,648
i_tools,illumination,sift,1_3,3,0.8,396,96,648
i_tools,illumination,sift,1_3,3,0.85,598,104,648
i_tools,illumination,sift,1_3,3,0.9,942,116,648
i_tools,illumination,sift,1_3,3,0.95,1541,128,648
i_tools,illumination,sift,1_3,3,0.99,2444,141,648
i_tools,illumination,sift,1_4,4,0.5,50,26,697
i_tools,illumination,sift,1_4,4,0.55,67,30,697
i_tools,illumination,sift,1_4,4,0.6,96,37,697
i_tools,illumination,sift,1_4,4,0.65,122,40,697
i_tools,illumination,sift,1_4,4,0.7,176,45,697
i_tools,illumination,sift,1_4,4,0.75,244,50,697
i_tools,illumination,sift,1_4,4,0.8,360,55,697
i_tools,illumination,sift,1_4,4,0.85,554,61,697
i_tools,illumination,sift,1_4,4,0.9,882,65,697
i_tools,illumination,sift,1_4,4,0.95,1495,73,697
i_tools,illumination,sift,1_4,4,0.99,2435,79,697
i_tools,illumination,sift,1_5,5,0.5,285,98,876
i_tools,illumination,sift,1_5,5,0.55,316,105,876
i_tools,illumination,sift,1_5,5,0.6,358,118,876
i_tools,illumination,sift,1_5,5,0.65,407,129,876
i_tools,illumination,sift,1_5,5,0.7,479,142,876
i_tools,illumination,sift,1_5,5,0.75,561,151,876
i_tools,illumination,sift,1_5,5,0.8,682,161,876
i_tools,illumination,sift,1_5,5,0.85,844,170,876
i_tools,illumination,sift,1_5,5,0.9,1175,182,876
i_tools,illumination,sift,1_5,5,0.95,1726,196,876
i_tools,illumination,sift,1_5,5,0.99,2473,210,876
i_tools,illumination,sift,1_6,6,0.5,48,0,674
i_tools,illumination,sift,1_6,6,0.55,57,0,674
i_tools,illumination,sift,1_6,6,0.6,72,0,674
i_tools,illumination,sift,1_6,6,0.65,97,0,674
i_tools,illumination,sift,1_6,6,0.7,138,0,674
i_tools,illumination,sift,1_6,6,0.75,191,0,674
i_tools,illumination,sift,1_6,6,0.8,305,1,674
i_tools,illumination,sift,1_6,6,0.85,500,2,674
i_tools,illumination,sift,1_6,6,0.9,837,3,674
i_tools,illumination,sift,1_6,6,0.95,1473,6,674
i_tools,illumination,sift,1_6,6,0.99,2407,8,674
i_tools,illumination,orb,1_2,2,0.5,1,1,1040
i_tools,illumination,orb,1_2,2,0.55,2,2,1040
i_tools,illumination,orb,1_2,2,0.6,3,3,1040
i_tools,illumination,orb,1_2,2,0.65,12,6,1040
i_tools,illumination,orb,1_2,2,0.7,23,10,1040
i_tools,illumination,orb,1_2,2,0.75,33,13,1040
i_tools,illumination,orb,1_2,2,0.8,66,21,1040
i_tools,illumination,orb,1_2,2,0.85,146,30,1040
i_tools,illumination,orb,1_2,2,0.9,361,43,1040
i_tools,illumination,orb,1_2,2,0.95,856,59,1040
i_tools,illumination,orb,1_2,2,0.99,1766,78,1040
i_tools,illumination,orb,1_3,3,0.5,8,8,332
i_tools,illumination,orb,1_3,3,0.55,12,12,332
i_tools,illumination,orb,1_3,3,0.6,17,15,332
i_tools,illumination,orb,1_3,3,0.65,24,20,332
i_tools,illumination,orb,1_3,3,0.7,34,21,332
i_tools,illumination,orb,1_3,3,0.75,45,24,332
i_tools,illumination,orb,1_3,3,0.8,72,27,332
i_tools,illumination,orb,1_3,3,0.85,142,35,332
i_tools,illumination,orb,1_3,3,0.9,314,42,332
i_tools,illumination,orb,1_3,3,0.95,815,49,332
i_tools,illumination,orb,1_3,3,0.99,1760,54,332
i_tools,illumination,orb,1_4,4,0.5,2,1,429
i_tools,illumination,orb,1_4,4,0.55,4,3,429
i_tools,illumination,orb,1_4,4,0.6,4,3,429
i_tools,illumination,orb,1_4,4,0.65,4,3,429
i_tools,illumination,orb,1_4,4,0.7,10,3,429
i_tools,illumination,orb,1_4,4,0.75,18,4,429
i_tools,illumination,orb,1_4,4,0.8,36,5,429
i_tools,illumination,orb,1_4,4,0.85,111,9,429
i_tools,illumination,orb,1_4,4,0.9,317,13,429
i_tools,illumination,orb,1_4,4,0.95,791,23,429
i_tools,illumination,orb,1_4,4,0.99,1750,26,429
i_tools,illumination,orb,1_5,5,0.5,162,89,1125
i_tools,illumination,orb,1_5,5,0.55,220,112,1125
i_tools,illumination,orb,1_5,5,0.6,260,136,1125
i_tools,illumination,orb,1_5,5,0.65,306,162,1125
i_tools,illumination,orb,1_5,5,0.7,369,184,1125
i_tools,illumination,orb,1_5,5,0.75,431,210,1125
i_tools,illumination,orb,1_5,5,0.8,515,239,1125
i_tools,illumination,orb,1_5,5,0.85,643,262,1125
i_tools,illumination,orb,1_5,5,0.9,860,306,1125
i_tools,illumination,orb,1_5,5,0.95,1239,332,1125
i_tools,illumination,orb,1_5,5,0.99,1855,346,1125
i_tools,illumination,orb,1_6,6,0.5,6,0,688
i_tools,illumination,orb,1_6,6,0.55,9,0,688
i_tools,illumination,orb,1_6,6,0.6,14,0,688
i_tools,illumination,orb,1_6,6,0.65,21,0,688
i_tools,illumination,orb,1_6,6,0.7,26,0,688
i_tools,illumination,orb,1_6,6,0.75,47,0,688
i_tools,illumination,orb,1_6,6,0.8,79,2,688
i_tools,illumination,orb,1_6,6,0.85,159,4,688
i_tools,illumination,orb,1_6,6,0.9,334,4,688
i_tools,illumination,orb,1_6,6,0.95,797,6,688
i_tools,illumination,orb,1_6,6,0.99,1744,8,688
i_toy,illumination,sift,1_2,2,0.5,472,462,898
i_toy,illumination,sift,1_2,2,0.55,529,519,898
i_toy,illumination,sift,1_2,2,0.6,572,561,898
i_toy,illumination,sift,1_2,2,0.65,612,599,898
i_toy,illumination,sift,1_2,2,0.7,643,628,898
i_toy,illumination,sift,1_2,2,0.75,670,653,898
i_toy,illumination,sift,1_2,2,0.8,693,670,898
i_toy,illumination,sift,1_2,2,0.85,726,684,898
i_toy,illumination,sift,1_2,2,0.9,771,700,898
i_toy,illumination,sift,1_2,2,0.95,871,707,898
i_toy,illumination,sift,1_2,2,0.99,1099,713,898
i_toy,illumination,sift,1_3,3,0.5,267,260,868
i_toy,illumination,sift,1_3,3,0.55,329,316,868
i_toy,illumination,sift,1_3,3,0.6,379,366,868
i_toy,illumination,sift,1_3,3,0.65,428,413,868
i_toy,illumination,sift,1_3,3,0.7,478,460,868
i_toy,illumination,sift,1_3,3,0.75,509,485,868
i_toy,illumination,sift,1_3,3,0.8,555,527,868
i_toy,illumination,sift,1_3,3,0.85,598,554,868
i_toy,illumination,sift,1_3,3,0.9,680,587,868
i_toy,illumination,sift,1_3,3,0.95,824,604,868
i_toy,illumination,sift,1_3,3,0.99,1067,618,868
i_toy,illumination,sift,1_4,4,0.5,109,103,775
i_toy,illumination,sift,1_4,4,0.55,137,129,775
i_toy,illumination,sift,1_4,4,0.6,176,168,775
i_toy,illumination,sift,1_4,4,0.65,223,214,775
i_toy,illumination,sift,1_4,4,0.7,252,240,775
i_toy,illumination,sift,1_4,4,0.75,296,279,775
i_toy,illumination,sift,1_4,4,0.8,349,322,775
i_toy,illumination,sift,1_4,4,0.85,396,354,775
i_toy,illumination,sift,1_4,4,0.9,491,389,775
i_toy,illumination,sift,1_4,4,0.95,667,409,775
i_toy,illumination,sift,1_4,4,0.99,1028,426,775
i_toy,illumination,sift,1_5,5,0.5,24,23,743
i_toy,illumination,sift,1_5,5,0.55,37,36,743
i_toy,illumination,sift,1_5,5,0.6,55,54,743
i_toy,illumination,sift,1_5,5,0.65,78,76,743
i_toy,illumination,sift,1_5,5,0.7,113,109,743
i_toy,illumination,sift,1_5,5,0.75,143,136,743
i_toy,illumination,sift,1_5,5,0.8,176,160,743
i_toy,illumination,sift,1_5,5,0.85,239,197,743
i_toy,illumination,sift,1_5,5,0.9,355,227,743
i_toy,illumination,sift,1_5,5,0.95,593,257,743
i_toy,illumination,sift,1_5,5,0.99,1010,274,743
i_toy,illumination,sift,1_6,6,0.5,0,0,594
i_toy,illumination,sift,1_6,6,0.55,1,1,594
i_toy,illumination,sift,1_6,6,0.6,4,4,594
i_toy,illumination,sift,1_6,6,0.65,11,11,594
i_toy,illumination,sift,1_6,6,0.7,20,20,594
i_toy,illumination,sift,1_6,6,0.75,36,33,594
i_toy,illumination,sift,1_6,6,0.8,71,58,594
i_toy,illumination,sift,1_6,6,0.85,111,73,594
i_toy,illumination,sift,1_6,6,0.9,229,100,594
i_toy,illumination,sift,1_6,6,0.95,500,123,594
i_toy,illumination,sift,1_6,6,0.99,991,153,594
i_toy,illumination,orb,1_2,2,0.5,728,725,1754
i_toy,illumination,orb,1_2,2,0.55,853,848,1754
i_toy,illumination,orb,1_2,2,0.6,950,937,1754
i_toy,illumination,orb,1_2,2,0.65,1030,1012,1754
i_toy,illumination,orb,1_2,2,0.7,1094,1069,1754
i_toy,illumination,orb,1_2,2,0.75,1161,1130,1754
i_toy,illumination,orb,1_2,2,0.8,1246,1200,1754
i_toy,illumination,orb,1_2,2,0.85,1337,1271,1754
i_toy,illumination,orb,1_2,2,0.9,1468,1336,1754
i_toy,illumination,orb,1_2,2,0.95,1645,1400,1754
i_toy,illumination,orb,1_2,2,0.99,1844,1438,1754
i_toy,illumination,orb,1_3,3,0.5,281,281,1682
i_toy,illumination,orb,1_3,3,0.55,373,372,1682
i_toy,illumination,orb,1_3,3,0.6,476,474,1682
i_toy,illumination,orb,1_3,3,0.65,581,575,1682
i_toy,illumination,orb,1_3,3,0.7,662,648,1682
i_toy,illumination,orb,1_3,3,0.75,750,729,1682
i_toy,illumination,orb,1_3,3,0.8,859,819,1682
i_toy,illumination,orb,1_3,3,0.85,994,909,1682
i_toy,illumination,orb,1_3,3,0.9,1166,1009,1682
i_toy,illumination,orb,1_3,3,0.95,1411,1104,1682
i_toy,illumination,orb,1_3,3,0.99,1786,1191,1682
i_toy,illumination,orb,1_4,4,0.5,96,95,1591
i_toy,illumination,orb,1_4,4,0.55,142,140,1591
i_toy,illumination,orb,1_4,4,0.6,203,198,1591
i_toy,illumination,orb,1_4,4,0.65,287,280,1591
i_toy,illumination,orb,1_4,4,0.7,363,354,1591
i_toy,illumination,orb,1_4,4,0.75,440,428,1591
i_toy,illumination,orb,1_4,4,0.8,544,508,1591
i_toy,illumination,orb,1_4,4,0.85,679,596,1591
i_toy,illumination,orb,1_4,4,0.9,867,695,1591
i_toy,illumination,orb,1_4,4,0.95,1188,773,1591
i_toy,illumination,orb,1_4,4,0.99,1749,885,1591
i_toy,illumination,orb,1_5,5,0.5,16,16,1536
i_toy,illumination,orb,1_5,5,0.55,40,40,1536
i_toy,illumination,orb,1_5,5,0.6,59,58,1536
i_toy,illumination,orb,1_5,5,0.65,93,92,1536
i_toy,illumination,orb,1_5,5,0.7,131,128,1536
i_toy,illumination,orb,1_5,5,0.75,188,173,1536
i_toy,illumination,orb,1_5,5,0.8,249,223,1536
i_toy,illumination,orb,1_5,5,0.85,364,289,1536
i_toy,illumination,orb,1_5,5,0.9,572,363,1536
i_toy,illumination,orb,1_5,5,0.95,999,443,1536
i_toy,illumination,orb,1_5,5,0.99,1743,522,1536
i_toy,illumination,orb,1_6,6,0.5,2,2,1417
i_toy,illumination,orb,1_6,6,0.55,4,4,1417
i_toy,illumination,orb,1_6,6,0.6,9,9,1417
i_toy,illumination,orb,1_6,6,0.65,19,18,1417
i_toy,illumination,orb,1_6,6,0.7,29,26,1417
i_toy,illumination,orb,1_6,6,0.75,41,35,1417
i_toy,illumination,orb,1_6,6,0.8,71,52,1417
i_toy,illumination,orb,1_6,6,0.85,140,66,1417
i_toy,illumination,orb,1_6,6,0.9,334,103,1417
i_toy,illumination,orb,1_6,6,0.95,796,151,1417
i_toy,illumination,orb,1_6,6,0.99,1636,201,1417
i_troulos,illumination,sift,1_2,2,0.5,49,42,236
i_troulos,illumination,sift,1_2,2,0.55,63,54,236
i_troulos,illumination,sift,1_2,2,0.6,69,60,236
i_troulos,illumination,sift,1_2,2,0.65,83,69,236
i_troulos,illumination,sift,1_2,2,0.7,104,81,236
i_troulos,illumination,sift,1_2,2,0.75,126,92,236
i_troulos,illumination,sift,1_2,2,0.8,158,100,236
i_troulos,illumination,sift,1_2,2,0.85,203,104,236
i_troulos,illumination,sift,1_2,2,0.9,281,112,236
i_troulos,illumination,sift,1_2,2,0.95,446,124,236
i_troulos,illumination,sift,1_2,2,0.99,631,131,236
i_troulos,illumination,sift,1_3,3,0.5,25,0,193
i_troulos,illumination,sift,1_3,3,0.55,37,0,193
i_troulos,illumination,sift,1_3,3,0.6,52,3,193
i_troulos,illumination,sift,1_3,3,0.65,63,3,193
i_troulos,illumination,sift,1_3,3,0.7,81,5,193
i_troulos,illumination,sift,1_3,3,0.75,96,5,193
i_troulos,illumination,sift,1_3,3,0.8,125,6,193
i_troulos,illumination,sift,1_3,3,0.85,182,7,193
i_troulos,illumination,sift,1_3,3,0.9,267,7,193
i_troulos,illumination,sift,1_3,3,0.95,410,8,193
i_troulos,illumination,sift,1_3,3,0.99,641,12,193
i_troulos,illumination,sift,1_4,4,0.5,119,114,493
i_troulos,illumination,sift,1_4,4,0.55,152,143,493
i_troulos,illumination,sift,1_4,4,0.6,181,169,493
i_troulos,illumination,sift,1_4,4,0.65,221,202,493
i_troulos,illumination,sift,1_4,4,0.7,258,233,493
i_troulos,illumination,sift,1_4,4,0.75,290,252,493
i_troulos,illumination,sift,1_4,4,0.8,326,271,493
i_troulos,illumination,sift,1_4,4,0.85,374,293,493
i_troulos,illumination,sift,1_4,4,0.9,436,307,493
i_troulos,illumination,sift,1_4,4,0.95,531,318,493
i_troulos,illumination,sift,1_4,4,0.99,667,332,493
i_troulos,illumination,sift,1_5,5,0.5,25,24,413
i_troulos,illumination,sift,1_5,5,0.55,39,35,413
i_troulos,illumination,sift,1_5,5,0.6,48,40,413
i_troulos,illumination,sift,1_5,5,0.65,61,47,413
i_troulos,illumination,sift,1_5,5,0.7,81,60,413
i_troulos,illumination,sift,1_5,5,0.75,102,71,413
i_troulos,illumination,sift,1_5,5,0.8,132,83,413
i_troulos,illumination,sift,1_5,5,0.85,194,101,413
i_troulos,illumination,sift,1_5,5,0.9,279,114,413
i_troulos,illumination,sift,1_5,5,0.95,445,131,413
i_troulos,illumination,sift,1_5,5,0.99,630,138,413
i_troulos,illumination,sift,1_6,6,0.5,56,50,390
i_troulos,illumination,sift,1_6,6,0.55,80,71,390
i_troulos,illumination,sift,1_6,6,0.6,101,87,390
i_troulos,illumination,sift,1_6,6,0.65,117,98,390
i_troulos,illumination,sift,1_6,6,0.7,139,112,390
i_troulos,illumination,sift,1_6,6,0.75,171,126,390
i_troulos,illumination,sift,1_6,6,0.8,214,145,390
i_troulos,illumination,sift,1_6,6,0.85,277,165,390
i_troulos,illumination,sift,1_6,6,0.9,359,175,390
i_troulos,illumination,sift,1_6,6,0.95,483,185,390
i_troulos,illumination,sift,1_6,6,0.99,661,194,390
i_troulos,illumination,orb,1_2,2,0.5,50,50,891
i_troulos,illumination,orb,1_2,2,0.55,74,74,891
i_troulos,illumination,orb,1_2,2,0.6,95,94,891
i_troulos,illumination,orb,1_2,2,0.65,111,105,891
i_troulos,illumination,orb,1_2,2,0.7,141,132,891
i_troulos,illumination,orb,1_2,2,0.75,182,160,891
i_troulos,illumination,orb,1_2,2,0.8,243,203,891
i_troulos,illumination,orb,1_2,2,0.85,334,250,891
i_troulos,illumination,orb,1_2,2,0.9,483,298,891
i_troulos,illumination,orb,1_2,2,0.95,817,362,891
i_troulos,illumination,orb,1_2,2,0.99,1409,422,891
i_troulos,illumination,orb,1_3,3,0.5,10,1,780
i_troulos,illumination,orb,1_3,3,0.55,24,4,780
i_troulos,illumination,orb,1_3,3,0.6,30,6,780
i_troulos,illumination,orb,1_3,3,0.65,52,8,780
i_troulos,illumination,orb,1_3,3,0.7,84,14,780
i_troulos,illumination,orb,1_3,3,0.75,126,26,780
i_troulos,illumination,orb,1_3,3,0.8,179,38,780
i_troulos,illumination,orb,1_3,3,0.85,272,56,780
i_troulos,illumination,orb,1_3,3,0.9,452,67,780
i_troulos,illumination,orb,1_3,3,0.95,809,92,780
i_troulos,illumination,orb,1_3,3,0.99,1391,117,780
i_troulos,illumination,orb,1_4,4,0.5,86,86,1351
i_troulos,illumination,orb,1_4,4,0.55,128,127,1351
i_troulos,illumination,orb,1_4,4,0.6,173,170,1351
i_troulos,illumination,orb,1_4,4,0.65,240,234,1351
i_troulos,illumination,orb,1_4,4,0.7,295,288,1351
i_troulos,illumination,orb,1_4,4,0.75,363,346,1351
i_troulos,illumination,orb,1_4,4,0.8,466,433,1351
i_troulos,illumination,orb,1_4,4,0.85,581,528,1351
i_troulos,illumination,orb,1_4,4,0.9,745,622,1351
i_troulos,illumination,orb,1_4,4,0.95,1047,752,1351
i_troulos,illumination,orb,1_4,4,0.99,1426,848,1351
i_troulos,illumination,orb,1_5,5,0.5,4,4,861
i_troulos,illumination,orb,1_5,5,0.55,8,8,861
i_troulos,illumination,orb,1_5,5,0.6,14,13,861
i_troulos,illumination,orb,1_5,5,0.65,18,17,861
i_troulos,illumination,orb,1_5,5,0.7,31,29,861
i_troulos,illumination,orb,1_5,5,0.75,48,37,861
i_troulos,illumination,orb,1_5,5,0.8,84,54,861
i_troulos,illumination,orb,1_5,5,0.85,170,80,861
i_troulos,illumination,orb,1_5,5,0.9,344,119,861
i_troulos,illumination,orb,1_5,5,0.95,717,158,861
i_troulos,illumination,orb,1_5,5,0.99,1387,204,861
i_troulos,illumination,orb,1_6,6,0.5,17,17,1158
i_troulos,illumination,orb,1_6,6,0.55,40,40,1158
i_troulos,illumination,orb,1_6,6,0.6,49,49,1158
i_troulos,illumination,orb,1_6,6,0.65,79,78,1158
i_troulos,illumination,orb,1_6,6,0.7,130,122,1158
i_troulos,illumination,orb,1_6,6,0.75,185,167,1158
i_troulos,illumination,orb,1_6,6,0.8,273,237,1158
i_troulos,illumination,orb,1_6,6,0.85,388,305,1158
i_troulos,illumination,orb,1_6,6,0.9,592,390,1158
i_troulos,illumination,orb,1_6,6,0.95,905,479,1158
i_troulos,illumination,orb,1_6,6,0.99,1408,582,1158
i_veggies,illumination,sift,1_2,2,0.5,843,835,1753
i_veggies,illumination,sift,1_2,2,0.55,954,941,1753
i_veggies,illumination,sift,1_2,2,0.6,1049,1029,1753
i_veggies,illumination,sift,1_2,2,0.65,1129,1104,1753
i_veggies,illumination,sift,1_2,2,0.7,1207,1178,1753
i_veggies,illumination,sift,1_2,2,0.75,1276,1236,1753
i_veggies,illumination,sift,1_2,2,0.8,1354,1290,1753
i_veggies,illumination,sift,1_2,2,0.85,1433,1325,1753
i_veggies,illumination,sift,1_2,2,0.9,1571,1358,1753
i_veggies,illumination,sift,1_2,2,0.95,1843,1388,1753
i_veggies,illumination,sift,1_2,2,0.99,2328,1406,1753
i_veggies,illumination,sift,1_3,3,0.5,162,157,1346
i_veggies,illumination,sift,1_3,3,0.55,226,218,1346
i_veggies,illumination,sift,1_3,3,0.6,296,286,1346
i_veggies,illumination,sift,1_3,3,0.65,358,344,1346
i_veggies,illumination,sift,1_3,3,0.7,423,403,1346
i_veggies,illumination,sift,1_3,3,0.75,496,459,1346
i_veggies,illumination,sift,1_3,3,0.8,589,510,1346
i_veggies,illumination,sift,1_3,3,0.85,722,566,1346
i_veggies,illumination,sift,1_3,3,0.9,999,626,1346
i_veggies,illumination,sift,1_3,3,0.95,1491,673,1346
i_veggies,illumination,sift,1_3,3,0.99,2195,706,1346
i_veggies,illumination,sift,1_4,4,0.5,165,155,1452
i_veggies,illumination,sift,1_4,4,0.55,226,213,1452
i_veggies,illumination,sift,1_4,4,0.6,304,288,1452
i_veggies,illumination,sift,1_4,4,0.65,376,358,1452
i_veggies,illumination,sift,1_4,4,0.7,440,415,1452
i_veggies,illumination,sift,1_4,4,0.75,536,492,1452
i_veggies,illumination,sift,1_4,4,0.8,641,552,1452
i_veggies,illumination,sift,1_4,4,0.85,793,626,1452
i_veggies,illumination,sift,1_4,4,0.9,1032,685,1452
i_veggies,illumination,sift,1_4,4,0.95,1452,734,1452
i_veggies,illumination,sift,1_4,4,0.99,2223,769,1452
i_veggies,illumination,sift,1_5,5,0.5,9,9,1070
i_veggies,illumination,sift,1_5,5,0.55,16,11,1070
i_veggies,illumination,sift,1_5,5,0.6,24,17,1070
i_veggies,illumination,sift,1_5,5,0.65,35,26,1070
i_veggies,illumination,sift,1_5,5,0.7,61,42,1070
i_veggies,illumination,sift,1_5,5,0.75,104,64,1070
i_veggies,illumination,sift,1_5,5,0.8,180,88,1070
i_veggies,illumination,sift,1_5,5,0.85,329,120,1070
i_veggies,illumination,sift,1_5,5,0.9,593,144,1070
i_veggies,illumination,sift,1_5,5,0.95,1203,175,1070
i_veggies,illumination,sift,1_5,5,0.99,2169,200,1070
i_veggies,illumination,sift,1_6,6,0.5,9,9,992
i_veggies,illumination,sift,1_6,6,0.55,15,14,992
i_veggies,illumination,sift,1_6,6,0.6,25,20,992
i_veggies,illumination,sift,1_6,6,0.65,38,27,992
i_veggies,illumination,sift,1_6,6,0.7,58,35,992
i_veggies,illumination,sift,1_6,6,0.75,96,52,992
i_veggies,illumination,sift,1_6,6,0.8,174,68,992
i_veggies,illumination,sift,1_6,6,0.85,295,88,992
i_veggies,illumination,sift,1_6,6,0.9,542,109,992
i_veggies,illumination,sift,1_6,6,0.95,1147,137,992
i_veggies,illumination,sift,1_6,6,0.99,2137,166,992
i_veggies,illumination,orb,1_2,2,0.5,356,352,1596
i_veggies,illumination,orb,1_2,2,0.55,463,452,1596
i_veggies,illumination,orb,1_2,2,0.6,543,524,1596
i_veggies,illumination,orb,1_2,2,0.65,625,599,1596
i_veggies,illumination,orb,1_2,2,0.7,717,680,1596
i_veggies,illumination,orb,1_2,2,0.75,823,773,1596
i_veggies,illumination,orb,1_2,2,0.8,964,879,1596
i_veggies,illumination,orb,1_2,2,0.85,1103,960,1596
i_veggies,illumination,orb,1_2,2,0.9,1279,1038,1596
i_veggies,illumination,orb,1_2,2,0.95,1566,1125,1596
i_veggies,illumination,orb,1_2,2,0.99,1887,1184,1596
i_veggies,illumination,orb,1_3,3,0.5,38,38,1035
i_veggies,illumination,orb,1_3,3,0.55,57,57,1035
i_veggies,illumination,orb,1_3,3,0.6,83,82,1035
i_veggies,illumination,orb,1_3,3,0.65,126,120,1035
i_veggies,illumination,orb,1_3,3,0.7,178,157,1035
i_veggies,illumination,orb,1_3,3,0.75,237,199,1035
i_veggies,illumination,orb,1_3,3,0.8,332,257,1035
i_veggies,illumination,orb,1_3,3,0.85,443,314,1035
i_veggies,illumination,orb,1_3,3,0.9,676,387,1035
i_veggies,illumination,orb,1_3,3,0.95,1121,446,1035
i_veggies,illumination,orb,1_3,3,0.99,1838,513,1035
i_veggies,illumination,orb,1_4,4,0.5,31,30,1307
i_veggies,illumination,orb,1_4,4,0.55,45,44,1307
i_veggies,illumination,orb,1_4,4,0.6,69,66,1307
i_veggies,illumination,orb,1_4,4,0.65,116,108,1307
i_veggies,illumination,orb,1_4,4,0.7,165,151,1307
i_veggies,illumination,orb,1_4,4,0.75,232,192,1307
i_veggies,illumination,orb,1_4,4,0.8,338,263,1307
i_veggies,illumination,orb,1_4,4,0.85,486,335,1307
i_veggies,illumination,orb,1_4,4,0.9,716,416,1307
i_veggies,illumination,orb,1_4,4,0.95,1128,495,1307
i_veggies,illumination,orb,1_4,4,0.99,1826,586,1307
i_veggies,illumination,orb,1_5,5,0.5,2,2,928
i_veggies,illumination,orb,1_5,5,0.55,3,3,928
i_veggies,illumination,orb,1_5,5,0.6,7,6,928
i_veggies,illumination,orb,1_5,5,0.65,11,9,928
i_veggies,illumination,orb,1_5,5,0.7,19,14,928
i_veggies,illumination,orb,1_5,5,0.75,46,21,928
i_veggies,illumination,orb,1_5,5,0.8,81,30,928
i_veggies,illumination,orb,1_5,5,0.85,180,47,928
i_veggies,illumination,orb,1_5,5,0.9,401,68,928
i_veggies,illumination,orb,1_5,5,0.95,918,103,928
i_veggies,illumination,orb,1_5,5,0.99,1784,131,928
i_veggies,illumination,orb,1_6,6,0.5,2,1,815
i_veggies,illumination,orb,1_6,6,0.55,3,1,815
i_veggies,illumination,orb,1_6,6,0.6,4,2,815
i_veggies,illumination,orb,1_6,6,0.65,4,2,815
i_veggies,illumination,orb,1_6,6,0.7,13,7,815
i_veggies,illumination,orb,1_6,6,0.75,26,9,815
i_veggies,illumination,orb,1_6,6,0.8,60,15,815
i_veggies,illumination,orb,1_6,6,0.85,151,29,815
i_veggies,illumination,orb,1_6,6,0.9,374,47,815
i_veggies,illumination,orb,1_6,6,0.95,903,76,815
i_veggies,illumination,orb,1_6,6,0.99,1761,97,815
i_village,illumination,sift,1_2,2,0.5,14,13,447
i_village,illumination,sift,1_2,2,0.55,20,19,447
i_village,illumination,sift,1_2,2,0.6,29,27,447
i_village,illumination,sift,1_2,2,0.65,41,38,447
i_village,illumination,sift,1_2,2,0.7,56,51,447
i_village,illumination,sift,1_2,2,0.75,78,66,447
i_village,illumination,sift,1_2,2,0.8,106,82,447
i_village,illumination,sift,1_2,2,0.85,174,97,447
i_village,illumination,sift,1_2,2,0.9,308,114,447
i_village,illumination,sift,1_2,2,0.95,707,130,447
i_village,illumination,sift,1_2,2,0.99,1434,144,447
i_village,illumination,sift,1_3,3,0.5,5,4,567
i_village,illumination,sift,1_3,3,0.55,13,12,567
i_village,illumination,sift,1_3,3,0.6,22,21,567
i_village,illumination,sift,1_3,3,0.65,32,30,567
i_village,illumination,sift,1_3,3,0.7,41,38,567
i_village,illumination,sift,1_3,3,0.75,61,50,567
i_village,illumination,sift,1_3,3,0.8,98,72,567
i_village,illumination,sift,1_3,3,0.85,159,88,567
i_village,illumination,sift,1_3,3,0.9,313,106,567
i_village,illumination,sift,1_3,3,0.95,697,128,567
i_village,illumination,sift,1_3,3,0.99,1418,143,567
i_village,illumination,sift,1_4,4,0.5,11,11,503
i_village,illumination,sift,1_4,4,0.55,16,15,503
i_village,illumination,sift,1_4,4,0.6,22,21,503
i_village,illumination,sift,1_4,4,0.65,32,30,503
i_village,illumination,sift,1_4,4,0.7,47,42,503
i_village,illumination,sift,1_4,4,0.75,66,53,503
i_village,illumination,sift,1_4,4,0.8,107,73,503
i_village,illumination,sift,1_4,4,0.85,172,91,503
i_village,illumination,sift,1_4,4,0.9,339,113,503
i_village,illumination,sift,1_4,4,0.95,722,134,503
i_village,illumination,sift,1_4,4,0.99,1435,149,503
i_village,illumination,sift,1_5,5,0.5,218,216,840
i_village,illumination,sift,1_5,5,0.55,264,261,840
i_village,illumination,sift,1_5,5,0.6,312,308,840
i_village,illumination,sift,1_5,5,0.65,341,336,840
i_village,illumination,sift,1_5,5,0.7,386,377,840
i_village,illumination,sift,1_5,5,0.75,431,415,840
i_village,illumination,sift,1_5,5,0.8,477,448,840
i_village,illumination,sift,1_5,5,0.85,555,482,840
i_village,illumination,sift,1_5,5,0.9,685,503,840
i_village,illumination,sift,1_5,5,0.95,976,520,840
i_village,illumination,sift,1_5,5,0.99,1481,532,840
i_village,illumination,sift,1_6,6,0.5,17,16,536
i_village,illumination,sift,1_6,6,0.55,23,22,536
i_village,illumination,sift,1_6,6,0.6,34,32,536
i_village,illumination,sift,1_6,6,0.65,41,37,536
i_village,illumination,sift,1_6,6,0.7,53,46,536
i_village,illumination,sift,1_6,6,0.75,86,71,536
i_village,illumination,sift,1_6,6,0.8,116,85,536
i_village,illumination,sift,1_6,6,0.85,177,95,536
i_village,illumination,sift,1_6,6,0.9,320,115,536
i_village,illumination,sift,1_6,6,0.95,703,134,536
i_village,illumination,sift,1_6,6,0.99,1431,147,536
i_village,illumination,orb,1_2,2,0.5,4,4,1215
i_village,illumination,orb,1_2,2,0.55,9,8,1215
i_village,illumination,orb,1_2,2,0.6,15,13,1215
i_village,illumination,orb,1_2,2,0.65,26,24,1215
i_village,illumination,orb,1_2,2,0.7,46,42,1215
i_village,illumination,orb,1_2,2,0.75,64,57,1215
i_village,illumination,orb,1_2,2,0.8,108,81,1215
i_village,illumination,orb,1_2,2,0.85,188,104,1215
i_village,illumination,orb,1_2,2,0.9,388,140,1215
i_village,illumination,orb,1_2,2,0.95,873,188,1215
i_village,illumination,orb,1_2,2,0.99,1776,226,1215
i_village,illumination,orb,1_3,3,0.5,0,0,1169
i_village,illumination,orb,1_3,3,0.55,0,0,1169
i_village,illumination,orb,1_3,3,0.6,3,3,1169
i_village,illumination,orb,1_3,3,0.65,9,9,1169
i_village,illumination,orb,1_3,3,0.7,17,14,1169
i_village,illumination,orb,1_3,3,0.75,36,26,1169
i_village,illumination,orb,1_3,3,0.8,71,37,1169
i_village,illumination,orb,1_3,3,0.85,160,62,1169
i_village,illumination,orb,1_3,3,0.9,355,96,1169
i_village,illumination,orb,1_3,3,0.95,867,134,1169
i_village,illumination,orb,1_3,3,0.99,1763,176,1169
i_village,illumination,orb,1_4,4,0.5,5,3,1219
i_village,illumination,orb,1_4,4,0.55,8,5,1219
i_village,illumination,orb,1_4,4,0.6,11,8,1219
i_village,illumination,orb,1_4,4,0.65,21,15,1219
i_village,illumination,orb,1_4,4,0.7,29,22,1219
i_village,illumination,orb,1_4,4,0.75,57,44,1219
i_village,illumination,orb,1_4,4,0.8,98,71,1219
i_village,illumination,orb,1_4,4,0.85,194,102,1219
i_village,illumination,orb,1_4,4,0.9,390,135,1219
i_village,illumination,orb,1_4,4,0.95,881,171,1219
i_village,illumination,orb,1_4,4,0.99,1773,232,1219
i_village,illumination,orb,1_5,5,0.5,112,110,1543
i_village,illumination,orb,1_5,5,0.55,160,157,1543
i_village,illumination,orb,1_5,5,0.6,212,207,1543
i_village,illumination,orb,1_5,5,0.65,269,263,1543
i_village,illumination,orb,1_5,5,0.7,334,317,1543
i_village,illumination,orb,1_5,5,0.75,389,359,1543
i_village,illumination,orb,1_5,5,0.8,470,412,1543
i_village,illumination,orb,1_5,5,0.85,598,490,1543
i_village,illumination,orb,1_5,5,0.9,797,561,1543
i_village,illumination,orb,1_5,5,0.95,1188,629,1543
i_village,illumination,orb,1_5,5,0.99,1830,703,1543
i_village,illumination,orb,1_6,6,0.5,9,8,1078
i_village,illumination,orb,1_6,6,0.55,14,13,1078
i_village,illumination,orb,1_6,6,0.6,21,18,1078
i_village,illumination,orb,1_6,6,0.65,29,25,1078
i_village,illumination,orb,1_6,6,0.7,40,33,1078
i_village,illumination,orb,1_6,6,0.75,67,52,1078
i_village,illumination,orb,1_6,6,0.8,104,68,1078
i_village,illumination,orb,1_6,6,0.85,183,84,1078
i_village,illumination,orb,1_6,6,0.9,397,114,1078
i_village,illumination,orb,1_6,6,0.95,858,149,1078
i_village,illumination,orb,1_6,6,0.99,1766,187,1078
i_whitebuilding,illumination,sift,1_2,2,0.5,794,779,1158
i_whitebuilding,illumination,sift,1_2,2,0.55,829,806,1158
i_whitebuilding,illumination,sift,1_2,2,0.6,877,847,1158
i_whitebuilding,illumination,sift,1_2,2,0.65,905,866,1158
i_whitebuilding,illumination,sift,1_2,2,0.7,945,895,1158
i_whitebuilding,illumination,sift,1_2,2,0.75,983,910,1158
i_whitebuilding,illumination,sift,1_2,2,0.8,1035,925,1158
i_whitebuilding,illumination,sift,1_2,2,0.85,1108,941,1158
i_whitebuilding,illumination,sift,1_2,2,0.9,1239,964,1158
i_whitebuilding,illumination,sift,1_2,2,0.95,1421,975,1158
i_whitebuilding,illumination,sift,1_2,2,0.99,1660,989,1158
i_whitebuilding,illumination,sift,1_3,3,0.5,468,447,849
i_whitebuilding,illumination,sift,1_3,3,0.55,503,477,849
i_whitebuilding,illumination,sift,1_3,3,0.6,533,500,849
i_whitebuilding,illumination,sift,1_3,3,0.65,573,523,849
i_whitebuilding,illumination,sift,1_3,3,0.7,612,549,849
i_whitebuilding,illumination,sift,1_3,3,0.75,666,576,849
i_whitebuilding,illumination,sift,1_3,3,0.8,735,594,849
i_whitebuilding,illumination,sift,1_3,3,0.85,836,613,849
i_whitebuilding,illumination,sift,1_3,3,0.9,982,632,849
i_whitebuilding,illumination,sift,1_3,3,0.95,1255,649,849
i_whitebuilding,illumination,sift,1_3,3,0.99,1613,658,849
i_whitebuilding,illumination,sift,1_4,4,0.5,169,162,576
i_whitebuilding,illumination,sift,1_4,4,0.55,193,179,576
i_whitebuilding,illumination,sift,1_4,4,0.6,218,197,576
i_whitebuilding,illumination,sift,1_4,4,0.65,248,215,576
i_whitebuilding,illumination,sift,1_4,4,0.7,295,239,576
i_whitebuilding,illumination,sift,1_4,4,0.75,350,266,576
i_whitebuilding,illumination,sift,1_4,4,0.8,423,280,576
i_whitebuilding,illumination,sift,1_4,4,0.85,562,294,576
i_whitebuilding,illumination,sift,1_4,4,0.9,759,306,576
i_whitebuilding,illumination,sift,1_4,4,0.95,1091,317,576
i_whitebuilding,illumination,sift,1_4,4,0.99,1588,322,576
i_whitebuilding,illumination,sift,1_5,5,0.5,135,128,625
i_whitebuilding,illumination,sift,1_5,5,0.55,173,158,625
i_whitebuilding,illumination,sift,1_5,5,0.6,202,180,625
i_whitebuilding,illumination,sift,1_5,5,0.65,241,206,625
i_whitebuilding,illumination,sift,1_5,5,0.7,287,224,625
i_whitebuilding,illumination,sift,1_5,5,0.75,340,242,625
i_whitebuilding,illumination,sift,1_5,5,0.8,408,262,625
i_whitebuilding,illumination,sift,1_5,5,0.85,521,289,625
i_whitebuilding,illumination,sift,1_5,5,0.9,702,309,625
i_whitebuilding,illumination,sift,1_5,5,0.95,1044,325,625
i_whitebuilding,illumination,sift,1_5,5,0.99,1567,344,625
i_whitebuilding,illumination,sift,1_6,6,0.5,97,90,716
i_whitebuilding,illumination,sift,1_6,6,0.55,122,112,716
i_whitebuilding,illumination,sift,1_6,6,0.6,159,140,716
i_whitebuilding,illumination,sift,1_6,6,0.65,206,173,716
i_whitebuilding,illumination,sift,1_6,6,0.7,246,199,716
i_whitebuilding,illumination,sift,1_6,6,0.75,312,230,716
i_whitebuilding,illumination,sift,1_6,6,0.8,388,255,716
i_whitebuilding,illumination,sift,1_6,6,0.85,528,293,716
i_whitebuilding,illumination,sift,1_6,6,0.9,719,315,716
i_whitebuilding,illumination,sift,1_6,6,0.95,1087,339,716
i_whitebuilding,illumination,sift,1_6,6,0.99,1581,355,716
i_whitebuilding,illumination,orb,1_2,2,0.5,907,904,1917
i_whitebuilding,illumination,orb,1_2,2,0.55,1009,1005,1917
i_whitebuilding,illumination,orb,1_2,2,0.6,1104,1097,1917
i_whitebuilding,illumination,orb,1_2,2,0.65,1189,1179,1917
i_whitebuilding,illumination,orb,1_2,2,0.7,1270,1258,1917
i_whitebuilding,illumination,orb,1_2,2,0.75,1352,1336,1917
i_whitebuilding,illumination,orb,1_2,2,0.8,1433,1405,1917
i_whitebuilding,illumination,orb,1_2,2,0.85,1539,1489,1917
i_whitebuilding,illumination,orb,1_2,2,0.9,1654,1556,1917
i_whitebuilding,illumination,orb,1_2,2,0.95,1793,1629,1917
i_whitebuilding,illumination,orb,1_2,2,0.99,1936,1668,1917
i_whitebuilding,illumination,orb,1_3,3,0.5,311,306,1700
i_whitebuilding,illumination,orb,1_3,3,0.55,393,383,1700
i_whitebuilding,illumination,orb,1_3,3,0.6,465,452,1700
i_whitebuilding,illumination,orb,1_3,3,0.65,564,545,1700
i_whitebuilding,illumination,orb,1_3,3,0.7,659,630,1700
i_whitebuilding,illumination,orb,1_3,3,0.75,737,699,1700
i_whitebuilding,illumination,orb,1_3,3,0.8,883,809,1700
i_whitebuilding,illumination,orb,1_3,3,0.85,1029,899,1700
i_whitebuilding,illumination,orb,1_3,3,0.9,1239,1010,1700
i_whitebuilding,illumination,orb,1_3,3,0.95,1509,1111,1700
i_whitebuilding,illumination,orb,1_3,3,0.99,1870,1191,1700
i_whitebuilding,illumination,orb,1_4,4,0.5,50,49,1023
i_whitebuilding,illumination,orb,1_4,4,0.55,71,67,1023
i_whitebuilding,illumination,orb,1_4,4,0.6,91,84,1023
i_whitebuilding,illumination,orb,1_4,4,0.65,119,103,1023
i_whitebuilding,illumination,orb,1_4,4,0.7,160,136,1023
i_whitebuilding,illumination,orb,1_4,4,0.75,195,158,1023
i_whitebuilding,illumination,orb,1_4,4,0.8,277,202,1023
i_whitebuilding,illumination,orb,1_4,4,0.85,417,264,1023
i_whitebuilding,illumination,orb,1_4,4,0.9,632,330,1023
i_whitebuilding,illumination,orb,1_4,4,0.95,1066,389,1023
i_whitebuilding,illumination,orb,1_4,4,0.99,1765,436,1023
i_whitebuilding,illumination,orb,1_5,5,0.5,20,20,1303
i_whitebuilding,illumination,orb,1_5,5,0.55,41,39,1303
i_whitebuilding,illumination,orb,1_5,5,0.6,59,56,1303
i_whitebuilding,illumination,orb,1_5,5,0.65,87,80,1303
i_whitebuilding,illumination,orb,1_5,5,0.7,133,120,1303
i_whitebuilding,illumination,orb,1_5,5,0.75,181,151,1303
i_whitebuilding,illumination,orb,1_5,5,0.8,255,198,1303
i_whitebuilding,illumination,orb,1_5,5,0.85,399,269,1303
i_whitebuilding,illumination,orb,1_5,5,0.9,650,349,1303
i_whitebuilding,illumination,orb,1_5,5,0.95,1098,437,1303
i_whitebuilding,illumination,orb,1_5,5,0.99,1774,515,1303
i_whitebuilding,illumination,orb,1_6,6,0.5,35,34,1255
i_whitebuilding,illumination,orb,1_6,6,0.55,51,45,1255
i_whitebuilding,illumination,orb,1_6,6,0.6,72,63,1255
i_whitebuilding,illumination,orb,1_6,6,0.65,105,90,1255
i_whitebuilding,illumination,orb,1_6,6,0.7,140,113,1255
i_whitebuilding,illumination,orb,1_6,6,0.75,189,145,1255
i_whitebuilding,illumination,orb,1_6,6,0.8,268,189,1255
i_whitebuilding,illumination,orb,1_6,6,0.85,400,240,1255
i_whitebuilding,illumination,orb,1_6,6,0.9,656,318,1255
i_whitebuilding,illumination,orb,1_6,6,0.95,1127,402,1255
i_whitebuilding,illumination,orb,1_6,6,0.99,1779,465,1255
i_yellowtent,illumination,sift,1_2,2,0.5,1018,990,2355
i_yellowtent,illumination,sift,1_2,2,0.55,1162,1117,2355
i_yellowtent,illumination,sift,1_2,2,0.6,1289,1223,2355
i_yellowtent,illumination,sift,1_2,2,0.65,1394,1298,2355
i_yellowtent,illumination,sift,1_2,2,0.7,1504,1380,2355
i_yellowtent,illumination,sift,1_2,2,0.75,1621,1452,2355
i_yellowtent,illumination,sift,1_2,2,0.8,1782,1538,2355
i_yellowtent,illumination,sift,1_2,2,0.85,1968,1605,2355
i_yellowtent,illumination,sift,1_2,2,0.9,2200,1664,2355
i_yellowtent,illumination,sift,1_2,2,0.95,2572,1727,2355
i_yellowtent,illumination,sift,1_2,2,0.99,3071,1767,2355
i_yellowtent,illumination,sift,1_3,3,0.5,208,195,1782
i_yellowtent,illumination,sift,1_3,3,0.55,276,256,1782
i_yellowtent,illumination,sift,1_3,3,0.6,387,356,1782
i_yellowtent,illumination,sift,1_3,3,0.65,494,437,1782
i_yellowtent,illumination,sift,1_3,3,0.7,609,519,1782
i_yellowtent,illumination,sift,1_3,3,0.75,735,596,1782
i_yellowtent,illumination,sift,1_3,3,0.8,857,649,1782
i_yellowtent,illumination,sift,1_3,3,0.85,1055,728,1782
i_yellowtent,illumination,sift,1_3,3,0.9,1397,784,1782
i_yellowtent,illumination,sift,1_3,3,0.95,1993,859,1782
i_yellowtent,illumination,sift,1_3,3,0.99,2883,915,1782
i_yellowtent,illumination,sift,1_4,4,0.5,50,47,1182
i_yellowtent,illumination,sift,1_4,4,0.55,65,59,1182
i_yellowtent,illumination,sift,1_4,4,0.6,87,74,1182
i_yellowtent,illumination,sift,1_4,4,0.65,127,101,1182
i_yellowtent,illumination,sift,1_4,4,0.7,178,127,1182
i_yellowtent,illumination,sift,1_4,4,0.75,248,158,1182
i_yellowtent,illumination,sift,1_4,4,0.8,366,190,1182
i_yellowtent,illumination,sift,1_4,4,0.85,590,236,1182
i_yellowtent,illumination,sift,1_4,4,0.9,968,278,1182
i_yellowtent,illumination,sift,1_4,4,0.95,1645,313,1182
i_yellowtent,illumination,sift,1_4,4,0.99,2783,357,1182
i_yellowtent,illumination,sift,1_5,5,0.5,122,113,1538
i_yellowtent,illumination,sift,1_5,5,0.55,160,144,1538
i_yellowtent,illumination,sift,1_5,5,0.6,199,175,1538
i_yellowtent,illumination,sift,1_5,5,0.65,251,216,1538
i_yellowtent,illumination,sift,1_5,5,0.7,301,251,1538
i_yellowtent,illumination,sift,1_5,5,0.75,399,297,1538
i_yellowtent,illumination,sift,1_5,5,0.8,527,339,1538
i_yellowtent,illumination,sift,1_5,5,0.85,719,392,1538
i_yellowtent,illumination,sift,1_5,5,0.9,1055,444,1538
i_yellowtent,illumination,sift,1_5,5,0.95,1719,497,1538
i_yellowtent,illumination,sift,1_5,5,0.99,2810,553,1538
i_yellowtent,illumination,sift,1_6,6,0.5,35,34,1214
i_yellowtent,illumination,sift,1_6,6,0.55,52,49,1214
i_yellowtent,illumination,sift,1_6,6,0.6,81,67,1214
i_yellowtent,illumination,sift,1_6,6,0.65,111,86,1214
i_yellowtent,illumination,sift,1_6,6,0.7,150,105,1214
i_yellowtent,illumination,sift,1_6,6,0.75,205,132,1214
i_yellowtent,illumination,sift,1_6,6,0.8,319,161,1214
i_yellowtent,illumination,sift,1_6,6,0.85,543,201,1214
i_yellowtent,illumination,sift,1_6,6,0.9,908,243,1214
i_yellowtent,illumination,sift,1_6,6,0.95,1616,280,1214
i_yellowtent,illumination,sift,1_6,6,0.99,2836,308,1214
i_yellowtent,illumination,orb,1_2,2,0.5,377,354,1760
i_yellowtent,illumination,orb,1_2,2,0.55,485,454,1760
i_yellowtent,illumination,orb,1_2,2,0.6,553,511,1760
i_yellowtent,illumination,orb,1_2,2,0.65,659,590,1760
i_yellowtent,illumination,orb,1_2,2,0.7,779,680,1760
i_yellowtent,illumination,orb,1_2,2,0.75,887,752,1760
i_yellowtent,illumination,orb,1_2,2,0.8,1019,834,1760
i_yellowtent,illumination,orb,1_2,2,0.85,1205,951,1760
i_yellowtent,illumination,orb,1_2,2,0.9,1387,1027,1760
i_yellowtent,illumination,orb,1_2,2,0.95,1659,1116,1760
i_yellowtent,illumination,orb,1_2,2,0.99,1919,1171,1760
i_yellowtent,illumination,orb,1_3,3,0.5,79,71,1175
i_yellowtent,illumination,orb,1_3,3,0.55,116,101,1175
i_yellowtent,illumination,orb,1_3,3,0.6,158,133,1175
i_yellowtent,illumination,orb,1_3,3,0.65,196,158,1175
i_yellowtent,illumination,orb,1_3,3,0.7,262,204,1175
i_yellowtent,illumination,orb,1_3,3,0.75,349,260,1175
i_yellowtent,illumination,orb,1_3,3,0.8,449,305,1175
i_yellowtent,illumination,orb,1_3,3,0.85,625,368,1175
i_yellowtent,illumination,orb,1_3,3,0.9,847,416,1175
i_yellowtent,illumination,orb,1_3,3,0.95,1265,474,1175
i_yellowtent,illumination,orb,1_3,3,0.99,1846,519,1175
i_yellowtent,illumination,orb,1_4,4,0.5,18,18,675
i_yellowtent,illumination,orb,1_4,4,0.55,24,24,675
i_yellowtent,illumination,orb,1_4,4,0.6,30,30,675
i_yellowtent,illumination,orb,1_4,4,0.65,45,43,675
i_yellowtent,illumination,orb,1_4,4,0.7,69,61,675
i_yellowtent,illumination,orb,1_4,4,0.75,96,75,675
i_yellowtent,illumination,orb,1_4,4,0.8,149,102,675
i_yellowtent,illumination,orb,1_4,4,0.85,273,130,675
i_yellowtent,illumination,orb,1_4,4,0.9,477,150,675
i_yellowtent,illumination,orb,1_4,4,0.95,997,199,675
i_yellowtent,illumination,orb,1_4,4,0.99,1823,233,675
i_yellowtent,illumination,orb,1_5,5,0.5,29,27,1365
i_yellowtent,illumination,orb,1_5,5,0.55,45,39,1365
i_yellowtent,illumination,orb,1_5,5,0.6,60,48,1365
i_yellowtent,illumination,orb,1_5,5,0.65,100,75,1365
i_yellowtent,illumination,orb,1_5,5,0.7,148,108,1365
i_yellowtent,illumination,orb,1_5,5,0.75,218,137,1365
i_yellowtent,illumination,orb,1_5,5,0.8,320,166,1365
i_yellowtent,illumination,orb,1_5,5,0.85,461,209,1365
i_yellowtent,illumination,orb,1_5,5,0.9,707,270,1365
i_yellowtent,illumination,orb,1_5,5,0.95,1139,319,1365
i_yellowtent,illumination,orb,1_5,5,0.99,1822,382,1365
i_yellowtent,illumination,orb,1_6,6,0.5,6,6,949
i_yellowtent,illumination,orb,1_6,6,0.55,7,7,949
i_yellowtent,illumination,orb,1_6,6,0.6,10,9,949
i_yellowtent,illumination,orb,1_6,6,0.65,20,13,949
i_yellowtent,illumination,orb,1_6,6,0.7,45,23,949
i_yellowtent,illumination,orb,1_6,6,0.75,86,37,949
i_yellowtent,illumination,orb,1_6,6,0.8,160,58,949
i_yellowtent,illumination,orb,1_6,6,0.85,315,81,949
i_yellowtent,illumination,orb,1_6,6,0.9,558,109,949
i_yellowtent,illumination,orb,1_6,6,0.95,1041,140,949
i_yellowtent,illumination,orb,1_6,6,0.99,1798,167,949
i_zion,illumination,sift,1_2,2,0.5,497,497,2436
i_zion,illumination,sift,1_2,2,0.55,615,614,2436
i_zion,illumination,sift,1_2,2,0.6,734,733,2436
i_zion,illumination,sift,1_2,2,0.65,864,863,2436
i_zion,illumination,sift,1_2,2,0.7,1001,996,2436
i_zion,illumination,sift,1_2,2,0.75,1113,1101,2436
i_zion,illumination,sift,1_2,2,0.8,1229,1203,2436
i_zion,illumination,sift,1_2,2,0.85,1380,1296,2436
i_zion,illumination,sift,1_2,2,0.9,1647,1372,2436
i_zion,illumination,sift,1_2,2,0.95,2278,1459,2436
i_zion,illumination,sift,1_2,2,0.99,3434,1506,2436
i_zion,illumination,sift,1_3,3,0.5,51,50,2077
i_zion,illumination,sift,1_3,3,0.55,88,87,2077
i_zion,illumination,sift,1_3,3,0.6,132,131,2077
i_zion,illumination,sift,1_3,3,0.65,174,173,2077
i_zion,illumination,sift,1_3,3,0.7,229,225,2077
i_zion,illumination,sift,1_3,3,0.75,291,284,2077
i_zion,illumination,sift,1_3,3,0.8,365,337,2077
i_zion,illumination,sift,1_3,3,0.85,493,401,2077
i_zion,illumination,sift,1_3,3,0.9,828,477,2077
i_zion,illumination,sift,1_3,3,0.95,1716,567,2077
i_zion,illumination,sift,1_3,3,0.99,3296,636,2077
i_zion,illumination,sift,1_4,4,0.5,16,16,1602
i_zion,illumination,sift,1_4,4,0.55,25,25,1602
i_zion,illumination,sift,1_4,4,0.6,38,37,1602
i_zion,illumination,sift,1_4,4,0.65,61,59,1602
i_zion,illumination,sift,1_4,4,0.7,90,88,1602
i_zion,illumination,sift,1_4,4,0.75,123,115,1602
i_zion,illumination,sift,1_4,4,0.8,186,147,1602
i_zion,illumination,sift,1_4,4,0.85,305,183,1602
i_zion,illumination,sift,1_4,4,0.9,634,224,1602
i_zion,illumination,sift,1_4,4,0.95,1476,273,1602
i_zion,illumination,sift,1_4,4,0.99,3234,325,1602
i_zion,illumination,sift,1_5,5,0.5,5,5,1074
i_zion,illumination,sift,1_5,5,0.55,7,7,1074
i_zion,illumination,sift,1_5,5,0.6,15,15,1074
i_zion,illumination,sift,1_5,5,0.65,19,19,1074
i_zion,illumination,sift,1_5,5,0.7,31,29,1074
i_zion,illumination,sift,1_5,5,0.75,40,31,1074
i_zion,illumination,sift,1_5,5,0.8,84,41,1074
i_zion,illumination,sift,1_5,5,0.85,201,62,1074
i_zion,illumination,sift,1_5,5,0.9,494,78,1074
i_zion,illumination,sift,1_5,5,0.95,1400,100,1074
i_zion,illumination,sift,1_5,5,0.99,3239,115,1074
i_zion,illumination,sift,1_6,6,0.5,1,1,458
i_zion,illumination,sift,1_6,6,0.55,1,1,458
i_zion,illumination,sift,1_6,6,0.6,1,1,458
i_zion,illumination,sift,1_6,6,0.65,4,4,458
i_zion,illumination,sift,1_6,6,0.7,11,5,458
i_zion,illumination,sift,1_6,6,0.75,18,9,458
i_zion,illumination,sift,1_6,6,0.8,56,13,458
i_zion,illumination,sift,1_6,6,0.85,185,19,458
i_zion,illumination,sift,1_6,6,0.9,506,26,458
i_zion,illumination,sift,1_6,6,0.95,1450,32,458
i_zion,illumination,sift,1_6,6,0.99,3248,40,458
i_zion,illumination,orb,1_2,2,0.5,210,210,1575
i_zion,illumination,orb,1_2,2,0.55,276,275,1575
i_zion,illumination,orb,1_2,2,0.6,337,333,1575
i_zion,illumination,orb,1_2,2,0.65,416,408,1575
i_zion,illumination,orb,1_2,2,0.7,497,481,1575
i_zion,illumination,orb,1_2,2,0.75,581,555,1575
i_zion,illumination,orb,1_2,2,0.8,688,638,1575
i_zion,illumination,orb,1_2,2,0.85,837,733,1575
i_zion,illumination,orb,1_2,2,0.9,1030,819,1575
i_zion,illumination,orb,1_2,2,0.95,1349,906,1575
i_zion,illumination,orb,1_2,2,0.99,1859,978,1575
i_zion,illumination,orb,1_3,3,0.5,19,18,1127
i_zion,illumination,orb,1_3,3,0.55,36,35,1127
i_zion,illumination,orb,1_3,3,0.6,57,54,1127
i_zion,illumination,orb,1_3,3,0.65,79,75,1127
i_zion,illumination,orb,1_3,3,0.7,109,100,1127
i_zion,illumination,orb,1_3,3,0.75,150,129,1127
i_zion,illumination,orb,1_3,3,0.8,211,169,1127
i_zion,illumination,orb,1_3,3,0.85,323,210,1127
i_zion,illumination,orb,1_3,3,0.9,539,265,1127
i_zion,illumination,orb,1_3,3,0.95,1022,320,1127
i_zion,illumination,orb,1_3,3,0.99,1802,372,1127
i_zion,illumination,orb,1_4,4,0.5,5,5,1097
i_zion,illumination,orb,1_4,4,0.55,14,14,1097
i_zion,illumination,orb,1_4,4,0.6,19,18,1097
i_zion,illumination,orb,1_4,4,0.65,35,33,1097
i_zion,illumination,orb,1_4,4,0.7,50,46,1097
i_zion,illumination,orb,1_4,4,0.75,72,63,1097
i_zion,illumination,orb,1_4,4,0.8,130,94,1097
i_zion,illumination,orb,1_4,4,0.85,243,131,1097
i_zion,illumination,orb,1_4,4,0.9,456,166,1097
i_zion,illumination,orb,1_4,4,0.95,937,219,1097
i_zion,illumination,orb,1_4,4,0.99,1802,260,1097
i_zion,illumination,orb,1_5,5,0.5,0,0,941
i_zion,illumination,orb,1_5,5,0.55,3,2,941
i_zion,illumination,orb,1_5,5,0.6,3,2,941
i_zion,illumination,orb,1_5,5,0.65,7,6,941
i_zion,illumination,orb,1_5,5,0.7,17,11,941
i_zion,illumination,orb,1_5,5,0.75,34,19,941
i_zion,illumination,orb,1_5,5,0.8,68,30,941
i_zion,illumination,orb,1_5,5,0.85,161,42,941
i_zion,illumination,orb,1_5,5,0.9,363,57,941
i_zion,illumination,orb,1_5,5,0.95,869,85,941
i_zion,illumination,orb,1_5,5,0.99,1760,111,941
i_zion,illumination,orb,1_6,6,0.5,0,0,687
i_zion,illumination,orb,1_6,6,0.55,0,0,687
i_zion,illumination,orb,1_6,6,0.6,2,2,687
i_zion,illumination,orb,1_6,6,0.65,3,2,687
i_zion,illumination,orb,1_6,6,0.7,5,2,687
i_zion,illumination,orb,1_6,6,0.75,8,3,687
i_zion,illumination,orb,1_6,6,0.8,31,3,687
i_zion,illumination,orb,1_6,6,0.85,92,6,687
i_zion,illumination,orb,1_6,6,0.9,253,8,687
i_zion,illumination,orb,1_6,6,0.95,747,13,687
i_zion,illumination,orb,1_6,6,0.99,1740,17,687
v_abstract,viewpoint,sift,1_2,2,0.5,858,822,2216
v_abstract,viewpoint,sift,1_2,2,0.55,1010,957,2216
v_abstract,viewpoint,sift,1_2,2,0.6,1141,1071,2216
v_abstract,viewpoint,sift,1_2,2,0.65,1288,1190,2216
v_abstract,viewpoint,sift,1_2,2,0.7,1394,1264,2216
v_abstract,viewpoint,sift,1_2,2,0.75,1531,1346,2216
v_abstract,viewpoint,sift,1_2,2,0.8,1650,1392,2216
v_abstract,viewpoint,sift,1_2,2,0.85,1876,1443,2216
v_abstract,viewpoint,sift,1_2,2,0.9,2177,1486,2216
v_abstract,viewpoint,sift,1_2,2,0.95,2793,1536,2216
v_abstract,viewpoint,sift,1_2,2,0.99,3728,1570,2216
v_abstract,viewpoint,sift,1_3,3,0.5,594,557,2222
v_abstract,viewpoint,sift,1_3,3,0.55,731,674,2222
v_abstract,viewpoint,sift,1_3,3,0.6,905,818,2222
v_abstract,viewpoint,sift,1_3,3,0.65,1040,934,2222
v_abstract,viewpoint,sift,1_3,3,0.7,1175,1029,2222
v_abstract,viewpoint,sift,1_3,3,0.75,1314,1108,2222
v_abstract,viewpoint,sift,1_3,3,0.8,1472,1182,2222
v_abstract,viewpoint,sift,1_3,3,0.85,1729,1262,2222
v_abstract,viewpoint,sift,1_3,3,0.9,2109,1325,2222
v_abstract,viewpoint,sift,1_3,3,0.95,2743,1392,2222
v_abstract,viewpoint,sift,1_3,3,0.99,3675,1429,2222
v_abstract,viewpoint,sift,1_4,4,0.5,89,69,1409
v_abstract,viewpoint,sift,1_4,4,0.55,129,97,1409
v_abstract,viewpoint,sift,1_4,4,0.6,183,120,1409
v_abstract,viewpoint,sift,1_4,4,0.65,244,156,1409
v_abstract,viewpoint,sift,1_4,4,0.7,326,198,1409
v_abstract,viewpoint,sift,1_4,4,0.75,437,236,1409
v_abstract,viewpoint,sift,1_4,4,0.8,583,274,1409
v_abstract,viewpoint,sift,1_4,4,0.85,828,316,1409
v_abstract,viewpoint,sift,1_4,4,0.9,1255,364,1409
v_abstract,viewpoint,sift,1_4,4,0.95,2145,410,1409
v_abstract,viewpoint,sift,1_4,4,0.99,3522,462,1409
v_abstract,viewpoint,sift,1_5,5,0.5,366,292,1750
v_abstract,viewpoint,sift,1_5,5,0.55,481,381,1750
v_abstract,viewpoint,sift,1_5,5,0.6,590,465,1750
v_abstract,viewpoint,sift,1_5,5,0.65,725,562,1750
v_abstract,viewpoint,sift,1_5,5,0.7,853,638,1750
v_abstract,viewpoint,sift,1_5,5,0.75,995,707,1750
v_abstract,viewpoint,sift,1_5,5,0.8,1171,786,1750
v_abstract,viewpoint,sift,1_5,5,0.85,1403,849,1750
v_abstract,viewpoint,sift,1_5,5,0.9,1802,898,1750
v_abstract,viewpoint,sift,1_5,5,0.95,2508,939,1750
v_abstract,viewpoint,sift,1_5,5,0.99,3607,969,1750
v_abstract,viewpoint,sift,1_6,6,0.5,91,36,1342
v_abstract,viewpoint,sift,1_6,6,0.55,132,61,1342
v_abstract,viewpoint,sift,1_6,6,0.6,179,84,1342
v_abstract,viewpoint,sift,1_6,6,0.65,242,122,1342
v_abstract,viewpoint,sift,1_6,6,0.7,326,156,1342
v_abstract,viewpoint,sift,1_6,6,0.75,421,190,1342
v_abstract,viewpoint,sift,1_6,6,0.8,583,238,1342
v_abstract,viewpoint,sift,1_6,6,0.85,844,288,1342
v_abstract,viewpoint,sift,1_6,6,0.9,1282,333,1342
v_abstract,viewpoint,sift,1_6,6,0.95,2167,375,1342
v_abstract,viewpoint,sift,1_6,6,0.99,3553,399,1342
v_abstract,viewpoint,orb,1_2,2,0.5,209,197,1659
v_abstract,viewpoint,orb,1_2,2,0.55,290,274,1659
v_abstract,viewpoint,orb,1_2,2,0.6,374,346,1659
v_abstract,viewpoint,orb,1_2,2,0.65,473,435,1659
v_abstract,viewpoint,orb,1_2,2,0.7,590,542,1659
v_abstract,viewpoint,orb,1_2,2,0.75,714,650,1659
v_abstract,viewpoint,orb,1_2,2,0.8,856,770,1659
v_abstract,viewpoint,orb,1_2,2,0.85,1030,897,1659
v_abstract,viewpoint,orb,1_2,2,0.9,1219,1011,1659
v_abstract,viewpoint,orb,1_2,2,0.95,1492,1119,1659
v_abstract,viewpoint,orb,1_2,2,0.99,1894,1203,1659
v_abstract,viewpoint,orb,1_3,3,0.5,205,199,1633
v_abstract,viewpoint,orb,1_3,3,0.55,289,274,1633
v_abstract,viewpoint,orb,1_3,3,0.6,366,344,1633
v_abstract,viewpoint,orb,1_3,3,0.65,450,413,1633
v_abstract,viewpoint,orb,1_3,3,0.7,545,501,1633
v_abstract,viewpoint,orb,1_3,3,0.75,662,600,1633
v_abstract,viewpoint,orb,1_3,3,0.8,804,707,1633
v_abstract,viewpoint,orb,1_3,3,0.85,956,810,1633
v_abstract,viewpoint,orb,1_3,3,0.9,1146,900,1633
v_abstract,viewpoint,orb,1_3,3,0.95,1480,1014,1633
v_abstract,viewpoint,orb,1_3,3,0.99,1902,1115,1633
v_abstract,viewpoint,orb,1_4,4,0.5,40,33,1320
v_abstract,viewpoint,orb,1_4,4,0.55,61,51,1320
v_abstract,viewpoint,orb,1_4,4,0.6,89,68,1320
v_abstract,viewpoint,orb,1_4,4,0.65,132,100,1320
v_abstract,viewpoint,orb,1_4,4,0.7,186,139,1320
v_abstract,viewpoint,orb,1_4,4,0.75,260,186,1320
v_abstract,viewpoint,orb,1_4,4,0.8,354,240,1320
v_abstract,viewpoint,orb,1_4,4,0.85,496,301,1320
v_abstract,viewpoint,orb,1_4,4,0.9,736,380,1320
v_abstract,viewpoint,orb,1_4,4,0.95,1166,470,1320
v_abstract,viewpoint,orb,1_4,4,0.99,1827,550,1320
v_abstract,viewpoint,orb,1_5,5,0.5,37,25,1276
v_abstract,viewpoint,orb,1_5,5,0.55,63,43,1276
v_abstract,viewpoint,orb,1_5,5,0.6,92,63,1276
v_abstract,viewpoint,orb,1_5,5,0.65,157,112,1276
v_abstract,viewpoint,orb,1_5,5,0.7,223,157,1276
v_abstract,viewpoint,orb,1_5,5,0.75,300,208,1276
v_abstract,viewpoint,orb,1_5,5,0.8,408,279,1276
v_abstract,viewpoint,orb,1_5,5,0.85,554,359,1276
v_abstract,viewpoint,orb,1_5,5,0.9,787,436,1276
v_abstract,viewpoint,orb,1_5,5,0.95,1220,527,1276
v_abstract,viewpoint,orb,1_5,5,0.99,1817,595,1276
v_abstract,viewpoint,orb,1_6,6,0.5,9,0,1134
v_abstract,viewpoint,orb,1_6,6,0.55,16,2,1134
v_abstract,viewpoint,orb,1_6,6,0.6,27,4,1134
v_abstract,viewpoint,orb,1_6,6,0.65,42,9,1134
v_abstract,viewpoint,orb,1_6,6,0.7,67,16,1134
v_abstract,viewpoint,orb,1_6,6,0.75,111,30,1134
v_abstract,viewpoint,orb,1_6,6,0.8,177,51,1134
v_abstract,viewpoint,orb,1_6,6,0.85,292,76,1134
v_abstract,viewpoint,orb,1_6,6,0.9,530,118,1134
v_abstract,viewpoint,orb,1_6,6,0.95,1018,168,1134
v_abstract,viewpoint,orb,1_6,6,0.99,1779,208,1134
v_adam,viewpoint,sift,1_2,2,0.5,183,183,354
v_adam,viewpoint,sift,1_2,2,0.55,204,204,354
v_adam,viewpoint,sift,1_2,2,0.6,231,229,354
v_adam,viewpoint,sift,1_2,2,0.65,244,241,354
v_adam,viewpoint,sift,1_2,2,0.7,263,255,354
v_adam,viewpoint,sift,1_2,2,0.75,273,260,354
v_adam,viewpoint,sift,1_2,2,0.8,286,262,354
v_adam,viewpoint,sift,1_2,2,0.85,310,266,354
v_adam,viewpoint,sift,1_2,2,0.9,362,274,354
v_adam,viewpoint,sift,1_2,2,0.95,468,276,354
v_adam,viewpoint,sift,1_2,2,0.99,596,281,354
v_adam,viewpoint,sift,1_3,3,0.5,142,142,284
v_adam,viewpoint,sift,1_3,3,0.55,152,152,284
v_adam,viewpoint,sift,1_3,3,0.6,162,162,284
v_adam,viewpoint,sift,1_3,3,0.65,172,172,284
v_adam,viewpoint,sift,1_3,3,0.7,188,183,284
v_adam,viewpoint,sift,1_3,3,0.75,198,188,284
v_adam,viewpoint,sift,1_3,3,0.8,215,191,284
v_adam,viewpoint,sift,1_3,3,0.85,252,197,284
v_adam,viewpoint,sift,1_3,3,0.9,302,197,284
v_adam,viewpoint,sift,1_3,3,0.95,401,201,284
v_adam,viewpoint,sift,1_3,3,0.99,572,204,284
v_adam,viewpoint,sift,1_4,4,0.5,13,11,238
v_adam,viewpoint,sift,1_4,4,0.55,28,25,238
v_adam,viewpoint,sift,1_4,4,0.6,40,36,238
v_adam,viewpoint,sift,1_4,4,0.65,56,47,238
v_adam,viewpoint,sift,1_4,4,0.7,68,54,238
v_adam,viewpoint,sift,1_4,4,0.75,94,63,238
v_adam,viewpoint,sift,1_4,4,0.8,119,67,238
v_adam,viewpoint,sift,1_4,4,0.85,164,81,238
v_adam,viewpoint,sift,1_4,4,0.9,234,88,238
v_adam,viewpoint,sift,1_4,4,0.95,375,96,238
v_adam,viewpoint,sift,1_4,4,0.99,576,104,238
v_adam,viewpoint,sift,1_5,5,0.5,74,72,294
v_adam,viewpoint,sift,1_5,5,0.55,90,88,294
v_adam,viewpoint,sift,1_5,5,0.6,102,99,294
v_adam,viewpoint,sift,1_5,5,0.65,119,113,294
v_adam,viewpoint,sift,1_5,5,0.7,149,134,294
v_adam,viewpoint,sift,1_5,5,0.75,173,143,294
v_adam,viewpoint,sift,1_5,5,0.8,201,159,294
v_adam,viewpoint,sift,1_5,5,0.85,238,173,294
v_adam,viewpoint,sift,1_5,5,0.9,294,183,294
v_adam,viewpoint,sift,1_5,5,0.95,408,194,294
v_adam,viewpoint,sift,1_5,5,0.99,584,196,294
v_adam,viewpoint,sift,1_6,6,0.5,62,62,277
v_adam,viewpoint,sift,1_6,6,0.55,78,77,277
v_adam,viewpoint,sift,1_6,6,0.6,92,88,277
v_adam,viewpoint,sift,1_6,6,0.65,106,97,277
v_adam,viewpoint,sift,1_6,6,0.7,122,107,277
v_adam,viewpoint,sift,1_6,6,0.75,140,118,277
v_adam,viewpoint,sift,1_6,6,0.8,169,128,277
v_adam,viewpoint,sift,1_6,6,0.85,198,134,277
v_adam,viewpoint,sift,1_6,6,0.9,266,142,277
v_adam,viewpoint,sift,1_6,6,0.95,379,151,277
v_adam,viewpoint,sift,1_6,6,0.99,588,157,277
v_adam,viewpoint,orb,1_2,2,0.5,110,108,1032
v_adam,viewpoint,orb,1_2,2,0.55,148,144,1032
v_adam,viewpoint,orb,1_2,2,0.6,186,181,1032
v_adam,viewpoint,orb,1_2,2,0.65,228,220,1032
v_adam,viewpoint,orb,1_2,2,0.7,280,268,1032
v_adam,viewpoint,orb,1_2,2,0.75,342,320,1032
v_adam,viewpoint,orb,1_2,2,0.8,402,361,1032
v_adam,viewpoint,orb,1_2,2,0.85,482,409,1032
v_adam,viewpoint,orb,1_2,2,0.9,609,458,1032
v_adam,viewpoint,orb,1_2,2,0.95,826,529,1032
v_adam,viewpoint,orb,1_2,2,0.99,1121,566,1032
v_adam,viewpoint,orb,1_3,3,0.5,108,107,975
v_adam,viewpoint,orb,1_3,3,0.55,147,145,975
v_adam,viewpoint,orb,1_3,3,0.6,179,176,975
v_adam,viewpoint,orb,1_3,3,0.65,223,217,975
v_adam,viewpoint,orb,1_3,3,0.7,261,250,975
v_adam,viewpoint,orb,1_3,3,0.75,316,297,975
v_adam,viewpoint,orb,1_3,3,0.8,385,344,975
v_adam,viewpoint,orb,1_3,3,0.85,465,396,975
v_adam,viewpoint,orb,1_3,3,0.9,570,431,975
v_adam,viewpoint,orb,1_3,3,0.95,805,482,975
v_adam,viewpoint,orb,1_3,3,0.99,1117,511,975
v_adam,viewpoint,orb,1_4,4,0.5,2,2,876
v_adam,viewpoint,orb,1_4,4,0.55,6,6,876
v_adam,viewpoint,orb,1_4,4,0.6,8,8,876
v_adam,viewpoint,orb,1_4,4,0.65,16,16,876
v_adam,viewpoint,orb,1_4,4,0.7,30,27,876
v_adam,viewpoint,orb,1_4,4,0.75,48,34,876
v_adam,viewpoint,orb,1_4,4,0.8,74,41,876
v_adam,viewpoint,orb,1_4,4,0.85,131,59,876
v_adam,viewpoint,orb,1_4,4,0.9,293,82,876
v_adam,viewpoint,orb,1_4,4,0.95,564,110,876
v_adam,viewpoint,orb,1_4,4,0.99,1082,135,876
v_adam,viewpoint,orb,1_5,5,0.5,25,25,902
v_adam,viewpoint,orb,1_5,5,0.55,34,34,902
v_adam,viewpoint,orb,1_5,5,0.6,53,53,902
v_adam,viewpoint,orb,1_5,5,0.65,74,73,902
v_adam,viewpoint,orb,1_5,5,0.7,100,97,902
v_adam,viewpoint,orb,1_5,5,0.75,137,126,902
v_adam,viewpoint,orb,1_5,5,0.8,182,157,902
v_adam,viewpoint,orb,1_5,5,0.85,262,195,902
v_adam,viewpoint,orb,1_5,5,0.9,408,241,902
v_adam,viewpoint,orb,1_5,5,0.95,662,291,902
v_adam,viewpoint,orb,1_5,5,0.99,1086,348,902
v_adam,viewpoint,orb,1_6,6,0.5,15,15,843
v_adam,viewpoint,orb,1_6,6,0.55,34,34,843
v_adam,viewpoint,orb,1_6,6,0.6,49,49,843
v_adam,viewpoint,orb,1_6,6,0.65,71,67,843
v_adam,viewpoint,orb,1_6,6,0.7,104,98,843
v_adam,viewpoint,orb,1_6,6,0.75,142,131,843
v_adam,viewpoint,orb,1_6,6,0.8,203,174,843
v_adam,viewpoint,orb,1_6,6,0.85,289,220,843
v_adam,viewpoint,orb,1_6,6,0.9,437,264,843
v_adam,viewpoint,orb,1_6,6,0.95,689,306,843
v_adam,viewpoint,orb,1_6,6,0.99,1100,351,843
v_apprentices,viewpoint,sift,1_2,2,0.5,3438,3406,6564
v_apprentices,viewpoint,sift,1_2,2,0.55,3767,3724,6564
v_apprentices,viewpoint,sift,1_2,2,0.6,4036,3962,6564
v_apprentices,viewpoint,sift,1_2,2,0.65,4279,4166,6564
v_apprentices,viewpoint,sift,1_2,2,0.7,4514,4338,6564
v_apprentices,viewpoint,sift,1_2,2,0.75,4754,4475,6564
v_apprentices,viewpoint,sift,1_2,2,0.8,5067,4622,6564
v_apprentices,viewpoint,sift,1_2,2,0.85,5471,4731,6564
v_apprentices,viewpoint,sift,1_2,2,0.9,6183,4852,6564
v_apprentices,viewpoint,sift,1_2,2,0.95,7433,4948,6564
v_apprentices,viewpoint,sift,1_2,2,0.99,9333,5017,6564
v_apprentices,viewpoint,sift,1_3,3,0.5,1262,1243,5891
v_apprentices,viewpoint,sift,1_3,3,0.55,1604,1572,5891
v_apprentices,viewpoint,sift,1_3,3,0.6,1971,1920,5891
v_apprentices,viewpoint,sift,1_3,3,0.65,2334,2249,5891
v_apprentices,viewpoint,sift,1_3,3,0.7,2743,2581,5891
v_apprentices,viewpoint,sift,1_3,3,0.75,3177,2895,5891
v_apprentices,viewpoint,sift,1_3,3,0.8,3579,3136,5891
v_apprentices,viewpoint,sift,1_3,3,0.85,4174,3372,5891
v_apprentices,viewpoint,sift,1_3,3,0.9,5068,3552,5891
v_apprentices,viewpoint,sift,1_3,3,0.95,6723,3728,5891
v_apprentices,viewpoint,sift,1_3,3,0.99,9138,3860,5891
v_apprentices,viewpoint,sift,1_4,4,0.5,294,282,4706
v_apprentices,viewpoint,sift,1_4,4,0.55,405,386,4706
v_apprentices,viewpoint,sift,1_4,4,0.6,548,512,4706
v_apprentices,viewpoint,sift,1_4,4,0.65,729,662,4706
v_apprentices,viewpoint,sift,1_4,4,0.7,947,823,4706
v_apprentices,viewpoint,sift,1_4,4,0.75,1238,996,4706
v_apprentices,viewpoint,sift,1_4,4,0.8,1659,1189,4706
v_apprentices,viewpoint,sift,1_4,4,0.85,2348,1426,4706
v_apprentices,viewpoint,sift,1_4,4,0.9,3441,1634,4706
v_apprentices,viewpoint,sift,1_4,4,0.95,5560,1808,4706
v_apprentices,viewpoint,sift,1_4,4,0.99,8838,1949,4706
v_apprentices,viewpoint,sift,1_5,5,0.5,49,44,4880
v_apprentices,viewpoint,sift,1_5,5,0.55,99,90,4880
v_apprentices,viewpoint,sift,1_5,5,0.6,202,171,4880
v_apprentices,viewpoint,sift,1_5,5,0.65,308,247,4880
v_apprentices,viewpoint,sift,1_5,5,0.7,455,342,4880
v_apprentices,viewpoint,sift,1_5,5,0.75,689,450,4880
v_apprentices,viewpoint,sift,1_5,5,0.8,1071,603,4880
v_apprentices,viewpoint,sift,1_5,5,0.85,1677,770,4880
v_apprentices,viewpoint,sift,1_5,5,0.9,2892,955,4880
v_apprentices,viewpoint,sift,1_5,5,0.95,5176,1138,4880
v_apprentices,viewpoint,sift,1_5,5,0.99,8684,1299,4880
v_apprentices,viewpoint,sift,1_6,6,0.5,114,113,5025
v_apprentices,viewpoint,sift,1_6,6,0.55,186,179,5025
v_apprentices,viewpoint,sift,1_6,6,0.6,305,275,5025
v_apprentices,viewpoint,sift,1_6,6,0.65,428,363,5025
v_apprentices,viewpoint,sift,1_6,6,0.7,624,508,5025
v_apprentices,viewpoint,sift,1_6,6,0.75,896,661,5025
v_apprentices,viewpoint,sift,1_6,6,0.8,1258,823,5025
v_apprentices,viewpoint,sift,1_6,6,0.85,1894,1015,5025
v_apprentices,viewpoint,sift,1_6,6,0.9,3068,1226,5025
v_apprentices,viewpoint,sift,1_6,6,0.95,5304,1425,5025
v_apprentices,viewpoint,sift,1_6,6,0.99,8838,1593,5025
v_apprentices,viewpoint,orb,1_2,2,0.5,265,260,1677
v_apprentices,viewpoint,orb,1_2,2,0.55,374,366,1677
v_apprentices,viewpoint,orb,1_2,2,0.6,472,460,1677
v_apprentices,viewpoint,orb,1_2,2,0.65,576,555,1677
v_apprentices,viewpoint,orb,1_2,2,0.7,708,668,1677
v_apprentices,viewpoint,orb,1_2,2,0.75,838,779,1677
v_apprentices,viewpoint,orb,1_2,2,0.8,966,883,1677
v_apprentices,viewpoint,orb,1_2,2,0.85,1111,975,1677
v_apprentices,viewpoint,orb,1_2,2,0.9,1298,1085,1677
v_apprentices,viewpoint,orb,1_2,2,0.95,1564,1171,1677
v_apprentices,viewpoint,orb,1_2,2,0.99,1917,1228,1677
v_apprentices,viewpoint,orb,1_3,3,0.5,80,76,1374
v_apprentices,viewpoint,orb,1_3,3,0.55,126,120,1374
v_apprentices,viewpoint,orb,1_3,3,0.6,190,180,1374
v_apprentices,viewpoint,orb,1_3,3,0.65,260,241,1374
v_apprentices,viewpoint,orb,1_3,3,0.7,345,318,1374
v_apprentices,viewpoint,orb,1_3,3,0.75,435,388,1374
v_apprentices,viewpoint,orb,1_3,3,0.8,561,475,1374
v_apprentices,viewpoint,orb,1_3,3,0.85,735,570,1374
v_apprentices,viewpoint,orb,1_3,3,0.9,968,654,1374
v_apprentices,viewpoint,orb,1_3,3,0.95,1332,747,1374
v_apprentices,viewpoint,orb,1_3,3,0.99,1867,827,1374
v_apprentices,viewpoint,orb,1_4,4,0.5,14,13,1414
v_apprentices,viewpoint,orb,1_4,4,0.55,27,24,1414
v_apprentices,viewpoint,orb,1_4,4,0.6,43,39,1414
v_apprentices,viewpoint,orb,1_4,4,0.65,79,67,1414
v_apprentices,viewpoint,orb,1_4,4,0.7,119,99,1414
v_apprentices,viewpoint,orb,1_4,4,0.75,172,138,1414
v_apprentices,viewpoint,orb,1_4,4,0.8,266,208,1414
v_apprentices,viewpoint,orb,1_4,4,0.85,414,285,1414
v_apprentices,viewpoint,orb,1_4,4,0.9,686,371,1414
v_apprentices,viewpoint,orb,1_4,4,0.95,1143,459,1414
v_apprentices,viewpoint,orb,1_4,4,0.99,1833,538,1414
v_apprentices,viewpoint,orb,1_5,5,0.5,1,1,1185
v_apprentices,viewpoint,orb,1_5,5,0.55,3,2,1185
v_apprentices,viewpoint,orb,1_5,5,0.6,7,5,1185
v_apprentices,viewpoint,orb,1_5,5,0.65,12,9,1185
v_apprentices,viewpoint,orb,1_5,5,0.7,29,16,1185
v_apprentices,viewpoint,orb,1_5,5,0.75,58,34,1185
v_apprentices,viewpoint,orb,1_5,5,0.8,131,63,1185
v_apprentices,viewpoint,orb,1_5,5,0.85,261,112,1185
v_apprentices,viewpoint,orb,1_5,5,0.9,483,162,1185
v_apprentices,viewpoint,orb,1_5,5,0.95,969,228,1185
v_apprentices,viewpoint,orb,1_5,5,0.99,1791,286,1185
v_apprentices,viewpoint,orb,1_6,6,0.5,2,2,1142
v_apprentices,viewpoint,orb,1_6,6,0.55,4,4,1142
v_apprentices,viewpoint,orb,1_6,6,0.6,7,7,1142
v_apprentices,viewpoint,orb,1_6,6,0.65,22,22,1142
v_apprentices,viewpoint,orb,1_6,6,0.7,46,39,1142
v_apprentices,viewpoint,orb,1_6,6,0.75,80,63,1142
v_apprentices,viewpoint,orb,1_6,6,0.8,150,102,1142
v_apprentices,viewpoint,orb,1_6,6,0.85,289,155,1142
v_apprentices,viewpoint,orb,1_6,6,0.9,550,222,1142
v_apprentices,viewpoint,orb,1_6,6,0.95,1037,280,1142
v_apprentices,viewpoint,orb,1_6,6,0.99,1802,347,1142
v_artisans,viewpoint,sift,1_2,2,0.5,1403,1402,6927
v_artisans,viewpoint,sift,1_2,2,0.55,1534,1532,6927
v_artisans,viewpoint,sift,1_2,2,0.6,1646,1640,6927
v_artisans,viewpoint,sift,1_2,2,0.65,1755,1742,6927
v_artisans,viewpoint,sift,1_2,2,0.7,1885,1851,6927
v_artisans,viewpoint,sift,1_2,2,0.75,2032,1957,6927
v_artisans,viewpoint,sift,1_2,2,0.8,2249,2037,6927
v_artisans,viewpoint,sift,1_2,2,0.85,2729,2108,6927
v_artisans,viewpoint,sift,1_2,2,0.9,4045,2167,6927
v_artisans,viewpoint,sift,1_2,2,0.95,7676,2222,6927
v_artisans,viewpoint,sift,1_2,2,0.99,15002,2278,6927
v_artisans,viewpoint,sift,1_3,3,0.5,1028,1027,7119
v_artisans,viewpoint,sift,1_3,3,0.55,1213,1211,7119
v_artisans,viewpoint,sift,1_3,3,0.6,1380,1376,7119
v_artisans,viewpoint,sift,1_3,3,0.65,1536,1522,7119
v_artisans,viewpoint,sift,1_3,3,0.7,1693,1659,7119
v_artisans,viewpoint,sift,1_3,3,0.75,1864,1780,7119
v_artisans,viewpoint,sift,1_3,3,0.8,2125,1899,7119
v_artisans,viewpoint,sift,1_3,3,0.85,2631,1993,7119
v_artisans,viewpoint,sift,1_3,3,0.9,3938,2090,7119
v_artisans,viewpoint,sift,1_3,3,0.95,7596,2206,7119
v_artisans,viewpoint,sift,1_3,3,0.99,14889,2272,7119
v_artisans,viewpoint,sift,1_4,4,0.5,2017,2015,6234
v_artisans,viewpoint,sift,1_4,4,0.55,2254,2249,6234
v_artisans,viewpoint,sift,1_4,4,0.6,2446,2436,6234
v_artisans,viewpoint,sift,1_4,4,0.65,2626,2610,6234
v_artisans,viewpoint,sift,1_4,4,0.7,2786,2751,6234
v_artisans,viewpoint,sift,1_4,4,0.75,2958,2869,6234
v_artisans,viewpoint,sift,1_4,4,0.8,3221,2993,6234
v_artisans,viewpoint,sift,1_4,4,0.85,3721,3093,6234
v_artisans,viewpoint,sift,1_4,4,0.9,4975,3167,6234
v_artisans,viewpoint,sift,1_4,4,0.95,8466,3248,6234
v_artisans,viewpoint,sift,1_4,4,0.99,15201,3302,6234
v_artisans,viewpoint,sift,1_5,5,0.5,154,138,2559
v_artisans,viewpoint,sift,1_5,5,0.55,188,165,2559
v_artisans,viewpoint,sift,1_5,5,0.6,235,201,2559
v_artisans,viewpoint,sift,1_5,5,0.65,289,243,2559
v_artisans,viewpoint,sift,1_5,5,0.7,347,278,2559
v_artisans,viewpoint,sift,1_5,5,0.75,449,318,2559
v_artisans,viewpoint,sift,1_5,5,0.8,696,363,2559
v_artisans,viewpoint,sift,1_5,5,0.85,1196,400,2559
v_artisans,viewpoint,sift,1_5,5,0.9,2731,443,2559
v_artisans,viewpoint,sift,1_5,5,0.95,6845,497,2559
v_artisans,viewpoint,sift,1_5,5,0.99,14683,542,2559
v_artisans,viewpoint,sift,1_6,6,0.5,1862,1862,5740
v_artisans,viewpoint,sift,1_6,6,0.55,1996,1994,5740
v_artisans,viewpoint,sift,1_6,6,0.6,2098,2091,5740
v_artisans,viewpoint,sift,1_6,6,0.65,2171,2152,5740
v_artisans,viewpoint,sift,1_6,6,0.7,2235,2203,5740
v_artisans,viewpoint,sift,1_6,6,0.75,2315,2243,5740
v_artisans,viewpoint,sift,1_6,6,0.8,2492,2278,5740
v_artisans,viewpoint,sift,1_6,6,0.85,2962,2306,5740
v_artisans,viewpoint,sift,1_6,6,0.9,4280,2350,5740
v_artisans,viewpoint,sift,1_6,6,0.95,7776,2370,5740
v_artisans,viewpoint,sift,1_6,6,0.99,15007,2400,5740
v_artisans,viewpoint,orb,1_2,2,0.5,61,61,1278
v_artisans,viewpoint,orb,1_2,2,0.55,92,92,1278
v_artisans,viewpoint,orb,1_2,2,0.6,124,123,1278
v_artisans,viewpoint,orb,1_2,2,0.65,162,160,1278
v_artisans,viewpoint,orb,1_2,2,0.7,214,210,1278
v_artisans,viewpoint,orb,1_2,2,0.75,254,243,1278
v_artisans,viewpoint,orb,1_2,2,0.8,315,287,1278
v_artisans,viewpoint,orb,1_2,2,0.85,428,341,1278
v_artisans,viewpoint,orb,1_2,2,0.9,602,388,1278
v_artisans,viewpoint,orb,1_2,2,0.95,1092,437,1278
v_artisans,viewpoint,orb,1_2,2,0.99,1814,480,1278
v_artisans,viewpoint,orb,1_3,3,0.5,5,5,1122
v_artisans,viewpoint,orb,1_3,3,0.55,21,21,1122
v_artisans,viewpoint,orb,1_3,3,0.6,43,41,1122
v_artisans,viewpoint,orb,1_3,3,0.65,71,69,1122
v_artisans,viewpoint,orb,1_3,3,0.7,112,106,1122
v_artisans,viewpoint,orb,1_3,3,0.75,156,145,1122
v_artisans,viewpoint,orb,1_3,3,0.8,209,185,1122
v_artisans,viewpoint,orb,1_3,3,0.85,314,238,1122
v_artisans,viewpoint,orb,1_3,3,0.9,512,292,1122
v_artisans,viewpoint,orb,1_3,3,0.95,1023,361,1122
v_artisans,viewpoint,orb,1_3,3,0.99,1827,424,1122
v_artisans,viewpoint,orb,1_4,4,0.5,120,116,1291
v_artisans,viewpoint,orb,1_4,4,0.55,164,159,1291
v_artisans,viewpoint,orb,1_4,4,0.6,211,205,1291
v_artisans,viewpoint,orb,1_4,4,0.65,261,250,1291
v_artisans,viewpoint,orb,1_4,4,0.7,312,297,1291
v_artisans,viewpoint,orb,1_4,4,0.75,371,344,1291
v_artisans,viewpoint,orb,1_4,4,0.8,438,399,1291
v_artisans,viewpoint,orb,1_4,4,0.85,555,468,1291
v_artisans,viewpoint,orb,1_4,4,0.9,757,521,1291
v_artisans,viewpoint,orb,1_4,4,0.95,1182,601,1291
v_artisans,viewpoint,orb,1_4,4,0.99,1827,665,1291
v_artisans,viewpoint,orb,1_5,5,0.5,1,1,305
v_artisans,viewpoint,orb,1_5,5,0.55,3,3,305
v_artisans,viewpoint,orb,1_5,5,0.6,10,10,305
v_artisans,viewpoint,orb,1_5,5,0.65,13,11,305
v_artisans,viewpoint,orb,1_5,5,0.7,17,13,305
v_artisans,viewpoint,orb,1_5,5,0.75,31,17,305
v_artisans,viewpoint,orb,1_5,5,0.8,60,22,305
v_artisans,viewpoint,orb,1_5,5,0.85,140,31,305
v_artisans,viewpoint,orb,1_5,5,0.9,323,39,305
v_artisans,viewpoint,orb,1_5,5,0.95,839,54,305
v_artisans,viewpoint,orb,1_5,5,0.99,1757,66,305
v_artisans,viewpoint,orb,1_6,6,0.5,104,104,1177
v_artisans,viewpoint,orb,1_6,6,0.55,136,136,1177
v_artisans,viewpoint,orb,1_6,6,0.6,189,188,1177
v_artisans,viewpoint,orb,1_6,6,0.65,225,222,1177
v_artisans,viewpoint,orb,1_6,6,0.7,283,275,1177
v_artisans,viewpoint,orb,1_6,6,0.75,330,313,1177
v_artisans,viewpoint,orb,1_6,6,0.8,386,354,1177
v_artisans,viewpoint,orb,1_6,6,0.85,503,415,1177
v_artisans,viewpoint,orb,1_6,6,0.9,687,449,1177
v_artisans,viewpoint,orb,1_6,6,0.95,1113,491,1177
v_artisans,viewpoint,orb,1_6,6,0.99,1843,533,1177
v_astronautis,viewpoint,sift,1_2,2,0.5,592,575,2896
v_astronautis,viewpoint,sift,1_2,2,0.55,806,784,2896
v_astronautis,viewpoint,sift,1_2,2,0.6,1042,1006,2896
v_astronautis,viewpoint,sift,1_2,2,0.65,1250,1202,2896
v_astronautis,viewpoint,sift,1_2,2,0.7,1466,1402,2896
v_astronautis,viewpoint,sift,1_2,2,0.75,1688,1588,2896
v_astronautis,viewpoint,sift,1_2,2,0.8,1908,1745,2896
v_astronautis,viewpoint,sift,1_2,2,0.85,2173,1870,2896
v_astronautis,viewpoint,sift,1_2,2,0.9,2632,1994,2896
v_astronautis,viewpoint,sift,1_2,2,0.95,3560,2083,2896
v_astronautis,viewpoint,sift,1_2,2,0.99,5053,2151,2896
v_astronautis,viewpoint,sift,1_3,3,0.5,41,31,1249
v_astronautis,viewpoint,sift,1_3,3,0.55,64,51,1249
v_astronautis,viewpoint,sift,1_3,3,0.6,102,82,1249
v_astronautis,viewpoint,sift,1_3,3,0.65,133,107,1249
v_astronautis,viewpoint,sift,1_3,3,0.7,203,155,1249
v_astronautis,viewpoint,sift,1_3,3,0.75,290,205,1249
v_astronautis,viewpoint,sift,1_3,3,0.8,406,231,1249
v_astronautis,viewpoint,sift,1_3,3,0.85,651,277,1249
v_astronautis,viewpoint,sift,1_3,3,0.9,1216,333,1249
v_astronautis,viewpoint,sift,1_3,3,0.95,2595,384,1249
v_astronautis,viewpoint,sift,1_3,3,0.99,4844,431,1249
v_astronautis,viewpoint,sift,1_4,4,0.5,112,112,2522
v_astronautis,viewpoint,sift,1_4,4,0.55,187,185,2522
v_astronautis,viewpoint,sift,1_4,4,0.6,270,264,2522
v_astronautis,viewpoint,sift,1_4,4,0.65,380,365,2522
v_astronautis,viewpoint,sift,1_4,4,0.7,506,470,2522
v_astronautis,viewpoint,sift,1_4,4,0.75,666,594,2522
v_astronautis,viewpoint,sift,1_4,4,0.8,876,720,2522
v_astronautis,viewpoint,sift,1_4,4,0.85,1186,864,2522
v_astronautis,viewpoint,sift,1_4,4,0.9,1758,1006,2522
v_astronautis,viewpoint,sift,1_4,4,0.95,2912,1142,2522
v_astronautis,viewpoint,sift,1_4,4,0.99,4890,1248,2522
v_astronautis,viewpoint,sift,1_5,5,0.5,5,4,1853
v_astronautis,viewpoint,sift,1_5,5,0.55,8,7,1853
v_astronautis,viewpoint,sift,1_5,5,0.6,25,20,1853
v_astronautis,viewpoint,sift,1_5,5,0.65,45,36,1853
v_astronautis,viewpoint,sift,1_5,5,0.7,94,71,1853
v_astronautis,viewpoint,sift,1_5,5,0.75,169,108,1853
v_astronautis,viewpoint,sift,1_5,5,0.8,291,163,1853
v_astronautis,viewpoint,sift,1_5,5,0.85,551,233,1853
v_astronautis,viewpoint,sift,1_5,5,0.9,1094,304,1853
v_astronautis,viewpoint,sift,1_5,5,0.95,2400,376,1853
v_astronautis,viewpoint,sift,1_5,5,0.99,4712,457,1853
v_astronautis,viewpoint,sift,1_6,6,0.5,104,90,641
v_astronautis,viewpoint,sift,1_6,6,0.55,128,112,641
v_astronautis,viewpoint,sift,1_6,6,0.6,172,147,641
v_astronautis,viewpoint,sift,1_6,6,0.65,213,172,641
v_astronautis,viewpoint,sift,1_6,6,0.7,271,208,641
v_astronautis,viewpoint,sift,1_6,6,0.75,352,239,641
v_astronautis,viewpoint,sift,1_6,6,0.8,475,265,641
v_astronautis,viewpoint,sift,1_6,6,0.85,739,291,641
v_astronautis,viewpoint,sift,1_6,6,0.9,1373,318,641
v_astronautis,viewpoint,sift,1_6,6,0.95,2721,342,641
v_astronautis,viewpoint,sift,1_6,6,0.99,4889,373,641
v_astronautis,viewpoint,orb,1_2,2,0.5,35,31,1228
v_astronautis,viewpoint,orb,1_2,2,0.55,75,65,1228
v_astronautis,viewpoint,orb,1_2,2,0.6,127,108,1228
v_astronautis,viewpoint,orb,1_2,2,0.65,187,161,1228
v_astronautis,viewpoint,orb,1_2,2,0.7,256,216,1228
v_astronautis,viewpoint,orb,1_2,2,0.75,337,278,1228
v_astronautis,viewpoint,orb,1_2,2,0.8,449,362,1228
v_astronautis,viewpoint,orb,1_2,2,0.85,617,456,1228
v_astronautis,viewpoint,orb,1_2,2,0.9,862,548,1228
v_astronautis,viewpoint,orb,1_2,2,0.95,1269,651,1228
v_astronautis,viewpoint,orb,1_2,2,0.99,1853,740,1228
v_astronautis,viewpoint,orb,1_3,3,0.5,2,1,964
v_astronautis,viewpoint,orb,1_3,3,0.55,11,9,964
v_astronautis,viewpoint,orb,1_3,3,0.6,17,14,964
v_astronautis,viewpoint,orb,1_3,3,0.65,32,25,964
v_astronautis,viewpoint,orb,1_3,3,0.7,54,36,964
v_astronautis,viewpoint,orb,1_3,3,0.75,84,59,964
v_astronautis,viewpoint,orb,1_3,3,0.8,149,87,964
v_astronautis,viewpoint,orb,1_3,3,0.85,262,125,964
v_astronautis,viewpoint,orb,1_3,3,0.9,496,175,964
v_astronautis,viewpoint,orb,1_3,3,0.95,1006,246,964
v_astronautis,viewpoint,orb,1_3,3,0.99,1809,313,964
v_astronautis,viewpoint,orb,1_4,4,0.5,4,4,949
v_astronautis,viewpoint,orb,1_4,4,0.55,10,9,949
v_astronautis,viewpoint,orb,1_4,4,0.6,24,21,949
v_astronautis,viewpoint,orb,1_4,4,0.65,41,31,949
v_astronautis,viewpoint,orb,1_4,4,0.7,65,47,949
v_astronautis,viewpoint,orb,1_4,4,0.75,115,79,949
v_astronautis,viewpoint,orb,1_4,4,0.8,197,128,949
v_astronautis,viewpoint,orb,1_4,4,0.85,314,178,949
v_astronautis,viewpoint,orb,1_4,4,0.9,563,240,949
v_astronautis,viewpoint,orb,1_4,4,0.95,1049,314,949
v_astronautis,viewpoint,orb,1_4,4,0.99,1818,372,949
v_astronautis,viewpoint,orb,1_5,5,0.5,0,0,783
v_astronautis,viewpoint,orb,1_5,5,0.55,0,0,783
v_astronautis,viewpoint,orb,1_5,5,0.6,4,2,783
v_astronautis,viewpoint,orb,1_5,5,0.65,7,4,783
v_astronautis,viewpoint,orb,1_5,5,0.7,20,11,783
v_astronautis,viewpoint,orb,1_5,5,0.75,33,16,783
v_astronautis,viewpoint,orb,1_5,5,0.8,75,27,783
v_astronautis,viewpoint,orb,1_5,5,0.85,172,39,783
v_astronautis,viewpoint,orb,1_5,5,0.9,365,54,783
v_astronautis,viewpoint,orb,1_5,5,0.95,869,86,783
v_astronautis,viewpoint,orb,1_5,5,0.99,1753,125,783
v_astronautis,viewpoint,orb,1_6,6,0.5,15,15,1161
v_astronautis,viewpoint,orb,1_6,6,0.55,34,33,1161
v_astronautis,viewpoint,orb,1_6,6,0.6,54,46,1161
v_astronautis,viewpoint,orb,1_6,6,0.65,93,80,1161
v_astronautis,viewpoint,orb,1_6,6,0.7,144,114,1161
v_astronautis,viewpoint,orb,1_6,6,0.75,212,159,1161
v_astronautis,viewpoint,orb,1_6,6,0.8,309,223,1161
v_astronautis,viewpoint,orb,1_6,6,0.85,475,302,1161
v_astronautis,viewpoint,orb,1_6,6,0.9,732,379,1161
v_astronautis,viewpoint,orb,1_6,6,0.95,1190,451,1161
v_astronautis,viewpoint,orb,1_6,6,0.99,1817,532,1161
v_azzola,viewpoint,sift,1_2,2,0.5,1083,844,6905
v_azzola,viewpoint,sift,1_2,2,0.55,1442,1147,6905
v_azzola,viewpoint,sift,1_2,2,0.6,1839,1463,6905
v_azzola,viewpoint,sift,1_2,2,0.65,2242,1767,6905
v_azzola,viewpoint,sift,1_2,2,0.7,2663,2089,6905
v_azzola,viewpoint,sift,1_2,2,0.75,3098,2379,6905
v_azzola,viewpoint,sift,1_2,2,0.8,3580,2664,6905
v_azzola,viewpoint,sift,1_2,2,0.85,4217,2921,6905
v_azzola,viewpoint,sift,1_2,2,0.9,5348,3153,6905
v_azzola,viewpoint,sift,1_2,2,0.95,7659,3386,6905
v_azzola,viewpoint,sift,1_2,2,0.99,11564,3539,6905
v_azzola,viewpoint,sift,1_3,3,0.5,97,42,5720
v_azzola,viewpoint,sift,1_3,3,0.55,197,88,5720
v_azzola,viewpoint,sift,1_3,3,0.6,319,142,5720
v_azzola,viewpoint,sift,1_3,3,0.65,471,213,5720
v_azzola,viewpoint,sift,1_3,3,0.7,645,285,5720
v_azzola,viewpoint,sift,1_3,3,0.75,883,390,5720
v_azzola,viewpoint,sift,1_3,3,0.8,1205,493,5720
v_azzola,viewpoint,sift,1_3,3,0.85,1824,627,5720
v_azzola,viewpoint,sift,1_3,3,0.9,3132,781,5720
v_azzola,viewpoint,sift,1_3,3,0.95,6062,934,5720
v_azzola,viewpoint,sift,1_3,3,0.99,11243,1078,5720
v_azzola,viewpoint,sift,1_4,4,0.5,3412,3258,8106
v_azzola,viewpoint,sift,1_4,4,0.55,3895,3686,8106
v_azzola,viewpoint,sift,1_4,4,0.6,4313,4071,8106
v_azzola,viewpoint,sift,1_4,4,0.65,4669,4375,8106
v_azzola,viewpoint,sift,1_4,4,0.7,4959,4612,8106
v_azzola,viewpoint,sift,1_4,4,0.75,5213,4792,8106
v_azzola,viewpoint,sift,1_4,4,0.8,5491,4952,8106
v_azzola,viewpoint,sift,1_4,4,0.85,5936,5101,8106
v_azzola,viewpoint,sift,1_4,4,0.9,6759,5210,8106
v_azzola,viewpoint,sift,1_4,4,0.95,8554,5304,8106
v_azzola,viewpoint,sift,1_4,4,0.99,11812,5359,8106
v_azzola,viewpoint,sift,1_5,5,0.5,472,274,6648
v_azzola,viewpoint,sift,1_5,5,0.55,637,380,6648
v_azzola,viewpoint,sift,1_5,5,0.6,845,514,6648
v_azzola,viewpoint,sift,1_5,5,0.65,1044,628,6648
v_azzola,viewpoint,sift,1_5,5,0.7,1281,756,6648
v_azzola,viewpoint,sift,1_5,5,0.75,1580,904,6648
v_azzola,viewpoint,sift,1_5,5,0.8,1947,1021,6648
v_azzola,viewpoint,sift,1_5,5,0.85,2520,1126,6648
v_azzola,viewpoint,sift,1_5,5,0.9,3648,1251,6648
v_azzola,viewpoint,sift,1_5,5,0.95,6419,1380,6648
v_azzola,viewpoint,sift,1_5,5,0.99,11299,1504,6648
v_azzola,viewpoint,sift,1_6,6,0.5,17,3,5272
v_azzola,viewpoint,sift,1_6,6,0.55,30,7,5272
v_azzola,viewpoint,sift,1_6,6,0.6,53,18,5272
v_azzola,viewpoint,sift,1_6,6,0.65,87,33,5272
v_azzola,viewpoint,sift,1_6,6,0.7,151,54,5272
v_azzola,viewpoint,sift,1_6,6,0.75,267,86,5272
v_azzola,viewpoint,sift,1_6,6,0.8,495,115,5272
v_azzola,viewpoint,sift,1_6,6,0.85,990,153,5272
v_azzola,viewpoint,sift,1_6,6,0.9,2232,197,5272
v_azzola,viewpoint,sift,1_6,6,0.95,5361,244,5272
v_azzola,viewpoint,sift,1_6,6,0.99,10900,298,5272
v_azzola,viewpoint,orb,1_2,2,0.5,26,21,1621
v_azzola,viewpoint,orb,1_2,2,0.55,59,46,1621
v_azzola,viewpoint,orb,1_2,2,0.6,101,87,1621
v_azzola,viewpoint,orb,1_2,2,0.65,158,138,1621
v_azzola,viewpoint,orb,1_2,2,0.7,223,191,1621
v_azzola,viewpoint,orb,1_2,2,0.75,339,289,1621
v_azzola,viewpoint,orb,1_2,2,0.8,468,386,1621
v_azzola,viewpoint,orb,1_2,2,0.85,643,496,1621
v_azzola,viewpoint,orb,1_2,2,0.9,864,606,1621
v_azzola,viewpoint,orb,1_2,2,0.95,1269,727,1621
v_azzola,viewpoint,orb,1_2,2,0.99,1879,840,1621
v_azzola,viewpoint,orb,1_3,3,0.5,1,1,1392
v_azzola,viewpoint,orb,1_3,3,0.55,1,1,1392
v_azzola,viewpoint,orb,1_3,3,0.6,5,2,1392
v_azzola,viewpoint,orb,1_3,3,0.65,13,6,1392
v_azzola,viewpoint,orb,1_3,3,0.7,26,12,1392
v_azzola,viewpoint,orb,1_3,3,0.75,53,23,1392
v_azzola,viewpoint,orb,1_3,3,0.8,111,46,1392
v_azzola,viewpoint,orb,1_3,3,0.85,219,71,1392
v_azzola,viewpoint,orb,1_3,3,0.9,472,123,1392
v_azzola,viewpoint,orb,1_3,3,0.95,954,185,1392
v_azzola,viewpoint,orb,1_3,3,0.99,1776,265,1392
v_azzola,viewpoint,orb,1_4,4,0.5,312,297,1752
v_azzola,viewpoint,orb,1_4,4,0.55,402,379,1752
v_azzola,viewpoint,orb,1_4,4,0.6,493,464,1752
v_azzola,viewpoint,orb,1_4,4,0.65,600,557,1752
v_azzola,viewpoint,orb,1_4,4,0.7,700,645,1752
v_azzola,viewpoint,orb,1_4,4,0.75,803,733,1752
v_azzola,viewpoint,orb,1_4,4,0.8,935,832,1752
v_azzola,viewpoint,orb,1_4,4,0.85,1096,942,1752
v_azzola,viewpoint,orb,1_4,4,0.9,1281,1031,1752
v_azzola,viewpoint,orb,1_4,4,0.95,1519,1103,1752
v_azzola,viewpoint,orb,1_4,4,0.99,1925,1177,1752
v_azzola,viewpoint,orb,1_5,5,0.5,21,8,1311
v_azzola,viewpoint,orb,1_5,5,0.55,49,27,1311
v_azzola,viewpoint,orb,1_5,5,0.6,76,46,1311
v_azzola,viewpoint,orb,1_5,5,0.65,105,65,1311
v_azzola,viewpoint,orb,1_5,5,0.7,147,92,1311
v_azzola,viewpoint,orb,1_5,5,0.75,210,132,1311
v_azzola,viewpoint,orb,1_5,5,0.8,310,175,1311
v_azzola,viewpoint,orb,1_5,5,0.85,427,222,1311
v_azzola,viewpoint,orb,1_5,5,0.9,658,269,1311
v_azzola,viewpoint,orb,1_5,5,0.95,1113,329,1311
v_azzola,viewpoint,orb,1_5,5,0.99,1824,395,1311
v_azzola,viewpoint,orb,1_6,6,0.5,0,0,991
v_azzola,viewpoint,orb,1_6,6,0.55,0,0,991
v_azzola,viewpoint,orb,1_6,6,0.6,1,0,991
v_azzola,viewpoint,orb,1_6,6,0.65,2,0,991
v_azzola,viewpoint,orb,1_6,6,0.7,10,1,991
v_azzola,viewpoint,orb,1_6,6,0.75,21,1,991
v_azzola,viewpoint,orb,1_6,6,0.8,49,4,991
v_azzola,viewpoint,orb,1_6,6,0.85,126,12,991
v_azzola,viewpoint,orb,1_6,6,0.9,345,25,991
v_azzola,viewpoint,orb,1_6,6,0.95,843,44,991
v_azzola,viewpoint,orb,1_6,6,0.99,1771,67,991
v_bark,viewpoint,sift,1_2,2,0.5,307,305,1298
v_bark,viewpoint,sift,1_2,2,0.55,363,361,1298
v_bark,viewpoint,sift,1_2,2,0.6,409,407,1298
v_bark,viewpoint,sift,1_2,2,0.65,465,463,1298
v_bark,viewpoint,sift,1_2,2,0.7,523,520,1298
v_bark,viewpoint,sift,1_2,2,0.75,591,578,1298
v_bark,viewpoint,sift,1_2,2,0.8,649,612,1298
v_bark,viewpoint,sift,1_2,2,0.85,769,647,1298
v_bark,viewpoint,sift,1_2,2,0.9,1069,690,1298
v_bark,viewpoint,sift,1_2,2,0.95,1774,718,1298
v_bark,viewpoint,sift,1_2,2,0.99,3163,739,1298
v_bark,viewpoint,sift,1_3,3,0.5,290,289,1431
v_bark,viewpoint,sift,1_3,3,0.55,330,329,1431
v_bark,viewpoint,sift,1_3,3,0.6,391,390,1431
v_bark,viewpoint,sift,1_3,3,0.65,428,427,1431
v_bark,viewpoint,sift,1_3,3,0.7,477,476,1431
v_bark,viewpoint,sift,1_3,3,0.75,512,509,1431
v_bark,viewpoint,sift,1_3,3,0.8,566,538,1431
v_bark,viewpoint,sift,1_3,3,0.85,692,567,1431
v_bark,viewpoint,sift,1_3,3,0.9,920,590,1431
v_bark,viewpoint,sift,1_3,3,0.95,1708,611,1431
v_bark,viewpoint,sift,1_3,3,0.99,3167,632,1431
v_bark,viewpoint,sift,1_4,4,0.5,608,608,1779
v_bark,viewpoint,sift,1_4,4,0.55,630,630,1779
v_bark,viewpoint,sift,1_4,4,0.6,645,645,1779
v_bark,viewpoint,sift,1_4,4,0.65,657,655,1779
v_bark,viewpoint,sift,1_4,4,0.7,668,663,1779
v_bark,viewpoint,sift,1_4,4,0.75,686,672,1779
v_bark,viewpoint,sift,1_4,4,0.8,715,678,1779
v_bark,viewpoint,sift,1_4,4,0.85,781,680,1779
v_bark,viewpoint,sift,1_4,4,0.9,1052,685,1779
v_bark,viewpoint,sift,1_4,4,0.95,1771,693,1779
v_bark,viewpoint,sift,1_4,4,0.99,3139,696,1779
v_bark,viewpoint,sift,1_5,5,0.5,390,390,1573
v_bark,viewpoint,sift,1_5,5,0.55,401,401,1573
v_bark,viewpoint,sift,1_5,5,0.6,421,420,1573
v_bark,viewpoint,sift,1_5,5,0.65,426,424,1573
v_bark,viewpoint,sift,1_5,5,0.7,436,434,1573
v_bark,viewpoint,sift,1_5,5,0.75,445,439,1573
v_bark,viewpoint,sift,1_5,5,0.8,469,445,1573
v_bark,viewpoint,sift,1_5,5,0.85,555,451,1573
v_bark,viewpoint,sift,1_5,5,0.9,827,458,1573
v_bark,viewpoint,sift,1_5,5,0.95,1619,461,1573
v_bark,viewpoint,sift,1_5,5,0.99,3112,464,1573
v_bark,viewpoint,sift,1_6,6,0.5,216,216,1419
v_bark,viewpoint,sift,1_6,6,0.55,227,227,1419
v_bark,viewpoint,sift,1_6,6,0.6,237,237,1419
v_bark,viewpoint,sift,1_6,6,0.65,243,243,1419
v_bark,viewpoint,sift,1_6,6,0.7,249,247,1419
v_bark,viewpoint,sift,1_6,6,0.75,259,249,1419
v_bark,viewpoint,sift,1_6,6,0.8,293,255,1419
v_bark,viewpoint,sift,1_6,6,0.85,377,259,1419
v_bark,viewpoint,sift,1_6,6,0.9,670,262,1419
v_bark,viewpoint,sift,1_6,6,0.95,1485,262,1419
v_bark,viewpoint,sift,1_6,6,0.99,3051,263,1419
v_bark,viewpoint,orb,1_2,2,0.5,105,100,927
v_bark,viewpoint,orb,1_2,2,0.55,144,136,927
v_bark,viewpoint,orb,1_2,2,0.6,179,165,927
v_bark,viewpoint,orb,1_2,2,0.65,225,205,927
v_bark,viewpoint,orb,1_2,2,0.7,274,248,927
v_bark,viewpoint,orb,1_2,2,0.75,323,283,927
v_bark,viewpoint,orb,1_2,2,0.8,384,321,927
v_bark,viewpoint,orb,1_2,2,0.85,484,367,927
v_bark,viewpoint,orb,1_2,2,0.9,658,398,927
v_bark,viewpoint,orb,1_2,2,0.95,1067,432,927
v_bark,viewpoint,orb,1_2,2,0.99,1818,474,927
v_bark,viewpoint,orb,1_3,3,0.5,47,46,846
v_bark,viewpoint,orb,1_3,3,0.55,64,62,846
v_bark,viewpoint,orb,1_3,3,0.6,80,77,846
v_bark,viewpoint,orb,1_3,3,0.65,103,99,846
v_bark,viewpoint,orb,1_3,3,0.7,129,118,846
v_bark,viewpoint,orb,1_3,3,0.75,150,130,846
v_bark,viewpoint,orb,1_3,3,0.8,195,147,846
v_bark,viewpoint,orb,1_3,3,0.85,282,169,846
v_bark,viewpoint,orb,1_3,3,0.9,482,189,846
v_bark,viewpoint,orb,1_3,3,0.95,941,212,846
v_bark,viewpoint,orb,1_3,3,0.99,1781,236,846
v_bark,viewpoint,orb,1_4,4,0.5,64,64,1103
v_bark,viewpoint,orb,1_4,4,0.55,72,72,1103
v_bark,viewpoint,orb,1_4,4,0.6,84,84,1103
v_bark,viewpoint,orb,1_4,4,0.65,93,93,1103
v_bark,viewpoint,orb,1_4,4,0.7,102,101,1103
v_bark,viewpoint,orb,1_4,4,0.75,115,109,1103
v_bark,viewpoint,orb,1_4,4,0.8,156,115,1103
v_bark,viewpoint,orb,1_4,4,0.85,216,123,1103
v_bark,viewpoint,orb,1_4,4,0.9,413,134,1103
v_bark,viewpoint,orb,1_4,4,0.95,878,143,1103
v_bark,viewpoint,orb,1_4,4,0.99,1793,156,1103
v_bark,viewpoint,orb,1_5,5,0.5,22,22,1036
v_bark,viewpoint,orb,1_5,5,0.55,28,28,1036
v_bark,viewpoint,orb,1_5,5,0.6,28,28,1036
v_bark,viewpoint,orb,1_5,5,0.65,33,32,1036
v_bark,viewpoint,orb,1_5,5,0.7,37,35,1036
v_bark,viewpoint,orb,1_5,5,0.75,51,42,1036
v_bark,viewpoint,orb,1_5,5,0.8,79,48,1036
v_bark,viewpoint,orb,1_5,5,0.85,157,58,1036
v_bark,viewpoint,orb,1_5,5,0.9,341,66,1036
v_bark,viewpoint,orb,1_5,5,0.95,827,76,1036
v_bark,viewpoint,orb,1_5,5,0.99,1765,83,1036
v_bark,viewpoint,orb,1_6,6,0.5,1,1,718
v_bark,viewpoint,orb,1_6,6,0.55,2,2,718
v_bark,viewpoint,orb,1_6,6,0.6,5,5,718
v_bark,viewpoint,orb,1_6,6,0.65,5,5,718
v_bark,viewpoint,orb,1_6,6,0.7,6,5,718
v_bark,viewpoint,orb,1_6,6,0.75,16,6,718
v_bark,viewpoint,orb,1_6,6,0.8,41,6,718
v_bark,viewpoint,orb,1_6,6,0.85,108,6,718
v_bark,viewpoint,orb,1_6,6,0.9,301,6,718
v_bark,viewpoint,orb,1_6,6,0.95,817,8,718
v_bark,viewpoint,orb,1_6,6,0.99,1763,8,718
v_bees,viewpoint,sift,1_2,2,0.5,1437,1413,3008
v_bees,viewpoint,sift,1_2,2,0.55,1625,1592,3008
v_bees,viewpoint,sift,1_2,2,0.6,1807,1771,3008
v_bees,viewpoint,sift,1_2,2,0.65,1940,1895,3008
v_bees,viewpoint,sift,1_2,2,0.7,2077,2020,3008
v_bees,viewpoint,sift,1_2,2,0.75,2230,2145,3008
v_bees,viewpoint,sift,1_2,2,0.8,2378,2242,3008
v_bees,viewpoint,sift,1_2,2,0.85,2537,2312,3008
v_bees,viewpoint,sift,1_2,2,0.9,2790,2376,3008
v_bees,viewpoint,sift,1_2,2,0.95,3258,2419,3008
v_bees,viewpoint,sift,1_2,2,0.99,4012,2452,3008
v_bees,viewpoint,sift,1_3,3,0.5,1628,1608,3262
v_bees,viewpoint,sift,1_3,3,0.55,1867,1839,3262
v_bees,viewpoint,sift,1_3,3,0.6,2041,2005,3262
v_bees,viewpoint,sift,1_3,3,0.65,2207,2165,3262
v_bees,viewpoint,sift,1_3,3,0.7,2342,2286,3262
v_bees,viewpoint,sift,1_3,3,0.75,2486,2406,3262
v_bees,viewpoint,sift,1_3,3,0.8,2602,2484,3262
v_bees,viewpoint,sift,1_3,3,0.85,2740,2549,3262
v_bees,viewpoint,sift,1_3,3,0.9,2973,2617,3262
v_bees,viewpoint,sift,1_3,3,0.95,3392,2660,3262
v_bees,viewpoint,sift,1_3,3,0.99,4042,2695,3262
v_bees,viewpoint,sift,1_4,4,0.5,1239,1232,3066
v_bees,viewpoint,sift,1_4,4,0.55,1462,1451,3066
v_bees,viewpoint,sift,1_4,4,0.6,1628,1612,3066
v_bees,viewpoint,sift,1_4,4,0.65,1789,1771,3066
v_bees,viewpoint,sift,1_4,4,0.7,1939,1905,3066
v_bees,viewpoint,sift,1_4,4,0.75,2078,2021,3066
v_bees,viewpoint,sift,1_4,4,0.8,2244,2135,3066
v_bees,viewpoint,sift,1_4,4,0.85,2447,2229,3066
v_bees,viewpoint,sift,1_4,4,0.9,2738,2299,3066
v_bees,viewpoint,sift,1_4,4,0.95,3238,2354,3066
v_bees,viewpoint,sift,1_4,4,0.99,4018,2395,3066
v_bees,viewpoint,sift,1_5,5,0.5,309,301,1359
v_bees,viewpoint,sift,1_5,5,0.55,402,391,1359
v_bees,viewpoint,sift,1_5,5,0.6,477,461,1359
v_bees,viewpoint,sift,1_5,5,0.65,565,538,1359
v_bees,viewpoint,sift,1_5,5,0.7,646,603,1359
v_bees,viewpoint,sift,1_5,5,0.75,740,660,1359
v_bees,viewpoint,sift,1_5,5,0.8,874,728,1359
v_bees,viewpoint,sift,1_5,5,0.85,1078,779,1359
v_bees,viewpoint,sift,1_5,5,0.9,1520,840,1359
v_bees,viewpoint,sift,1_5,5,0.95,2386,877,1359
v_bees,viewpoint,sift,1_5,5,0.99,3762,889,1359
v_bees,viewpoint,sift,1_6,6,0.5,358,312,2681
v_bees,viewpoint,sift,1_6,6,0.55,498,432,2681
v_bees,viewpoint,sift,1_6,6,0.6,643,547,2681
v_bees,viewpoint,sift,1_6,6,0.65,805,689,2681
v_bees,viewpoint,sift,1_6,6,0.7,965,825,2681
v_bees,viewpoint,sift,1_6,6,0.75,1125,950,2681
v_bees,viewpoint,sift,1_6,6,0.8,1361,1114,2681
v_bees,viewpoint,sift,1_6,6,0.85,1602,1225,2681
v_bees,viewpoint,sift,1_6,6,0.9,1958,1319,2681
v_bees,viewpoint,sift,1_6,6,0.95,2707,1415,2681
v_bees,viewpoint,sift,1_6,6,0.99,3886,1488,2681
v_bees,viewpoint,orb,1_2,2,0.5,261,256,1708
v_bees,viewpoint,orb,1_2,2,0.55,387,378,1708
v_bees,viewpoint,orb,1_2,2,0.6,515,498,1708
v_bees,viewpoint,orb,1_2,2,0.65,652,632,1708
v_bees,viewpoint,orb,1_2,2,0.7,783,749,1708
v_bees,viewpoint,orb,1_2,2,0.75,907,859,1708
v_bees,viewpoint,orb,1_2,2,0.8,1030,960,1708
v_bees,viewpoint,orb,1_2,2,0.85,1183,1069,1708
v_bees,viewpoint,orb,1_2,2,0.9,1344,1171,1708
v_bees,viewpoint,orb,1_2,2,0.95,1606,1279,1708
v_bees,viewpoint,orb,1_2,2,0.99,1931,1362,1708
v_bees,viewpoint,orb,1_3,3,0.5,365,351,1804
v_bees,viewpoint,orb,1_3,3,0.55,483,465,1804
v_bees,viewpoint,orb,1_3,3,0.6,595,573,1804
v_bees,viewpoint,orb,1_3,3,0.65,739,711,1804
v_bees,viewpoint,orb,1_3,3,0.7,847,807,1804
v_bees,viewpoint,orb,1_3,3,0.75,991,938,1804
v_bees,viewpoint,orb,1_3,3,0.8,1135,1068,1804
v_bees,viewpoint,orb,1_3,3,0.85,1260,1166,1804
v_bees,viewpoint,orb,1_3,3,0.9,1445,1287,1804
v_bees,viewpoint,orb,1_3,3,0.95,1685,1401,1804
v_bees,viewpoint,orb,1_3,3,0.99,1923,1467,1804
v_bees,viewpoint,orb,1_4,4,0.5,349,347,1814
v_bees,viewpoint,orb,1_4,4,0.55,466,462,1814
v_bees,viewpoint,orb,1_4,4,0.6,561,555,1814
v_bees,viewpoint,orb,1_4,4,0.65,682,669,1814
v_bees,viewpoint,orb,1_4,4,0.7,796,778,1814
v_bees,viewpoint,orb,1_4,4,0.75,915,887,1814
v_bees,viewpoint,orb,1_4,4,0.8,1042,998,1814
v_bees,viewpoint,orb,1_4,4,0.85,1176,1098,1814
v_bees,viewpoint,orb,1_4,4,0.9,1352,1210,1814
v_bees,viewpoint,orb,1_4,4,0.95,1593,1307,1814
v_bees,viewpoint,orb,1_4,4,0.99,1919,1395,1814
v_bees,viewpoint,orb,1_5,5,0.5,64,62,1209
v_bees,viewpoint,orb,1_5,5,0.55,118,114,1209
v_bees,viewpoint,orb,1_5,5,0.6,170,163,1209
v_bees,viewpoint,orb,1_5,5,0.65,234,224,1209
v_bees,viewpoint,orb,1_5,5,0.7,332,306,1209
v_bees,viewpoint,orb,1_5,5,0.75,404,366,1209
v_bees,viewpoint,orb,1_5,5,0.8,515,445,1209
v_bees,viewpoint,orb,1_5,5,0.85,676,540,1209
v_bees,viewpoint,orb,1_5,5,0.9,888,616,1209
v_bees,viewpoint,orb,1_5,5,0.95,1285,706,1209
v_bees,viewpoint,orb,1_5,5,0.99,1867,779,1209
v_bees,viewpoint,orb,1_6,6,0.5,58,49,1363
v_bees,viewpoint,orb,1_6,6,0.55,92,78,1363
v_bees,viewpoint,orb,1_6,6,0.6,150,132,1363
v_bees,viewpoint,orb,1_6,6,0.65,204,183,1363
v_bees,viewpoint,orb,1_6,6,0.7,267,236,1363
v_bees,viewpoint,orb,1_6,6,0.75,345,303,1363
v_bees,viewpoint,orb,1_6,6,0.8,470,398,1363
v_bees,viewpoint,orb,1_6,6,0.85,636,502,1363
v_bees,viewpoint,orb,1_6,6,0.9,867,611,1363
v_bees,viewpoint,orb,1_6,6,0.95,1287,712,1363
v_bees,viewpoint,orb,1_6,6,0.99,1848,792,1363
v_beyus,viewpoint,sift,1_2,2,0.5,48,41,859
v_beyus,viewpoint,sift,1_2,2,0.55,79,71,859
v_beyus,viewpoint,sift,1_2,2,0.6,119,105,859
v_beyus,viewpoint,sift,1_2,2,0.65,175,144,859
v_beyus,viewpoint,sift,1_2,2,0.7,229,178,859
v_beyus,viewpoint,sift,1_2,2,0.75,295,208,859
v_beyus,viewpoint,sift,1_2,2,0.8,383,238,859
v_beyus,viewpoint,sift,1_2,2,0.85,533,274,859
v_beyus,viewpoint,sift,1_2,2,0.9,831,306,859
v_beyus,viewpoint,sift,1_2,2,0.95,1344,336,859
v_beyus,viewpoint,sift,1_2,2,0.99,2287,356,859
v_beyus,viewpoint,sift,1_3,3,0.5,2,1,716
v_beyus,viewpoint,sift,1_3,3,0.55,4,2,716
v_beyus,viewpoint,sift,1_3,3,0.6,7,2,716
v_beyus,viewpoint,sift,1_3,3,0.65,14,5,716
v_beyus,viewpoint,sift,1_3,3,0.7,32,5,716
v_beyus,viewpoint,sift,1_3,3,0.75,61,10,716
v_beyus,viewpoint,sift,1_3,3,0.8,114,18,716
v_beyus,viewpoint,sift,1_3,3,0.85,249,28,716
v_beyus,viewpoint,sift,1_3,3,0.9,518,46,716
v_beyus,viewpoint,sift,1_3,3,0.95,1188,67,716
v_beyus,viewpoint,sift,1_3,3,0.99,2250,96,716
v_beyus,viewpoint,sift,1_4,4,0.5,410,402,1045
v_beyus,viewpoint,sift,1_4,4,0.55,462,445,1045
v_beyus,viewpoint,sift,1_4,4,0.6,525,489,1045
v_beyus,viewpoint,sift,1_4,4,0.65,575,524,1045
v_beyus,viewpoint,sift,1_4,4,0.7,619,555,1045
v_beyus,viewpoint,sift,1_4,4,0.75,658,572,1045
v_beyus,viewpoint,sift,1_4,4,0.8,725,594,1045
v_beyus,viewpoint,sift,1_4,4,0.85,837,606,1045
v_beyus,viewpoint,sift,1_4,4,0.9,1047,626,1045
v_beyus,viewpoint,sift,1_4,4,0.95,1521,644,1045
v_beyus,viewpoint,sift,1_4,4,0.99,2338,651,1045
v_beyus,viewpoint,sift,1_5,5,0.5,6,1,678
v_beyus,viewpoint,sift,1_5,5,0.55,12,5,678
v_beyus,viewpoint,sift,1_5,5,0.6,21,7,678
v_beyus,viewpoint,sift,1_5,5,0.65,35,12,678
v_beyus,viewpoint,sift,1_5,5,0.7,53,18,678
v_beyus,viewpoint,sift,1_5,5,0.75,97,32,678
v_beyus,viewpoint,sift,1_5,5,0.8,167,52,678
v_beyus,viewpoint,sift,1_5,5,0.85,315,76,678
v_beyus,viewpoint,sift,1_5,5,0.9,578,91,678
v_beyus,viewpoint,sift,1_5,5,0.95,1169,114,678
v_beyus,viewpoint,sift,1_5,5,0.99,2216,133,678
v_beyus,viewpoint,sift,1_6,6,0.5,13,9,902
v_beyus,viewpoint,sift,1_6,6,0.55,28,20,902
v_beyus,viewpoint,sift,1_6,6,0.6,45,30,902
v_beyus,viewpoint,sift,1_6,6,0.65,78,55,902
v_beyus,viewpoint,sift,1_6,6,0.7,118,77,902
v_beyus,viewpoint,sift,1_6,6,0.75,167,101,902
v_beyus,viewpoint,sift,1_6,6,0.8,266,142,902
v_beyus,viewpoint,sift,1_6,6,0.85,425,185,902
v_beyus,viewpoint,sift,1_6,6,0.9,703,220,902
v_beyus,viewpoint,sift,1_6,6,0.95,1304,269,902
v_beyus,viewpoint,sift,1_6,6,0.99,2287,299,902
v_beyus,viewpoint,orb,1_2,2,0.5,8,7,1964
v_beyus,viewpoint,orb,1_2,2,0.55,13,12,1964
v_beyus,viewpoint,orb,1_2,2,0.6,27,21,1964
v_beyus,viewpoint,orb,1_2,2,0.65,50,36,1964
v_beyus,viewpoint,orb,1_2,2,0.7,99,67,1964
v_beyus,viewpoint,orb,1_2,2,0.75,163,104,1964
v_beyus,viewpoint,orb,1_2,2,0.8,249,146,1964
v_beyus,viewpoint,orb,1_2,2,0.85,401,210,1964
v_beyus,viewpoint,orb,1_2,2,0.9,632,275,1964
v_beyus,viewpoint,orb,1_2,2,0.95,1107,384,1964
v_beyus,viewpoint,orb,1_2,2,0.99,1791,474,1964
v_beyus,viewpoint,orb,1_3,3,0.5,0,0,1648
v_beyus,viewpoint,orb,1_3,3,0.55,1,0,1648
v_beyus,viewpoint,orb,1_3,3,0.6,2,0,1648
v_beyus,viewpoint,orb,1_3,3,0.65,5,0,1648
v_beyus,viewpoint,orb,1_3,3,0.7,14,1,1648
v_beyus,viewpoint,orb,1_3,3,0.75,31,3,1648
v_beyus,viewpoint,orb,1_3,3,0.8,71,7,1648
v_beyus,viewpoint,orb,1_3,3,0.85,189,16,1648
v_beyus,viewpoint,orb,1_3,3,0.9,415,24,1648
v_beyus,viewpoint,orb,1_3,3,0.95,961,40,1648
v_beyus,viewpoint,orb,1_3,3,0.99,1751,53,1648
v_beyus,viewpoint,orb,1_4,4,0.5,131,125,1979
v_beyus,viewpoint,orb,1_4,4,0.55,193,185,1979
v_beyus,viewpoint,orb,1_4,4,0.6,253,241,1979
v_beyus,viewpoint,orb,1_4,4,0.65,319,299,1979
v_beyus,viewpoint,orb,1_4,4,0.7,401,372,1979
v_beyus,viewpoint,orb,1_4,4,0.75,479,438,1979
v_beyus,viewpoint,orb,1_4,4,0.8,597,532,1979
v_beyus,viewpoint,orb,1_4,4,0.85,751,623,1979
v_beyus,viewpoint,orb,1_4,4,0.9,965,717,1979
v_beyus,viewpoint,orb,1_4,4,0.95,1295,816,1979
v_beyus,viewpoint,orb,1_4,4,0.99,1840,940,1979
v_beyus,viewpoint,orb,1_5,5,0.5,2,1,1848
v_beyus,viewpoint,orb,1_5,5,0.55,2,1,1848
v_beyus,viewpoint,orb,1_5,5,0.6,5,3,1848
v_beyus,viewpoint,orb,1_5,5,0.65,11,4,1848
v_beyus,viewpoint,orb,1_5,5,0.7,28,8,1848
v_beyus,viewpoint,orb,1_5,5,0.75,57,14,1848
v_beyus,viewpoint,orb,1_5,5,0.8,113,28,1848
v_beyus,viewpoint,orb,1_5,5,0.85,231,49,1848
v_beyus,viewpoint,orb,1_5,5,0.9,500,83,1848
v_beyus,viewpoint,orb,1_5,5,0.95,973,130,1848
v_beyus,viewpoint,orb,1_5,5,0.99,1779,187,1848
v_beyus,viewpoint,orb,1_6,6,0.5,2,2,1932
v_beyus,viewpoint,orb,1_6,6,0.55,4,3,1932
v_beyus,viewpoint,orb,1_6,6,0.6,9,7,1932
v_beyus,viewpoint,orb,1_6,6,0.65,16,11,1932
v_beyus,viewpoint,orb,1_6,6,0.7,35,24,1932
v_beyus,viewpoint,orb,1_6,6,0.75,58,38,1932
v_beyus,viewpoint,orb,1_6,6,0.8,127,58,1932
v_beyus,viewpoint,orb,1_6,6,0.85,265,95,1932
v_beyus,viewpoint,orb,1_6,6,0.9,532,162,1932
v_beyus,viewpoint,orb,1_6,6,0.95,1040,232,1932
v_beyus,viewpoint,orb,1_6,6,0.99,1778,296,1932
v_bip,viewpoint,sift,1_2,2,0.5,949,944,1802
v_bip,viewpoint,sift,1_2,2,0.55,1002,993,1802
v_bip,viewpoint,sift,1_2,2,0.6,1059,1048,1802
v_bip,viewpoint,sift,1_2,2,0.65,1095,1077,1802
v_bip,viewpoint,sift,1_2,2,0.7,1154,1116,1802
v_bip,viewpoint,sift,1_2,2,0.75,1218,1161,1802
v_bip,viewpoint,sift,1_2,2,0.8,1273,1182,1802
v_bip,viewpoint,sift,1_2,2,0.85,1364,1200,1802
v_bip,viewpoint,sift,1_2,2,0.9,1587,1223,1802
v_bip,viewpoint,sift,1_2,2,0.95,2022,1244,1802
v_bip,viewpoint,sift,1_2,2,0.99,2729,1264,1802
v_bip,viewpoint,sift,1_3,3,0.5,664,658,1255
v_bip,viewpoint,sift,1_3,3,0.55,691,682,1255
v_bip,viewpoint,sift,1_3,3,0.6,725,713,1255
v_bip,viewpoint,sift,1_3,3,0.65,757,741,1255
v_bip,viewpoint,sift,1_3,3,0.7,786,760,1255
v_bip,viewpoint,sift,1_3,3,0.75,829,782,1255
v_bip,viewpoint,sift,1_3,3,0.8,881,798,1255
v_bip,viewpoint,sift,1_3,3,0.85,1016,815,1255
v_bip,viewpoint,sift,1_3,3,0.9,1262,826,1255
v_bip,viewpoint,sift,1_3,3,0.95,1794,832,1255
v_bip,viewpoint,sift,1_3,3,0.99,2695,842,1255
v_bip,viewpoint,sift,1_4,4,0.5,887,878,2058
v_bip,viewpoint,sift,1_4,4,0.55,956,945,2058
v_bip,viewpoint,sift,1_4,4,0.6,1024,1006,2058
v_bip,viewpoint,sift,1_4,4,0.65,1085,1055,2058
v_bip,viewpoint,sift,1_4,4,0.7,1137,1092,2058
v_bip,viewpoint,sift,1_4,4,0.75,1215,1145,2058
v_bip,viewpoint,sift,1_4,4,0.8,1288,1186,2058
v_bip,viewpoint,sift,1_4,4,0.85,1417,1219,2058
v_bip,viewpoint,sift,1_4,4,0.9,1631,1255,2058
v_bip,viewpoint,sift,1_4,4,0.95,2045,1288,2058
v_bip,viewpoint,sift,1_4,4,0.99,2727,1308,2058
v_bip,viewpoint,sift,1_5,5,0.5,441,429,1240
v_bip,viewpoint,sift,1_5,5,0.55,479,464,1240
v_bip,viewpoint,sift,1_5,5,0.6,512,489,1240
v_bip,viewpoint,sift,1_5,5,0.65,529,499,1240
v_bip,viewpoint,sift,1_5,5,0.7,568,522,1240
v_bip,viewpoint,sift,1_5,5,0.75,617,541,1240
v_bip,viewpoint,sift,1_5,5,0.8,674,555,1240
v_bip,viewpoint,sift,1_5,5,0.85,815,570,1240
v_bip,viewpoint,sift,1_5,5,0.9,1062,577,1240
v_bip,viewpoint,sift,1_5,5,0.95,1687,589,1240
v_bip,viewpoint,sift,1_5,5,0.99,2631,595,1240
v_bip,viewpoint,sift,1_6,6,0.5,296,296,1535
v_bip,viewpoint,sift,1_6,6,0.55,330,329,1535
v_bip,viewpoint,sift,1_6,6,0.6,360,357,1535
v_bip,viewpoint,sift,1_6,6,0.65,401,392,1535
v_bip,viewpoint,sift,1_6,6,0.7,437,416,1535
v_bip,viewpoint,sift,1_6,6,0.75,477,441,1535
v_bip,viewpoint,sift,1_6,6,0.8,549,458,1535
v_bip,viewpoint,sift,1_6,6,0.85,683,469,1535
v_bip,viewpoint,sift,1_6,6,0.9,1004,486,1535
v_bip,viewpoint,sift,1_6,6,0.95,1633,498,1535
v_bip,viewpoint,sift,1_6,6,0.99,2614,515,1535
v_bip,viewpoint,orb,1_2,2,0.5,244,242,1341
v_bip,viewpoint,orb,1_2,2,0.55,289,285,1341
v_bip,viewpoint,orb,1_2,2,0.6,333,327,1341
v_bip,viewpoint,orb,1_2,2,0.65,373,361,1341
v_bip,viewpoint,orb,1_2,2,0.7,425,404,1341
v_bip,viewpoint,orb,1_2,2,0.75,470,441,1341
v_bip,viewpoint,orb,1_2,2,0.8,533,478,1341
v_bip,viewpoint,orb,1_2,2,0.85,648,525,1341
v_bip,viewpoint,orb,1_2,2,0.9,857,571,1341
v_bip,viewpoint,orb,1_2,2,0.95,1227,611,1341
v_bip,viewpoint,orb,1_2,2,0.99,1837,648,1341
v_bip,viewpoint,orb,1_3,3,0.5,87,86,1242
v_bip,viewpoint,orb,1_3,3,0.55,117,116,1242
v_bip,viewpoint,orb,1_3,3,0.6,153,148,1242
v_bip,viewpoint,orb,1_3,3,0.65,184,177,1242
v_bip,viewpoint,orb,1_3,3,0.7,237,225,1242
v_bip,viewpoint,orb,1_3,3,0.75,289,259,1242
v_bip,viewpoint,orb,1_3,3,0.8,370,303,1242
v_bip,viewpoint,orb,1_3,3,0.85,501,360,1242
v_bip,viewpoint,orb,1_3,3,0.9,716,404,1242
v_bip,viewpoint,orb,1_3,3,0.95,1136,460,1242
v_bip,viewpoint,orb,1_3,3,0.99,1836,488,1242
v_bip,viewpoint,orb,1_4,4,0.5,147,145,1229
v_bip,viewpoint,orb,1_4,4,0.55,188,185,1229
v_bip,viewpoint,orb,1_4,4,0.6,219,214,1229
v_bip,viewpoint,orb,1_4,4,0.65,261,255,1229
v_bip,viewpoint,orb,1_4,4,0.7,300,285,1229
v_bip,viewpoint,orb,1_4,4,0.75,351,320,1229
v_bip,viewpoint,orb,1_4,4,0.8,431,375,1229
v_bip,viewpoint,orb,1_4,4,0.85,552,421,1229
v_bip,viewpoint,orb,1_4,4,0.9,753,464,1229
v_bip,viewpoint,orb,1_4,4,0.95,1173,509,1229
v_bip,viewpoint,orb,1_4,4,0.99,1839,543,1229
v_bip,viewpoint,orb,1_5,5,0.5,25,25,758
v_bip,viewpoint,orb,1_5,5,0.55,32,32,758
v_bip,viewpoint,orb,1_5,5,0.6,38,38,758
v_bip,viewpoint,orb,1_5,5,0.65,46,44,758
v_bip,viewpoint,orb,1_5,5,0.7,57,49,758
v_bip,viewpoint,orb,1_5,5,0.75,74,58,758
v_bip,viewpoint,orb,1_5,5,0.8,110,70,758
v_bip,viewpoint,orb,1_5,5,0.85,192,83,758
v_bip,viewpoint,orb,1_5,5,0.9,397,95,758
v_bip,viewpoint,orb,1_5,5,0.95,886,103,758
v_bip,viewpoint,orb,1_5,5,0.99,1774,114,758
v_bip,viewpoint,orb,1_6,6,0.5,23,23,1059
v_bip,viewpoint,orb,1_6,6,0.55,35,35,1059
v_bip,viewpoint,orb,1_6,6,0.6,46,46,1059
v_bip,viewpoint,orb,1_6,6,0.65,57,55,1059
v_bip,viewpoint,orb,1_6,6,0.7,70,63,1059
v_bip,viewpoint,orb,1_6,6,0.75,91,74,1059
v_bip,viewpoint,orb,1_6,6,0.8,135,86,1059
v_bip,viewpoint,orb,1_6,6,0.85,223,96,1059
v_bip,viewpoint,orb,1_6,6,0.9,423,104,1059
v_bip,viewpoint,orb,1_6,6,0.95,922,118,1059
v_bip,viewpoint,orb,1_6,6,0.99,1815,127,1059
v_bird,viewpoint,sift,1_2,2,0.5,766,764,1759
v_bird,viewpoint,sift,1_2,2,0.55,839,830,1759
v_bird,viewpoint,sift,1_2,2,0.6,909,891,1759
v_bird,viewpoint,sift,1_2,2,0.65,973,939,1759
v_bird,viewpoint,sift,1_2,2,0.7,1040,978,1759
v_bird,viewpoint,sift,1_2,2,0.75,1117,1004,1759
v_bird,viewpoint,sift,1_2,2,0.8,1218,1025,1759
v_bird,viewpoint,sift,1_2,2,0.85,1376,1048,1759
v_bird,viewpoint,sift,1_2,2,0.9,1671,1069,1759
v_bird,viewpoint,sift,1_2,2,0.95,2217,1088,1759
v_bird,viewpoint,sift,1_2,2,0.99,3064,1107,1759
v_bird,viewpoint,sift,1_3,3,0.5,182,179,1666
v_bird,viewpoint,sift,1_3,3,0.55,254,243,1666
v_bird,viewpoint,sift,1_3,3,0.6,349,327,1666
v_bird,viewpoint,sift,1_3,3,0.65,470,417,1666
v_bird,viewpoint,sift,1_3,3,0.7,582,495,1666
v_bird,viewpoint,sift,1_3,3,0.75,703,567,1666
v_bird,viewpoint,sift,1_3,3,0.8,835,628,1666
v_bird,viewpoint,sift,1_3,3,0.85,1063,698,1666
v_bird,viewpoint,sift,1_3,3,0.9,1426,753,1666
v_bird,viewpoint,sift,1_3,3,0.95,2078,788,1666
v_bird,viewpoint,sift,1_3,3,0.99,3043,816,1666
v_bird,viewpoint,sift,1_4,4,0.5,161,152,1509
v_bird,viewpoint,sift,1_4,4,0.55,233,213,1509
v_bird,viewpoint,sift,1_4,4,0.6,312,279,1509
v_bird,viewpoint,sift,1_4,4,0.65,388,333,1509
v_bird,viewpoint,sift,1_4,4,0.7,487,405,1509
v_bird,viewpoint,sift,1_4,4,0.75,618,491,1509
v_bird,viewpoint,sift,1_4,4,0.8,765,553,1509
v_bird,viewpoint,sift,1_4,4,0.85,995,621,1509
v_bird,viewpoint,sift,1_4,4,0.9,1341,667,1509
v_bird,viewpoint,sift,1_4,4,0.95,1986,712,1509
v_bird,viewpoint,sift,1_4,4,0.99,3005,755,1509
v_bird,viewpoint,sift,1_5,5,0.5,91,51,1257
v_bird,viewpoint,sift,1_5,5,0.55,116,68,1257
v_bird,viewpoint,sift,1_5,5,0.6,151,91,1257
v_bird,viewpoint,sift,1_5,5,0.65,211,119,1257
v_bird,viewpoint,sift,1_5,5,0.7,288,152,1257
v_bird,viewpoint,sift,1_5,5,0.75,394,193,1257
v_bird,viewpoint,sift,1_5,5,0.8,551,242,1257
v_bird,viewpoint,sift,1_5,5,0.85,780,306,1257
v_bird,viewpoint,sift,1_5,5,0.9,1173,365,1257
v_bird,viewpoint,sift,1_5,5,0.95,1874,427,1257
v_bird,viewpoint,sift,1_5,5,0.99,2956,482,1257
v_bird,viewpoint,sift,1_6,6,0.5,5,3,767
v_bird,viewpoint,sift,1_6,6,0.55,10,4,767
v_bird,viewpoint,sift,1_6,6,0.6,15,6,767
v_bird,viewpoint,sift,1_6,6,0.65,30,9,767
v_bird,viewpoint,sift,1_6,6,0.7,67,14,767
v_bird,viewpoint,sift,1_6,6,0.75,109,18,767
v_bird,viewpoint,sift,1_6,6,0.8,202,22,767
v_bird,viewpoint,sift,1_6,6,0.85,370,27,767
v_bird,viewpoint,sift,1_6,6,0.9,738,34,767
v_bird,viewpoint,sift,1_6,6,0.95,1533,44,767
v_bird,viewpoint,sift,1_6,6,0.99,2879,58,767
v_bird,viewpoint,orb,1_2,2,0.5,130,130,1802
v_bird,viewpoint,orb,1_2,2,0.55,175,174,1802
v_bird,viewpoint,orb,1_2,2,0.6,246,245,1802
v_bird,viewpoint,orb,1_2,2,0.65,313,308,1802
v_bird,viewpoint,orb,1_2,2,0.7,382,370,1802
v_bird,viewpoint,orb,1_2,2,0.75,476,452,1802
v_bird,viewpoint,orb,1_2,2,0.8,581,533,1802
v_bird,viewpoint,orb,1_2,2,0.85,729,622,1802
v_bird,viewpoint,orb,1_2,2,0.9,939,688,1802
v_bird,viewpoint,orb,1_2,2,0.95,1299,755,1802
v_bird,viewpoint,orb,1_2,2,0.99,1864,819,1802
v_bird,viewpoint,orb,1_3,3,0.5,24,24,1685
v_bird,viewpoint,orb,1_3,3,0.55,46,45,1685
v_bird,viewpoint,orb,1_3,3,0.6,69,67,1685
v_bird,viewpoint,orb,1_3,3,0.65,118,111,1685
v_bird,viewpoint,orb,1_3,3,0.7,166,156,1685
v_bird,viewpoint,orb,1_3,3,0.75,239,219,1685
v_bird,viewpoint,orb,1_3,3,0.8,354,296,1685
v_bird,viewpoint,orb,1_3,3,0.85,523,404,1685
v_bird,viewpoint,orb,1_3,3,0.9,776,493,1685
v_bird,viewpoint,orb,1_3,3,0.95,1189,590,1685
v_bird,viewpoint,orb,1_3,3,0.99,1835,677,1685
v_bird,viewpoint,orb,1_4,4,0.5,49,47,1711
v_bird,viewpoint,orb,1_4,4,0.55,73,69,1711
v_bird,viewpoint,orb,1_4,4,0.6,99,89,1711
v_bird,viewpoint,orb,1_4,4,0.65,140,126,1711
v_bird,viewpoint,orb,1_4,4,0.7,180,162,1711
v_bird,viewpoint,orb,1_4,4,0.75,230,200,1711
v_bird,viewpoint,orb,1_4,4,0.8,339,277,1711
v_bird,viewpoint,orb,1_4,4,0.85,466,344,1711
v_bird,viewpoint,orb,1_4,4,0.9,708,437,1711
v_bird,viewpoint,orb,1_4,4,0.95,1124,525,1711
v_bird,viewpoint,orb,1_4,4,0.99,1830,621,1711
v_bird,viewpoint,orb,1_5,5,0.5,20,17,1388
v_bird,viewpoint,orb,1_5,5,0.55,32,25,1388
v_bird,viewpoint,orb,1_5,5,0.6,43,32,1388
v_bird,viewpoint,orb,1_5,5,0.65,66,46,1388
v_bird,viewpoint,orb,1_5,5,0.7,94,63,1388
v_bird,viewpoint,orb,1_5,5,0.75,146,91,1388
v_bird,viewpoint,orb,1_5,5,0.8,226,123,1388
v_bird,viewpoint,orb,1_5,5,0.85,341,152,1388
v_bird,viewpoint,orb,1_5,5,0.9,572,201,1388
v_bird,viewpoint,orb,1_5,5,0.95,1049,261,1388
v_bird,viewpoint,orb,1_5,5,0.99,1807,334,1388
v_bird,viewpoint,orb,1_6,6,0.5,0,0,1084
v_bird,viewpoint,orb,1_6,6,0.55,0,0,1084
v_bird,viewpoint,orb,1_6,6,0.6,1,0,1084
v_bird,viewpoint,orb,1_6,6,0.65,2,1,1084
v_bird,viewpoint,orb,1_6,6,0.7,9,2,1084
v_bird,viewpoint,orb,1_6,6,0.75,24,3,1084
v_bird,viewpoint,orb,1_6,6,0.8,60,3,1084
v_bird,viewpoint,orb,1_6,6,0.85,135,8,1084
v_bird,viewpoint,orb,1_6,6,0.9,351,18,1084
v_bird,viewpoint,orb,1_6,6,0.95,864,27,1084
v_bird,viewpoint,orb,1_6,6,0.99,1792,53,1084
v_birdwoman,viewpoint,sift,1_2,2,0.5,296,295,1874
v_birdwoman,viewpoint,sift,1_2,2,0.55,324,323,1874
v_birdwoman,viewpoint,sift,1_2,2,0.6,341,338,1874
v_birdwoman,viewpoint,sift,1_2,2,0.65,373,352,1874
v_birdwoman,viewpoint,sift,1_2,2,0.7,418,364,1874
v_birdwoman,viewpoint,sift,1_2,2,0.75,498,373,1874
v_birdwoman,viewpoint,sift,1_2,2,0.8,674,378,1874
v_birdwoman,viewpoint,sift,1_2,2,0.85,1126,392,1874
v_birdwoman,viewpoint,sift,1_2,2,0.9,2325,399,1874
v_birdwoman,viewpoint,sift,1_2,2,0.95,5112,404,1874
v_birdwoman,viewpoint,sift,1_2,2,0.99,10242,406,1874
v_birdwoman,viewpoint,sift,1_3,3,0.5,11,9,3744
v_birdwoman,viewpoint,sift,1_3,3,0.55,23,19,3744
v_birdwoman,viewpoint,sift,1_3,3,0.6,46,33,3744
v_birdwoman,viewpoint,sift,1_3,3,0.65,102,59,3744
v_birdwoman,viewpoint,sift,1_3,3,0.7,191,93,3744
v_birdwoman,viewpoint,sift,1_3,3,0.75,370,138,3744
v_birdwoman,viewpoint,sift,1_3,3,0.8,715,201,3744
v_birdwoman,viewpoint,sift,1_3,3,0.85,1384,259,3744
v_birdwoman,viewpoint,sift,1_3,3,0.9,2797,337,3744
v_birdwoman,viewpoint,sift,1_3,3,0.95,5857,412,3744
v_birdwoman,viewpoint,sift,1_3,3,0.99,10620,467,3744
v_birdwoman,viewpoint,sift,1_4,4,0.5,212,210,4946
v_birdwoman,viewpoint,sift,1_4,4,0.55,339,336,4946
v_birdwoman,viewpoint,sift,1_4,4,0.6,530,521,4946
v_birdwoman,viewpoint,sift,1_4,4,0.65,743,714,4946
v_birdwoman,viewpoint,sift,1_4,4,0.7,995,923,4946
v_birdwoman,viewpoint,sift,1_4,4,0.75,1262,1084,4946
v_birdwoman,viewpoint,sift,1_4,4,0.8,1695,1282,4946
v_birdwoman,viewpoint,sift,1_4,4,0.85,2415,1460,4946
v_birdwoman,viewpoint,sift,1_4,4,0.9,3742,1614,4946
v_birdwoman,viewpoint,sift,1_4,4,0.95,6524,1765,4946
v_birdwoman,viewpoint,sift,1_4,4,0.99,10751,1865,4946
v_birdwoman,viewpoint,sift,1_5,5,0.5,1589,1585,5872
v_birdwoman,viewpoint,sift,1_5,5,0.55,1981,1975,5872
v_birdwoman,viewpoint,sift,1_5,5,0.6,2365,2351,5872
v_birdwoman,viewpoint,sift,1_5,5,0.65,2687,2655,5872
v_birdwoman,viewpoint,sift,1_5,5,0.7,3015,2931,5872
v_birdwoman,viewpoint,sift,1_5,5,0.75,3337,3143,5872
v_birdwoman,viewpoint,sift,1_5,5,0.8,3769,3320,5872
v_birdwoman,viewpoint,sift,1_5,5,0.85,4435,3493,5872
v_birdwoman,viewpoint,sift,1_5,5,0.9,5617,3615,5872
v_birdwoman,viewpoint,sift,1_5,5,0.95,7806,3714,5872
v_birdwoman,viewpoint,sift,1_5,5,0.99,11073,3767,5872
v_birdwoman,viewpoint,sift,1_6,6,0.5,1151,1149,4194
v_birdwoman,viewpoint,sift,1_6,6,0.55,1280,1276,4194
v_birdwoman,viewpoint,sift,1_6,6,0.6,1376,1363,4194
v_birdwoman,viewpoint,sift,1_6,6,0.65,1483,1461,4194
v_birdwoman,viewpoint,sift,1_6,6,0.7,1587,1531,4194
v_birdwoman,viewpoint,sift,1_6,6,0.75,1708,1595,4194
v_birdwoman,viewpoint,sift,1_6,6,0.8,1919,1633,4194
v_birdwoman,viewpoint,sift,1_6,6,0.85,2385,1670,4194
v_birdwoman,viewpoint,sift,1_6,6,0.9,3554,1703,4194
v_birdwoman,viewpoint,sift,1_6,6,0.95,6210,1729,4194
v_birdwoman,viewpoint,sift,1_6,6,0.99,10600,1748,4194
v_birdwoman,viewpoint,orb,1_2,2,0.5,79,78,1529
v_birdwoman,viewpoint,orb,1_2,2,0.55,108,106,1529
v_birdwoman,viewpoint,orb,1_2,2,0.6,122,120,1529
v_birdwoman,viewpoint,orb,1_2,2,0.65,150,147,1529
v_birdwoman,viewpoint,orb,1_2,2,0.7,179,172,1529
v_birdwoman,viewpoint,orb,1_2,2,0.75,218,207,1529
v_birdwoman,viewpoint,orb,1_2,2,0.8,264,232,1529
v_birdwoman,viewpoint,orb,1_2,2,0.85,337,260,1529
v_birdwoman,viewpoint,orb,1_2,2,0.9,528,289,1529
v_birdwoman,viewpoint,orb,1_2,2,0.95,946,329,1529
v_birdwoman,viewpoint,orb,1_2,2,0.99,1800,355,1529
v_birdwoman,viewpoint,orb,1_3,3,0.5,1,1,1308
v_birdwoman,viewpoint,orb,1_3,3,0.55,2,2,1308
v_birdwoman,viewpoint,orb,1_3,3,0.6,6,6,1308
v_birdwoman,viewpoint,orb,1_3,3,0.65,8,8,1308
v_birdwoman,viewpoint,orb,1_3,3,0.7,15,13,1308
v_birdwoman,viewpoint,orb,1_3,3,0.75,28,20,1308
v_birdwoman,viewpoint,orb,1_3,3,0.8,73,38,1308
v_birdwoman,viewpoint,orb,1_3,3,0.85,166,66,1308
v_birdwoman,viewpoint,orb,1_3,3,0.9,389,92,1308
v_birdwoman,viewpoint,orb,1_3,3,0.95,864,125,1308
v_birdwoman,viewpoint,orb,1_3,3,0.99,1808,188,1308
v_birdwoman,viewpoint,orb,1_4,4,0.5,24,23,1629
v_birdwoman,viewpoint,orb,1_4,4,0.55,42,41,1629
v_birdwoman,viewpoint,orb,1_4,4,0.6,73,70,1629
v_birdwoman,viewpoint,orb,1_4,4,0.65,106,100,1629
v_birdwoman,viewpoint,orb,1_4,4,0.7,164,152,1629
v_birdwoman,viewpoint,orb,1_4,4,0.75,230,202,1629
v_birdwoman,viewpoint,orb,1_4,4,0.8,314,256,1629
v_birdwoman,viewpoint,orb,1_4,4,0.85,450,337,1629
v_birdwoman,viewpoint,orb,1_4,4,0.9,690,418,1629
v_birdwoman,viewpoint,orb,1_4,4,0.95,1144,508,1629
v_birdwoman,viewpoint,orb,1_4,4,0.99,1832,596,1629
v_birdwoman,viewpoint,orb,1_5,5,0.5,156,156,1779
v_birdwoman,viewpoint,orb,1_5,5,0.55,239,238,1779
v_birdwoman,viewpoint,orb,1_5,5,0.6,335,332,1779
v_birdwoman,viewpoint,orb,1_5,5,0.65,416,408,1779
v_birdwoman,viewpoint,orb,1_5,5,0.7,526,515,1779
v_birdwoman,viewpoint,orb,1_5,5,0.75,641,621,1779
v_birdwoman,viewpoint,orb,1_5,5,0.8,776,735,1779
v_birdwoman,viewpoint,orb,1_5,5,0.85,943,844,1779
v_birdwoman,viewpoint,orb,1_5,5,0.9,1135,924,1779
v_birdwoman,viewpoint,orb,1_5,5,0.95,1482,1028,1779
v_birdwoman,viewpoint,orb,1_5,5,0.99,1912,1109,1779
v_birdwoman,viewpoint,orb,1_6,6,0.5,152,151,1667
v_birdwoman,viewpoint,orb,1_6,6,0.55,204,202,1667
v_birdwoman,viewpoint,orb,1_6,6,0.6,259,256,1667
v_birdwoman,viewpoint,orb,1_6,6,0.65,308,302,1667
v_birdwoman,viewpoint,orb,1_6,6,0.7,356,347,1667
v_birdwoman,viewpoint,orb,1_6,6,0.75,428,412,1667
v_birdwoman,viewpoint,orb,1_6,6,0.8,485,455,1667
v_birdwoman,viewpoint,orb,1_6,6,0.85,575,501,1667
v_birdwoman,viewpoint,orb,1_6,6,0.9,750,550,1667
v_birdwoman,viewpoint,orb,1_6,6,0.95,1135,598,1667
v_birdwoman,viewpoint,orb,1_6,6,0.99,1821,635,1667
v_blueprint,viewpoint,sift,1_2,2,0.5,2509,2489,8464
v_blueprint,viewpoint,sift,1_2,2,0.55,3039,3011,8464
v_blueprint,viewpoint,sift,1_2,2,0.6,3535,3496,8464
v_blueprint,viewpoint,sift,1_2,2,0.65,3894,3841,8464
v_blueprint,viewpoint,sift,1_2,2,0.7,4236,4159,8464
v_blueprint,viewpoint,sift,1_2,2,0.75,4523,4407,8464
v_blueprint,viewpoint,sift,1_2,2,0.8,4804,4602,8464
v_blueprint,viewpoint,sift,1_2,2,0.85,5167,4771,8464
v_blueprint,viewpoint,sift,1_2,2,0.9,6014,4929,8464
v_blueprint,viewpoint,sift,1_2,2,0.95,8125,5053,8464
v_blueprint,viewpoint,sift,1_2,2,0.99,12309,5143,8464
v_blueprint,viewpoint,sift,1_3,3,0.5,690,464,6461
v_blueprint,viewpoint,sift,1_3,3,0.55,923,660,6461
v_blueprint,viewpoint,sift,1_3,3,0.6,1140,833,6461
v_blueprint,viewpoint,sift,1_3,3,0.65,1392,1050,6461
v_blueprint,viewpoint,sift,1_3,3,0.7,1655,1274,6461
v_blueprint,viewpoint,sift,1_3,3,0.75,1916,1463,6461
v_blueprint,viewpoint,sift,1_3,3,0.8,2228,1666,6461
v_blueprint,viewpoint,sift,1_3,3,0.85,2722,1868,6461
v_blueprint,viewpoint,sift,1_3,3,0.9,3784,2064,6461
v_blueprint,viewpoint,sift,1_3,3,0.95,6440,2254,6461
v_blueprint,viewpoint,sift,1_3,3,0.99,11857,2394,6461
v_blueprint,viewpoint,sift,1_4,4,0.5,2154,2145,7876
v_blueprint,viewpoint,sift,1_4,4,0.55,2592,2579,7876
v_blueprint,viewpoint,sift,1_4,4,0.6,3003,2982,7876
v_blueprint,viewpoint,sift,1_4,4,0.65,3370,3342,7876
v_blueprint,viewpoint,sift,1_4,4,0.7,3651,3611,7876
v_blueprint,viewpoint,sift,1_4,4,0.75,3924,3847,7876
v_blueprint,viewpoint,sift,1_4,4,0.8,4233,4043,7876
v_blueprint,viewpoint,sift,1_4,4,0.85,4657,4220,7876
v_blueprint,viewpoint,sift,1_4,4,0.9,5513,4360,7876
v_blueprint,viewpoint,sift,1_4,4,0.95,7776,4476,7876
v_blueprint,viewpoint,sift,1_4,4,0.99,12170,4580,7876
v_blueprint,viewpoint,sift,1_5,5,0.5,270,264,5769
v_blueprint,viewpoint,sift,1_5,5,0.55,424,417,5769
v_blueprint,viewpoint,sift,1_5,5,0.6,592,577,5769
v_blueprint,viewpoint,sift,1_5,5,0.65,764,744,5769
v_blueprint,viewpoint,sift,1_5,5,0.7,965,924,5769
v_blueprint,viewpoint,sift,1_5,5,0.75,1201,1118,5769
v_blueprint,viewpoint,sift,1_5,5,0.8,1512,1304,5769
v_blueprint,viewpoint,sift,1_5,5,0.85,1953,1486,5769
v_blueprint,viewpoint,sift,1_5,5,0.9,3062,1668,5769
v_blueprint,viewpoint,sift,1_5,5,0.95,5931,1826,5769
v_blueprint,viewpoint,sift,1_5,5,0.99,11617,1953,5769
v_blueprint,viewpoint,sift,1_6,6,0.5,6,5,4142
v_blueprint,viewpoint,sift,1_6,6,0.55,18,16,4142
v_blueprint,viewpoint,sift,1_6,6,0.6,50,43,4142
v_blueprint,viewpoint,sift,1_6,6,0.65,95,84,4142
v_blueprint,viewpoint,sift,1_6,6,0.7,173,144,4142
v_blueprint,viewpoint,sift,1_6,6,0.75,283,207,4142
v_blueprint,viewpoint,sift,1_6,6,0.8,474,295,4142
v_blueprint,viewpoint,sift,1_6,6,0.85,902,393,4142
v_blueprint,viewpoint,sift,1_6,6,0.9,2002,492,4142
v_blueprint,viewpoint,sift,1_6,6,0.95,5113,600,4142
v_blueprint,viewpoint,sift,1_6,6,0.99,11441,686,4142
v_blueprint,viewpoint,orb,1_2,2,0.5,193,186,1525
v_blueprint,viewpoint,orb,1_2,2,0.55,287,275,1525
v_blueprint,viewpoint,orb,1_2,2,0.6,371,349,1525
v_blueprint,viewpoint,orb,1_2,2,0.65,479,443,1525
v_blueprint,viewpoint,orb,1_2,2,0.7,591,543,1525
v_blueprint,viewpoint,orb,1_2,2,0.75,698,635,1525
v_blueprint,viewpoint,orb,1_2,2,0.8,812,719,1525
v_blueprint,viewpoint,orb,1_2,2,0.85,946,808,1525
v_blueprint,viewpoint,orb,1_2,2,0.9,1132,877,1525
v_blueprint,viewpoint,orb,1_2,2,0.95,1429,942,1525
v_blueprint,viewpoint,orb,1_2,2,0.99,1888,1001,1525
v_blueprint,viewpoint,orb,1_3,3,0.5,55,25,1220
v_blueprint,viewpoint,orb,1_3,3,0.55,97,48,1220
v_blueprint,viewpoint,orb,1_3,3,0.6,144,74,1220
v_blueprint,viewpoint,orb,1_3,3,0.65,201,111,1220
v_blueprint,viewpoint,orb,1_3,3,0.7,266,156,1220
v_blueprint,viewpoint,orb,1_3,3,0.75,359,219,1220
v_blueprint,viewpoint,orb,1_3,3,0.8,452,281,1220
v_blueprint,viewpoint,orb,1_3,3,0.85,590,349,1220
v_blueprint,viewpoint,orb,1_3,3,0.9,799,415,1220
v_blueprint,viewpoint,orb,1_3,3,0.95,1193,490,1220
v_blueprint,viewpoint,orb,1_3,3,0.99,1833,561,1220
v_blueprint,viewpoint,orb,1_4,4,0.5,56,55,1294
v_blueprint,viewpoint,orb,1_4,4,0.55,97,96,1294
v_blueprint,viewpoint,orb,1_4,4,0.6,146,144,1294
v_blueprint,viewpoint,orb,1_4,4,0.65,204,196,1294
v_blueprint,viewpoint,orb,1_4,4,0.7,281,269,1294
v_blueprint,viewpoint,orb,1_4,4,0.75,360,344,1294
v_blueprint,viewpoint,orb,1_4,4,0.8,455,419,1294
v_blueprint,viewpoint,orb,1_4,4,0.85,598,507,1294
v_blueprint,viewpoint,orb,1_4,4,0.9,799,587,1294
v_blueprint,viewpoint,orb,1_4,4,0.95,1179,656,1294
v_blueprint,viewpoint,orb,1_4,4,0.99,1837,723,1294
v_blueprint,viewpoint,orb,1_5,5,0.5,2,2,891
v_blueprint,viewpoint,orb,1_5,5,0.55,5,4,891
v_blueprint,viewpoint,orb,1_5,5,0.6,8,6,891
v_blueprint,viewpoint,orb,1_5,5,0.65,19,13,891
v_blueprint,viewpoint,orb,1_5,5,0.7,35,28,891
v_blueprint,viewpoint,orb,1_5,5,0.75,59,45,891
v_blueprint,viewpoint,orb,1_5,5,0.8,100,67,891
v_blueprint,viewpoint,orb,1_5,5,0.85,186,91,891
v_blueprint,viewpoint,orb,1_5,5,0.9,373,127,891
v_blueprint,viewpoint,orb,1_5,5,0.95,840,165,891
v_blueprint,viewpoint,orb,1_5,5,0.99,1783,197,891
v_blueprint,viewpoint,orb,1_6,6,0.5,0,0,618
v_blueprint,viewpoint,orb,1_6,6,0.55,1,0,618
v_blueprint,viewpoint,orb,1_6,6,0.6,1,0,618
v_blueprint,viewpoint,orb,1_6,6,0.65,4,1,618
v_blueprint,viewpoint,orb,1_6,6,0.7,7,2,618
v_blueprint,viewpoint,orb,1_6,6,0.75,20,7,618
v_blueprint,viewpoint,orb,1_6,6,0.8,42,11,618
v_blueprint,viewpoint,orb,1_6,6,0.85,112,20,618
v_blueprint,viewpoint,orb,1_6,6,0.9,306,34,618
v_blueprint,viewpoint,orb,1_6,6,0.95,777,49,618
v_blueprint,viewpoint,orb,1_6,6,0.99,1757,59,618
v_boat,viewpoint,sift,1_2,2,0.5,1360,1351,5455
v_boat,viewpoint,sift,1_2,2,0.55,1572,1561,5455
v_boat,viewpoint,sift,1_2,2,0.6,1769,1751,5455
v_boat,viewpoint,sift,1_2,2,0.65,1967,1939,5455
v_boat,viewpoint,sift,1_2,2,0.7,2171,2124,5455
v_boat,viewpoint,sift,1_2,2,0.75,2341,2271,5455
v_boat,viewpoint,sift,1_2,2,0.8,2564,2414,5455
v_boat,viewpoint,sift,1_2,2,0.85,2897,2553,5455
v_boat,viewpoint,sift,1_2,2,0.9,3529,2678,5455
v_boat,viewpoint,sift,1_2,2,0.95,5082,2807,5455
v_boat,viewpoint,sift,1_2,2,0.99,7780,2909,5455
v_boat,viewpoint,sift,1_3,3,0.5,1117,1115,4760
v_boat,viewpoint,sift,1_3,3,0.55,1277,1272,4760
v_boat,viewpoint,sift,1_3,3,0.6,1414,1404,4760
v_boat,viewpoint,sift,1_3,3,0.65,1512,1494,4760
v_boat,viewpoint,sift,1_3,3,0.7,1629,1601,4760
v_boat,viewpoint,sift,1_3,3,0.75,1752,1692,4760
v_boat,viewpoint,sift,1_3,3,0.8,1944,1789,4760
v_boat,viewpoint,sift,1_3,3,0.85,2253,1886,4760
v_boat,viewpoint,sift,1_3,3,0.9,2894,1972,4760
v_boat,viewpoint,sift,1_3,3,0.95,4560,2049,4760
v_boat,viewpoint,sift,1_3,3,0.99,7613,2109,4760
v_boat,viewpoint,sift,1_4,4,0.5,595,589,4995
v_boat,viewpoint,sift,1_4,4,0.55,673,660,4995
v_boat,viewpoint,sift,1_4,4,0.6,749,734,4995
v_boat,viewpoint,sift,1_4,4,0.65,843,814,4995
v_boat,viewpoint,sift,1_4,4,0.7,946,904,4995
v_boat,viewpoint,sift,1_4,4,0.75,1062,985,4995
v_boat,viewpoint,sift,1_4,4,0.8,1231,1060,4995
v_boat,viewpoint,sift,1_4,4,0.85,1528,1121,4995
v_boat,viewpoint,sift,1_4,4,0.9,2239,1186,4995
v_boat,viewpoint,sift,1_4,4,0.95,4172,1269,4995
v_boat,viewpoint,sift,1_4,4,0.99,7502,1325,4995
v_boat,viewpoint,sift,1_5,5,0.5,343,338,4449
v_boat,viewpoint,sift,1_5,5,0.55,407,398,4449
v_boat,viewpoint,sift,1_5,5,0.6,468,452,4449
v_boat,viewpoint,sift,1_5,5,0.65,525,494,4449
v_boat,viewpoint,sift,1_5,5,0.7,601,556,4449
v_boat,viewpoint,sift,1_5,5,0.75,704,607,4449
v_boat,viewpoint,sift,1_5,5,0.8,856,659,4449
v_boat,viewpoint,sift,1_5,5,0.85,1143,708,4449
v_boat,viewpoint,sift,1_5,5,0.9,1871,754,4449
v_boat,viewpoint,sift,1_5,5,0.95,3825,803,4449
v_boat,viewpoint,sift,1_5,5,0.99,7474,836,4449
v_boat,viewpoint,sift,1_6,6,0.5,235,231,4726
v_boat,viewpoint,sift,1_6,6,0.55,278,272,4726
v_boat,viewpoint,sift,1_6,6,0.6,324,314,4726
v_boat,viewpoint,sift,1_6,6,0.65,365,347,4726
v_boat,viewpoint,sift,1_6,6,0.7,420,381,4726
v_boat,viewpoint,sift,1_6,6,0.75,499,420,4726
v_boat,viewpoint,sift,1_6,6,0.8,625,449,4726
v_boat,viewpoint,sift,1_6,6,0.85,896,488,4726
v_boat,viewpoint,sift,1_6,6,0.9,1643,521,4726
v_boat,viewpoint,sift,1_6,6,0.95,3672,553,4726
v_boat,viewpoint,sift,1_6,6,0.99,7360,582,4726
v_boat,viewpoint,orb,1_2,2,0.5,182,180,1773
v_boat,viewpoint,orb,1_2,2,0.55,305,298,1773
v_boat,viewpoint,orb,1_2,2,0.6,406,394,1773
v_boat,viewpoint,orb,1_2,2,0.65,527,510,1773
v_boat,viewpoint,orb,1_2,2,0.7,633,614,1773
v_boat,viewpoint,orb,1_2,2,0.75,749,722,1773
v_boat,viewpoint,orb,1_2,2,0.8,898,849,1773
v_boat,viewpoint,orb,1_2,2,0.85,1042,953,1773
v_boat,viewpoint,orb,1_2,2,0.9,1233,1066,1773
v_boat,viewpoint,orb,1_2,2,0.95,1517,1169,1773
v_boat,viewpoint,orb,1_2,2,0.99,1889,1232,1773
v_boat,viewpoint,orb,1_3,3,0.5,175,170,1762
v_boat,viewpoint,orb,1_3,3,0.55,248,241,1762
v_boat,viewpoint,orb,1_3,3,0.6,328,320,1762
v_boat,viewpoint,orb,1_3,3,0.65,441,431,1762
v_boat,viewpoint,orb,1_3,3,0.7,545,529,1762
v_boat,viewpoint,orb,1_3,3,0.75,655,625,1762
v_boat,viewpoint,orb,1_3,3,0.8,777,727,1762
v_boat,viewpoint,orb,1_3,3,0.85,889,812,1762
v_boat,viewpoint,orb,1_3,3,0.9,1063,900,1762
v_boat,viewpoint,orb,1_3,3,0.95,1393,1010,1762
v_boat,viewpoint,orb,1_3,3,0.99,1880,1089,1762
v_boat,viewpoint,orb,1_4,4,0.5,93,93,1682
v_boat,viewpoint,orb,1_4,4,0.55,151,151,1682
v_boat,viewpoint,orb,1_4,4,0.6,203,202,1682
v_boat,viewpoint,orb,1_4,4,0.65,268,266,1682
v_boat,viewpoint,orb,1_4,4,0.7,341,337,1682
v_boat,viewpoint,orb,1_4,4,0.75,424,416,1682
v_boat,viewpoint,orb,1_4,4,0.8,533,506,1682
v_boat,viewpoint,orb,1_4,4,0.85,681,597,1682
v_boat,viewpoint,orb,1_4,4,0.9,886,689,1682
v_boat,viewpoint,orb,1_4,4,0.95,1241,785,1682
v_boat,viewpoint,orb,1_4,4,0.99,1854,863,1682
v_boat,viewpoint,orb,1_5,5,0.5,76,75,1692
v_boat,viewpoint,orb,1_5,5,0.55,120,119,1692
v_boat,viewpoint,orb,1_5,5,0.6,161,159,1692
v_boat,viewpoint,orb,1_5,5,0.65,208,203,1692
v_boat,viewpoint,orb,1_5,5,0.7,267,258,1692
v_boat,viewpoint,orb,1_5,5,0.75,336,322,1692
v_boat,viewpoint,orb,1_5,5,0.8,438,395,1692
v_boat,viewpoint,orb,1_5,5,0.85,564,467,1692
v_boat,viewpoint,orb,1_5,5,0.9,767,532,1692
v_boat,viewpoint,orb,1_5,5,0.95,1172,611,1692
v_boat,viewpoint,orb,1_5,5,0.99,1848,671,1692
v_boat,viewpoint,orb,1_6,6,0.5,39,39,1702
v_boat,viewpoint,orb,1_6,6,0.55,66,66,1702
v_boat,viewpoint,orb,1_6,6,0.6,91,91,1702
v_boat,viewpoint,orb,1_6,6,0.65,137,135,1702
v_boat,viewpoint,orb,1_6,6,0.7,168,161,1702
v_boat,viewpoint,orb,1_6,6,0.75,218,205,1702
v_boat,viewpoint,orb,1_6,6,0.8,297,256,1702
v_boat,viewpoint,orb,1_6,6,0.85,384,291,1702
v_boat,viewpoint,orb,1_6,6,0.9,580,340,1702
v_boat,viewpoint,orb,1_6,6,0.95,1039,386,1702
v_boat,viewpoint,orb,1_6,6,0.99,1798,436,1702
v_bricks,viewpoint,sift,1_2,2,0.5,3601,3601,7388
v_bricks,viewpoint,sift,1_2,2,0.55,4163,4163,7388
v_bricks,viewpoint,sift,1_2,2,0.6,4555,4555,7388
v_bricks,viewpoint,sift,1_2,2,0.65,4849,4849,7388
v_bricks,viewpoint,sift,1_2,2,0.7,5095,5094,7388
v_bricks,viewpoint,sift,1_2,2,0.75,5283,5275,7388
v_bricks,viewpoint,sift,1_2,2,0.8,5445,5416,7388
v_bricks,viewpoint,sift,1_2,2,0.85,5641,5531,7388
v_bricks,viewpoint,sift,1_2,2,0.9,6040,5630,7388
v_bricks,viewpoint,sift,1_2,2,0.95,7080,5714,7388
v_bricks,viewpoint,sift,1_2,2,0.99,9422,5769,7388
v_bricks,viewpoint,sift,1_3,3,0.5,1673,1665,6991
v_bricks,viewpoint,sift,1_3,3,0.55,2242,2230,6991
v_bricks,viewpoint,sift,1_3,3,0.6,2777,2756,6991
v_bricks,viewpoint,sift,1_3,3,0.65,3263,3237,6991
v_bricks,viewpoint,sift,1_3,3,0.7,3663,3631,6991
v_bricks,viewpoint,sift,1_3,3,0.75,3955,3911,6991
v_bricks,viewpoint,sift,1_3,3,0.8,4225,4157,6991
v_bricks,viewpoint,sift,1_3,3,0.85,4536,4367,6991
v_bricks,viewpoint,sift,1_3,3,0.9,5106,4524,6991
v_bricks,viewpoint,sift,1_3,3,0.95,6431,4679,6991
v_bricks,viewpoint,sift,1_3,3,0.99,9215,4799,6991
v_bricks,viewpoint,sift,1_4,4,0.5,300,297,5913
v_bricks,viewpoint,sift,1_4,4,0.55,497,490,5913
v_bricks,viewpoint,sift,1_4,4,0.6,815,807,5913
v_bricks,viewpoint,sift,1_4,4,0.65,1180,1167,5913
v_bricks,viewpoint,sift,1_4,4,0.7,1580,1557,5913
v_bricks,viewpoint,sift,1_4,4,0.75,1924,1883,5913
v_bricks,viewpoint,sift,1_4,4,0.8,2316,2234,5913
v_bricks,viewpoint,sift,1_4,4,0.85,2721,2502,5913
v_bricks,viewpoint,sift,1_4,4,0.9,3503,2801,5913
v_bricks,viewpoint,sift,1_4,4,0.95,5319,3025,5913
v_bricks,viewpoint,sift,1_4,4,0.99,8876,3163,5913
v_bricks,viewpoint,sift,1_5,5,0.5,14,14,5404
v_bricks,viewpoint,sift,1_5,5,0.55,27,27,5404
v_bricks,viewpoint,sift,1_5,5,0.6,59,58,5404
v_bricks,viewpoint,sift,1_5,5,0.65,121,118,5404
v_bricks,viewpoint,sift,1_5,5,0.7,233,228,5404
v_bricks,viewpoint,sift,1_5,5,0.75,371,351,5404
v_bricks,viewpoint,sift,1_5,5,0.8,594,526,5404
v_bricks,viewpoint,sift,1_5,5,0.85,967,738,5404
v_bricks,viewpoint,sift,1_5,5,0.9,1760,961,5404
v_bricks,viewpoint,sift,1_5,5,0.95,3963,1242,5404
v_bricks,viewpoint,sift,1_5,5,0.99,8558,1461,5404
v_bricks,viewpoint,sift,1_6,6,0.5,0,0,4718
v_bricks,viewpoint,sift,1_6,6,0.55,0,0,4718
v_bricks,viewpoint,sift,1_6,6,0.6,1,0,4718
v_bricks,viewpoint,sift,1_6,6,0.65,1,0,4718
v_bricks,viewpoint,sift,1_6,6,0.7,8,4,4718
v_bricks,viewpoint,sift,1_6,6,0.75,27,11,4718
v_bricks,viewpoint,sift,1_6,6,0.8,92,23,4718
v_bricks,viewpoint,sift,1_6,6,0.85,286,39,4718
v_bricks,viewpoint,sift,1_6,6,0.9,989,82,4718
v_bricks,viewpoint,sift,1_6,6,0.95,3234,144,4718
v_bricks,viewpoint,sift,1_6,6,0.99,8307,216,4718
v_bricks,viewpoint,orb,1_2,2,0.5,225,222,1615
v_bricks,viewpoint,orb,1_2,2,0.55,310,305,1615
v_bricks,viewpoint,orb,1_2,2,0.6,389,383,1615
v_bricks,viewpoint,orb,1_2,2,0.65,482,475,1615
v_bricks,viewpoint,orb,1_2,2,0.7,574,565,1615
v_bricks,viewpoint,orb,1_2,2,0.75,666,649,1615
v_bricks,viewpoint,orb,1_2,2,0.8,769,738,1615
v_bricks,viewpoint,orb,1_2,2,0.85,900,832,1615
v_bricks,viewpoint,orb,1_2,2,0.9,1052,899,1615
v_bricks,viewpoint,orb,1_2,2,0.95,1347,971,1615
v_bricks,viewpoint,orb,1_2,2,0.99,1861,1035,1615
v_bricks,viewpoint,orb,1_3,3,0.5,91,90,1501
v_bricks,viewpoint,orb,1_3,3,0.55,141,138,1501
v_bricks,viewpoint,orb,1_3,3,0.6,214,210,1501
v_bricks,viewpoint,orb,1_3,3,0.65,296,291,1501
v_bricks,viewpoint,orb,1_3,3,0.7,370,361,1501
v_bricks,viewpoint,orb,1_3,3,0.75,443,430,1501
v_bricks,viewpoint,orb,1_3,3,0.8,532,505,1501
v_bricks,viewpoint,orb,1_3,3,0.85,659,595,1501
v_bricks,viewpoint,orb,1_3,3,0.9,849,674,1501
v_bricks,viewpoint,orb,1_3,3,0.95,1242,759,1501
v_bricks,viewpoint,orb,1_3,3,0.99,1859,830,1501
v_bricks,viewpoint,orb,1_4,4,0.5,6,5,1174
v_bricks,viewpoint,orb,1_4,4,0.55,17,16,1174
v_bricks,viewpoint,orb,1_4,4,0.6,39,38,1174
v_bricks,viewpoint,orb,1_4,4,0.65,57,56,1174
v_bricks,viewpoint,orb,1_4,4,0.7,104,103,1174
v_bricks,viewpoint,orb,1_4,4,0.75,162,158,1174
v_bricks,viewpoint,orb,1_4,4,0.8,239,219,1174
v_bricks,viewpoint,orb,1_4,4,0.85,352,273,1174
v_bricks,viewpoint,orb,1_4,4,0.9,561,338,1174
v_bricks,viewpoint,orb,1_4,4,0.95,992,403,1174
v_bricks,viewpoint,orb,1_4,4,0.99,1802,462,1174
v_bricks,viewpoint,orb,1_5,5,0.5,0,0,910
v_bricks,viewpoint,orb,1_5,5,0.55,0,0,910
v_bricks,viewpoint,orb,1_5,5,0.6,2,2,910
v_bricks,viewpoint,orb,1_5,5,0.65,6,5,910
v_bricks,viewpoint,orb,1_5,5,0.7,8,7,910
v_bricks,viewpoint,orb,1_5,5,0.75,25,19,910
v_bricks,viewpoint,orb,1_5,5,0.8,51,29,910
v_bricks,viewpoint,orb,1_5,5,0.85,125,47,910
v_bricks,viewpoint,orb,1_5,5,0.9,304,71,910
v_bricks,viewpoint,orb,1_5,5,0.95,822,115,910
v_bricks,viewpoint,orb,1_5,5,0.99,1778,152,910
v_bricks,viewpoint,orb,1_6,6,0.5,0,0,477
v_bricks,viewpoint,orb,1_6,6,0.55,0,0,477
v_bricks,viewpoint,orb,1_6,6,0.6,0,0,477
v_bricks,viewpoint,orb,1_6,6,0.65,1,0,477
v_bricks,viewpoint,orb,1_6,6,0.7,1,0,477
v_bricks,viewpoint,orb,1_6,6,0.75,5,1,477
v_bricks,viewpoint,orb,1_6,6,0.8,27,2,477
v_bricks,viewpoint,orb,1_6,6,0.85,80,4,477
v_bricks,viewpoint,orb,1_6,6,0.9,247,6,477
v_bricks,viewpoint,orb,1_6,6,0.95,768,10,477
v_bricks,viewpoint,orb,1_6,6,0.99,1753,16,477
v_busstop,viewpoint,sift,1_2,2,0.5,2667,2605,10609
v_busstop,viewpoint,sift,1_2,2,0.55,3415,3329,10609
v_busstop,viewpoint,sift,1_2,2,0.6,4134,4021,10609
v_busstop,viewpoint,sift,1_2,2,0.65,4802,4655,10609
v_busstop,viewpoint,sift,1_2,2,0.7,5353,5166,10609
v_busstop,viewpoint,sift,1_2,2,0.75,5865,5618,10609
v_busstop,viewpoint,sift,1_2,2,0.8,6382,6015,10609
v_busstop,viewpoint,sift,1_2,2,0.85,6941,6322,10609
v_busstop,viewpoint,sift,1_2,2,0.9,7964,6591,10609
v_busstop,viewpoint,sift,1_2,2,0.95,10566,6776,10609
v_busstop,viewpoint,sift,1_2,2,0.99,15606,6914,10609
v_busstop,viewpoint,sift,1_3,3,0.5,609,550,8396
v_busstop,viewpoint,sift,1_3,3,0.55,933,853,8396
v_busstop,viewpoint,sift,1_3,3,0.6,1248,1142,8396
v_busstop,viewpoint,sift,1_3,3,0.65,1649,1504,8396
v_busstop,viewpoint,sift,1_3,3,0.7,2125,1930,8396
v_busstop,viewpoint,sift,1_3,3,0.75,2599,2328,8396
v_busstop,viewpoint,sift,1_3,3,0.8,3107,2698,8396
v_busstop,viewpoint,sift,1_3,3,0.85,3846,3100,8396
v_busstop,viewpoint,sift,1_3,3,0.9,5198,3443,8396
v_busstop,viewpoint,sift,1_3,3,0.95,8576,3750,8396
v_busstop,viewpoint,sift,1_3,3,0.99,15049,4020,8396
v_busstop,viewpoint,sift,1_4,4,0.5,845,758,9276
v_busstop,viewpoint,sift,1_4,4,0.55,1298,1162,9276
v_busstop,viewpoint,sift,1_4,4,0.6,1833,1632,9276
v_busstop,viewpoint,sift,1_4,4,0.65,2406,2130,9276
v_busstop,viewpoint,sift,1_4,4,0.7,2991,2633,9276
v_busstop,viewpoint,sift,1_4,4,0.75,3580,3120,9276
v_busstop,viewpoint,sift,1_4,4,0.8,4144,3544,9276
v_busstop,viewpoint,sift,1_4,4,0.85,4918,3976,9276
v_busstop,viewpoint,sift,1_4,4,0.9,6201,4318,9276
v_busstop,viewpoint,sift,1_4,4,0.95,9389,4588,9276
v_busstop,viewpoint,sift,1_4,4,0.99,15322,4791,9276
v_busstop,viewpoint,sift,1_5,5,0.5,2081,2062,9722
v_busstop,viewpoint,sift,1_5,5,0.55,2688,2656,9722
v_busstop,viewpoint,sift,1_5,5,0.6,3281,3233,9722
v_busstop,viewpoint,sift,1_5,5,0.65,3841,3781,9722
v_busstop,viewpoint,sift,1_5,5,0.7,4343,4254,9722
v_busstop,viewpoint,sift,1_5,5,0.75,4795,4668,9722
v_busstop,viewpoint,sift,1_5,5,0.8,5171,4955,9722
v_busstop,viewpoint,sift,1_5,5,0.85,5686,5186,9722
v_busstop,viewpoint,sift,1_5,5,0.9,6765,5378,9722
v_busstop,viewpoint,sift,1_5,5,0.95,9623,5549,9722
v_busstop,viewpoint,sift,1_5,5,0.99,15432,5658,9722
v_busstop,viewpoint,sift,1_6,6,0.5,4008,3993,10995
v_busstop,viewpoint,sift,1_6,6,0.55,4809,4785,10995
v_busstop,viewpoint,sift,1_6,6,0.6,5456,5420,10995
v_busstop,viewpoint,sift,1_6,6,0.65,6013,5968,10995
v_busstop,viewpoint,sift,1_6,6,0.7,6427,6362,10995
v_busstop,viewpoint,sift,1_6,6,0.75,6792,6696,10995
v_busstop,viewpoint,sift,1_6,6,0.8,7126,6964,10995
v_busstop,viewpoint,sift,1_6,6,0.85,7587,7167,10995
v_busstop,viewpoint,sift,1_6,6,0.9,8519,7359,10995
v_busstop,viewpoint,sift,1_6,6,0.95,10959,7506,10995
v_busstop,viewpoint,sift,1_6,6,0.99,15736,7611,10995
v_busstop,viewpoint,orb,1_2,2,0.5,113,111,1828
v_busstop,viewpoint,orb,1_2,2,0.55,201,194,1828
v_busstop,viewpoint,orb,1_2,2,0.6,292,283,1828
v_busstop,viewpoint,orb,1_2,2,0.65,415,394,1828
v_busstop,viewpoint,orb,1_2,2,0.7,540,512,1828
v_busstop,viewpoint,orb,1_2,2,0.75,680,642,1828
v_busstop,viewpoint,orb,1_2,2,0.8,840,779,1828
v_busstop,viewpoint,orb,1_2,2,0.85,1008,913,1828
v_busstop,viewpoint,orb,1_2,2,0.9,1204,1039,1828
v_busstop,viewpoint,orb,1_2,2,0.95,1489,1147,1828
v_busstop,viewpoint,orb,1_2,2,0.99,1898,1244,1828
v_busstop,viewpoint,orb,1_3,3,0.5,16,14,1615
v_busstop,viewpoint,orb,1_3,3,0.55,30,27,1615
v_busstop,viewpoint,orb,1_3,3,0.6,49,46,1615
v_busstop,viewpoint,orb,1_3,3,0.65,98,90,1615
v_busstop,viewpoint,orb,1_3,3,0.7,159,138,1615
v_busstop,viewpoint,orb,1_3,3,0.75,233,196,1615
v_busstop,viewpoint,orb,1_3,3,0.8,364,290,1615
v_busstop,viewpoint,orb,1_3,3,0.85,518,384,1615
v_busstop,viewpoint,orb,1_3,3,0.9,748,487,1615
v_busstop,viewpoint,orb,1_3,3,0.95,1191,614,1615
v_busstop,viewpoint,orb,1_3,3,0.99,1850,725,1615
v_busstop,viewpoint,orb,1_4,4,0.5,29,28,1725
v_busstop,viewpoint,orb,1_4,4,0.55,55,52,1725
v_busstop,viewpoint,orb,1_4,4,0.6,97,91,1725
v_busstop,viewpoint,orb,1_4,4,0.65,148,140,1725
v_busstop,viewpoint,orb,1_4,4,0.7,235,220,1725
v_busstop,viewpoint,orb,1_4,4,0.75,319,292,1725
v_busstop,viewpoint,orb,1_4,4,0.8,424,382,1725
v_busstop,viewpoint,orb,1_4,4,0.85,582,498,1725
v_busstop,viewpoint,orb,1_4,4,0.9,836,626,1725
v_busstop,viewpoint,orb,1_4,4,0.95,1220,762,1725
v_busstop,viewpoint,orb,1_4,4,0.99,1857,877,1725
v_busstop,viewpoint,orb,1_5,5,0.5,102,99,1820
v_busstop,viewpoint,orb,1_5,5,0.55,154,150,1820
v_busstop,viewpoint,orb,1_5,5,0.6,231,225,1820
v_busstop,viewpoint,orb,1_5,5,0.65,319,310,1820
v_busstop,viewpoint,orb,1_5,5,0.7,418,402,1820
v_busstop,viewpoint,orb,1_5,5,0.75,536,507,1820
v_busstop,viewpoint,orb,1_5,5,0.8,663,617,1820
v_busstop,viewpoint,orb,1_5,5,0.85,809,726,1820
v_busstop,viewpoint,orb,1_5,5,0.9,1030,842,1820
v_busstop,viewpoint,orb,1_5,5,0.95,1380,955,1820
v_busstop,viewpoint,orb,1_5,5,0.99,1862,1043,1820
v_busstop,viewpoint,orb,1_6,6,0.5,157,157,1867
v_busstop,viewpoint,orb,1_6,6,0.55,255,253,1867
v_busstop,viewpoint,orb,1_6,6,0.6,358,351,1867
v_busstop,viewpoint,orb,1_6,6,0.65,474,460,1867
v_busstop,viewpoint,orb,1_6,6,0.7,603,585,1867
v_busstop,viewpoint,orb,1_6,6,0.75,733,707,1867
v_busstop,viewpoint,orb,1_6,6,0.8,872,831,1867
v_busstop,viewpoint,orb,1_6,6,0.85,1033,962,1867
v_busstop,viewpoint,orb,1_6,6,0.9,1222,1063,1867
v_busstop,viewpoint,orb,1_6,6,0.95,1503,1173,1867
v_busstop,viewpoint,orb,1_6,6,0.99,1897,1256,1867
v_calder,viewpoint,sift,1_2,2,0.5,321,321,2468
v_calder,viewpoint,sift,1_2,2,0.55,452,446,2468
v_calder,viewpoint,sift,1_2,2,0.6,598,583,2468
v_calder,viewpoint,sift,1_2,2,0.65,741,724,2468
v_calder,viewpoint,sift,1_2,2,0.7,922,874,2468
v_calder,viewpoint,sift,1_2,2,0.75,1091,1004,2468
v_calder,viewpoint,sift,1_2,2,0.8,1297,1114,2468
v_calder,viewpoint,sift,1_2,2,0.85,1599,1241,2468
v_calder,viewpoint,sift,1_2,2,0.9,2029,1323,2468
v_calder,viewpoint,sift,1_2,2,0.95,2841,1385,2468
v_calder,viewpoint,sift,1_2,2,0.99,4060,1449,2468
v_calder,viewpoint,sift,1_3,3,0.5,1209,1206,2944
v_calder,viewpoint,sift,1_3,3,0.55,1431,1424,2944
v_calder,viewpoint,sift,1_3,3,0.6,1629,1615,2944
v_calder,viewpoint,sift,1_3,3,0.65,1779,1761,2944
v_calder,viewpoint,sift,1_3,3,0.7,1921,1893,2944
v_calder,viewpoint,sift,1_3,3,0.75,2092,2040,2944
v_calder,viewpoint,sift,1_3,3,0.8,2221,2124,2944
v_calder,viewpoint,sift,1_3,3,0.85,2398,2186,2944
v_calder,viewpoint,sift,1_3,3,0.9,2717,2256,2944
v_calder,viewpoint,sift,1_3,3,0.95,3338,2323,2944
v_calder,viewpoint,sift,1_3,3,0.99,4170,2358,2944
v_calder,viewpoint,sift,1_4,4,0.5,9,8,1898
v_calder,viewpoint,sift,1_4,4,0.55,18,13,1898
v_calder,viewpoint,sift,1_4,4,0.6,51,37,1898
v_calder,viewpoint,sift,1_4,4,0.65,83,62,1898
v_calder,viewpoint,sift,1_4,4,0.7,128,91,1898
v_calder,viewpoint,sift,1_4,4,0.75,226,134,1898
v_calder,viewpoint,sift,1_4,4,0.8,381,187,1898
v_calder,viewpoint,sift,1_4,4,0.85,655,245,1898
v_calder,viewpoint,sift,1_4,4,0.9,1209,303,1898
v_calder,viewpoint,sift,1_4,4,0.95,2276,381,1898
v_calder,viewpoint,sift,1_4,4,0.99,3920,433,1898
v_calder,viewpoint,sift,1_5,5,0.5,24,23,2295
v_calder,viewpoint,sift,1_5,5,0.55,45,42,2295
v_calder,viewpoint,sift,1_5,5,0.6,83,74,2295
v_calder,viewpoint,sift,1_5,5,0.65,130,108,2295
v_calder,viewpoint,sift,1_5,5,0.7,216,175,2295
v_calder,viewpoint,sift,1_5,5,0.75,328,237,2295
v_calder,viewpoint,sift,1_5,5,0.8,500,308,2295
v_calder,viewpoint,sift,1_5,5,0.85,770,391,2295
v_calder,viewpoint,sift,1_5,5,0.9,1299,463,2295
v_calder,viewpoint,sift,1_5,5,0.95,2381,544,2295
v_calder,viewpoint,sift,1_5,5,0.99,3945,623,2295
v_calder,viewpoint,sift,1_6,6,0.5,3,2,1781
v_calder,viewpoint,sift,1_6,6,0.55,4,3,1781
v_calder,viewpoint,sift,1_6,6,0.6,12,7,1781
v_calder,viewpoint,sift,1_6,6,0.65,21,10,1781
v_calder,viewpoint,sift,1_6,6,0.7,48,17,1781
v_calder,viewpoint,sift,1_6,6,0.75,98,21,1781
v_calder,viewpoint,sift,1_6,6,0.8,213,32,1781
v_calder,viewpoint,sift,1_6,6,0.85,445,46,1781
v_calder,viewpoint,sift,1_6,6,0.9,939,62,1781
v_calder,viewpoint,sift,1_6,6,0.95,2111,88,1781
v_calder,viewpoint,sift,1_6,6,0.99,3847,106,1781
v_calder,viewpoint,orb,1_2,2,0.5,21,21,1813
v_calder,viewpoint,orb,1_2,2,0.55,49,49,1813
v_calder,viewpoint,orb,1_2,2,0.6,95,92,1813
v_calder,viewpoint,orb,1_2,2,0.65,143,136,1813
v_calder,viewpoint,orb,1_2,2,0.7,217,204,1813
v_calder,viewpoint,orb,1_2,2,0.75,308,284,1813
v_calder,viewpoint,orb,1_2,2,0.8,431,383,1813
v_calder,viewpoint,orb,1_2,2,0.85,618,512,1813
v_calder,viewpoint,orb,1_2,2,0.9,869,627,1813
v_calder,viewpoint,orb,1_2,2,0.95,1295,774,1813
v_calder,viewpoint,orb,1_2,2,0.99,1824,888,1813
v_calder,viewpoint,orb,1_3,3,0.5,289,283,1757
v_calder,viewpoint,orb,1_3,3,0.55,377,369,1757
v_calder,viewpoint,orb,1_3,3,0.6,479,463,1757
v_calder,viewpoint,orb,1_3,3,0.65,602,579,1757
v_calder,viewpoint,orb,1_3,3,0.7,710,683,1757
v_calder,viewpoint,orb,1_3,3,0.75,834,791,1757
v_calder,viewpoint,orb,1_3,3,0.8,984,919,1757
v_calder,viewpoint,orb,1_3,3,0.85,1169,1058,1757
v_calder,viewpoint,orb,1_3,3,0.9,1366,1168,1757
v_calder,viewpoint,orb,1_3,3,0.95,1608,1262,1757
v_calder,viewpoint,orb,1_3,3,0.99,1900,1323,1757
v_calder,viewpoint,orb,1_4,4,0.5,1,1,1745
v_calder,viewpoint,orb,1_4,4,0.55,3,3,1745
v_calder,viewpoint,orb,1_4,4,0.6,6,4,1745
v_calder,viewpoint,orb,1_4,4,0.65,13,10,1745
v_calder,viewpoint,orb,1_4,4,0.7,28,22,1745
v_calder,viewpoint,orb,1_4,4,0.75,53,38,1745
v_calder,viewpoint,orb,1_4,4,0.8,103,59,1745
v_calder,viewpoint,orb,1_4,4,0.85,219,99,1745
v_calder,viewpoint,orb,1_4,4,0.9,448,147,1745
v_calder,viewpoint,orb,1_4,4,0.95,942,217,1745
v_calder,viewpoint,orb,1_4,4,0.99,1803,302,1745
v_calder,viewpoint,orb,1_5,5,0.5,1,1,1780
v_calder,viewpoint,orb,1_5,5,0.55,3,3,1780
v_calder,viewpoint,orb,1_5,5,0.6,9,9,1780
v_calder,viewpoint,orb,1_5,5,0.65,19,17,1780
v_calder,viewpoint,orb,1_5,5,0.7,43,34,1780
v_calder,viewpoint,orb,1_5,5,0.75,98,72,1780
v_calder,viewpoint,orb,1_5,5,0.8,165,116,1780
v_calder,viewpoint,orb,1_5,5,0.85,309,175,1780
v_calder,viewpoint,orb,1_5,5,0.9,582,248,1780
v_calder,viewpoint,orb,1_5,5,0.95,1076,340,1780
v_calder,viewpoint,orb,1_5,5,0.99,1793,420,1780
v_calder,viewpoint,orb,1_6,6,0.5,0,0,1675
v_calder,viewpoint,orb,1_6,6,0.55,0,0,1675
v_calder,viewpoint,orb,1_6,6,0.6,0,0,1675
v_calder,viewpoint,orb,1_6,6,0.65,1,0,1675
v_calder,viewpoint,orb,1_6,6,0.7,6,2,1675
v_calder,viewpoint,orb,1_6,6,0.75,20,2,1675
v_calder,viewpoint,orb,1_6,6,0.8,53,4,1675
v_calder,viewpoint,orb,1_6,6,0.85,149,11,1675
v_calder,viewpoint,orb,1_6,6,0.9,362,22,1675
v_calder,viewpoint,orb,1_6,6,0.95,877,40,1675
v_calder,viewpoint,orb,1_6,6,0.99,1754,70,1675
v_cartooncity,viewpoint,sift,1_2,2,0.5,3715,3707,6270
v_cartooncity,viewpoint,sift,1_2,2,0.55,3814,3798,6270
v_cartooncity,viewpoint,sift,1_2,2,0.6,3949,3916,6270
v_cartooncity,viewpoint,sift,1_2,2,0.65,4049,3993,6270
v_cartooncity,viewpoint,sift,1_2,2,0.7,4153,4060,6270
v_cartooncity,viewpoint,sift,1_2,2,0.75,4294,4113,6270
v_cartooncity,viewpoint,sift,1_2,2,0.8,4504,4172,6270
v_cartooncity,viewpoint,sift,1_2,2,0.85,4860,4198,6270
v_cartooncity,viewpoint,sift,1_2,2,0.9,5591,4233,6270
v_cartooncity,viewpoint,sift,1_2,2,0.95,7188,4265,6270
v_cartooncity,viewpoint,sift,1_2,2,0.99,10080,4304,6270
v_cartooncity,viewpoint,sift,1_3,3,0.5,333,313,5014
v_cartooncity,viewpoint,sift,1_3,3,0.55,421,392,5014
v_cartooncity,viewpoint,sift,1_3,3,0.6,558,512,5014
v_cartooncity,viewpoint,sift,1_3,3,0.65,692,614,5014
v_cartooncity,viewpoint,sift,1_3,3,0.7,882,745,5014
v_cartooncity,viewpoint,sift,1_3,3,0.75,1082,846,5014
v_cartooncity,viewpoint,sift,1_3,3,0.8,1410,964,5014
v_cartooncity,viewpoint,sift,1_3,3,0.85,1962,1068,5014
v_cartooncity,viewpoint,sift,1_3,3,0.9,3054,1193,5014
v_cartooncity,viewpoint,sift,1_3,3,0.95,5453,1320,5014
v_cartooncity,viewpoint,sift,1_3,3,0.99,9647,1419,5014
v_cartooncity,viewpoint,sift,1_4,4,0.5,2277,2265,5244
v_cartooncity,viewpoint,sift,1_4,4,0.55,2602,2579,5244
v_cartooncity,viewpoint,sift,1_4,4,0.6,2872,2830,5244
v_cartooncity,viewpoint,sift,1_4,4,0.65,3139,3055,5244
v_cartooncity,viewpoint,sift,1_4,4,0.7,3373,3236,5244
v_cartooncity,viewpoint,sift,1_4,4,0.75,3633,3385,5244
v_cartooncity,viewpoint,sift,1_4,4,0.8,3920,3495,5244
v_cartooncity,viewpoint,sift,1_4,4,0.85,4330,3589,5244
v_cartooncity,viewpoint,sift,1_4,4,0.9,5171,3668,5244
v_cartooncity,viewpoint,sift,1_4,4,0.95,6984,3733,5244
v_cartooncity,viewpoint,sift,1_4,4,0.99,10009,3788,5244
v_cartooncity,viewpoint,sift,1_5,5,0.5,99,61,4192
v_cartooncity,viewpoint,sift,1_5,5,0.55,150,98,4192
v_cartooncity,viewpoint,sift,1_5,5,0.6,230,146,4192
v_cartooncity,viewpoint,sift,1_5,5,0.65,327,210,4192
v_cartooncity,viewpoint,sift,1_5,5,0.7,453,271,4192
v_cartooncity,viewpoint,sift,1_5,5,0.75,626,327,4192
v_cartooncity,viewpoint,sift,1_5,5,0.8,927,399,4192
v_cartooncity,viewpoint,sift,1_5,5,0.85,1463,486,4192
v_cartooncity,viewpoint,sift,1_5,5,0.9,2530,578,4192
v_cartooncity,viewpoint,sift,1_5,5,0.95,4962,676,4192
v_cartooncity,viewpoint,sift,1_5,5,0.99,9430,774,4192
v_cartooncity,viewpoint,sift,1_6,6,0.5,274,232,4842
v_cartooncity,viewpoint,sift,1_6,6,0.55,370,312,4842
v_cartooncity,viewpoint,sift,1_6,6,0.6,473,395,4842
v_cartooncity,viewpoint,sift,1_6,6,0.65,588,478,4842
v_cartooncity,viewpoint,sift,1_6,6,0.7,726,565,4842
v_cartooncity,viewpoint,sift,1_6,6,0.75,921,657,4842
v_cartooncity,viewpoint,sift,1_6,6,0.8,1208,756,4842
v_cartooncity,viewpoint,sift,1_6,6,0.85,1730,860,4842
v_cartooncity,viewpoint,sift,1_6,6,0.9,2827,974,4842
v_cartooncity,viewpoint,sift,1_6,6,0.95,5211,1097,4842
v_cartooncity,viewpoint,sift,1_6,6,0.99,9574,1200,4842
v_cartooncity,viewpoint,orb,1_2,2,0.5,484,482,1627
v_cartooncity,viewpoint,orb,1_2,2,0.55,547,545,1627
v_cartooncity,viewpoint,orb,1_2,2,0.6,608,605,1627
v_cartooncity,viewpoint,orb,1_2,2,0.65,671,662,1627
v_cartooncity,viewpoint,orb,1_2,2,0.7,733,721,1627
v_cartooncity,viewpoint,orb,1_2,2,0.75,796,777,1627
v_cartooncity,viewpoint,orb,1_2,2,0.8,869,837,1627
v_cartooncity,viewpoint,orb,1_2,2,0.85,982,898,1627
v_cartooncity,viewpoint,orb,1_2,2,0.9,1136,950,1627
v_cartooncity,viewpoint,orb,1_2,2,0.95,1420,985,1627
v_cartooncity,viewpoint,orb,1_2,2,0.99,1884,1020,1627
v_cartooncity,viewpoint,orb,1_3,3,0.5,5,5,959
v_cartooncity,viewpoint,orb,1_3,3,0.55,9,9,959
v_cartooncity,viewpoint,orb,1_3,3,0.6,14,14,959
v_cartooncity,viewpoint,orb,1_3,3,0.65,22,18,959
v_cartooncity,viewpoint,orb,1_3,3,0.7,32,26,959
v_cartooncity,viewpoint,orb,1_3,3,0.75,53,38,959
v_cartooncity,viewpoint,orb,1_3,3,0.8,102,58,959
v_cartooncity,viewpoint,orb,1_3,3,0.85,188,70,959
v_cartooncity,viewpoint,orb,1_3,3,0.9,415,91,959
v_cartooncity,viewpoint,orb,1_3,3,0.95,920,117,959
v_cartooncity,viewpoint,orb,1_3,3,0.99,1780,149,959
v_cartooncity,viewpoint,orb,1_4,4,0.5,223,220,1469
v_cartooncity,viewpoint,orb,1_4,4,0.55,288,282,1469
v_cartooncity,viewpoint,orb,1_4,4,0.6,353,342,1469
v_cartooncity,viewpoint,orb,1_4,4,0.65,449,433,1469
v_cartooncity,viewpoint,orb,1_4,4,0.7,527,499,1469
v_cartooncity,viewpoint,orb,1_4,4,0.75,622,575,1469
v_cartooncity,viewpoint,orb,1_4,4,0.8,724,653,1469
v_cartooncity,viewpoint,orb,1_4,4,0.85,858,731,1469
v_cartooncity,viewpoint,orb,1_4,4,0.9,1040,806,1469
v_cartooncity,viewpoint,orb,1_4,4,0.95,1379,888,1469
v_cartooncity,viewpoint,orb,1_4,4,0.99,1875,949,1469
v_cartooncity,viewpoint,orb,1_5,5,0.5,1,1,846
v_cartooncity,viewpoint,orb,1_5,5,0.55,2,1,846
v_cartooncity,viewpoint,orb,1_5,5,0.6,3,2,846
v_cartooncity,viewpoint,orb,1_5,5,0.65,8,3,846
v_cartooncity,viewpoint,orb,1_5,5,0.7,24,11,846
v_cartooncity,viewpoint,orb,1_5,5,0.75,44,18,846
v_cartooncity,viewpoint,orb,1_5,5,0.8,96,36,846
v_cartooncity,viewpoint,orb,1_5,5,0.85,197,55,846
v_cartooncity,viewpoint,orb,1_5,5,0.9,413,79,846
v_cartooncity,viewpoint,orb,1_5,5,0.95,895,104,846
v_cartooncity,viewpoint,orb,1_5,5,0.99,1806,135,846
v_cartooncity,viewpoint,orb,1_6,6,0.5,2,2,964
v_cartooncity,viewpoint,orb,1_6,6,0.55,5,4,964
v_cartooncity,viewpoint,orb,1_6,6,0.6,9,8,964
v_cartooncity,viewpoint,orb,1_6,6,0.65,16,13,964
v_cartooncity,viewpoint,orb,1_6,6,0.7,28,21,964
v_cartooncity,viewpoint,orb,1_6,6,0.75,44,32,964
v_cartooncity,viewpoint,orb,1_6,6,0.8,99,49,964
v_cartooncity,viewpoint,orb,1_6,6,0.85,173,62,964
v_cartooncity,viewpoint,orb,1_6,6,0.9,408,89,964
v_cartooncity,viewpoint,orb,1_6,6,0.95,891,112,964
v_cartooncity,viewpoint,orb,1_6,6,0.99,1799,143,964
v_charing,viewpoint,sift,1_2,2,0.5,70,30,1641
v_charing,viewpoint,sift,1_2,2,0.55,112,55,1641
v_charing,viewpoint,sift,1_2,2,0.6,185,90,1641
v_charing,viewpoint,sift,1_2,2,0.65,273,136,1641
v_charing,viewpoint,sift,1_2,2,0.7,395,196,1641
v_charing,viewpoint,sift,1_2,2,0.75,530,263,1641
v_charing,viewpoint,sift,1_2,2,0.8,747,354,1641
v_charing,viewpoint,sift,1_2,2,0.85,1031,468,1641
v_charing,viewpoint,sift,1_2,2,0.9,1430,565,1641
v_charing,viewpoint,sift,1_2,2,0.95,2045,655,1641
v_charing,viewpoint,sift,1_2,2,0.99,2885,735,1641
v_charing,viewpoint,sift,1_3,3,0.5,26,4,982
v_charing,viewpoint,sift,1_3,3,0.55,39,6,982
v_charing,viewpoint,sift,1_3,3,0.6,67,10,982
v_charing,viewpoint,sift,1_3,3,0.65,102,15,982
v_charing,viewpoint,sift,1_3,3,0.7,152,22,982
v_charing,viewpoint,sift,1_3,3,0.75,225,42,982
v_charing,viewpoint,sift,1_3,3,0.8,347,54,982
v_charing,viewpoint,sift,1_3,3,0.85,563,86,982
v_charing,viewpoint,sift,1_3,3,0.9,947,122,982
v_charing,viewpoint,sift,1_3,3,0.95,1633,162,982
v_charing,viewpoint,sift,1_3,3,0.99,2798,185,982
v_charing,viewpoint,sift,1_4,4,0.5,205,139,1147
v_charing,viewpoint,sift,1_4,4,0.55,293,205,1147
v_charing,viewpoint,sift,1_4,4,0.6,411,294,1147
v_charing,viewpoint,sift,1_4,4,0.65,546,391,1147
v_charing,viewpoint,sift,1_4,4,0.7,690,468,1147
v_charing,viewpoint,sift,1_4,4,0.75,871,553,1147
v_charing,viewpoint,sift,1_4,4,0.8,1054,617,1147
v_charing,viewpoint,sift,1_4,4,0.85,1288,663,1147
v_charing,viewpoint,sift,1_4,4,0.9,1594,706,1147
v_charing,viewpoint,sift,1_4,4,0.95,2125,743,1147
v_charing,viewpoint,sift,1_4,4,0.99,2881,770,1147
v_charing,viewpoint,sift,1_5,5,0.5,47,26,967
v_charing,viewpoint,sift,1_5,5,0.55,75,46,967
v_charing,viewpoint,sift,1_5,5,0.6,102,63,967
v_charing,viewpoint,sift,1_5,5,0.65,134,88,967
v_charing,viewpoint,sift,1_5,5,0.7,178,126,967
v_charing,viewpoint,sift,1_5,5,0.75,250,181,967
v_charing,viewpoint,sift,1_5,5,0.8,350,244,967
v_charing,viewpoint,sift,1_5,5,0.85,501,310,967
v_charing,viewpoint,sift,1_5,5,0.9,788,383,967
v_charing,viewpoint,sift,1_5,5,0.95,1439,434,967
v_charing,viewpoint,sift,1_5,5,0.99,2694,487,967
v_charing,viewpoint,sift,1_6,6,0.5,22,21,851
v_charing,viewpoint,sift,1_6,6,0.55,34,31,851
v_charing,viewpoint,sift,1_6,6,0.6,58,50,851
v_charing,viewpoint,sift,1_6,6,0.65,80,69,851
v_charing,viewpoint,sift,1_6,6,0.7,108,86,851
v_charing,viewpoint,sift,1_6,6,0.75,141,103,851
v_charing,viewpoint,sift,1_6,6,0.8,205,135,851
v_charing,viewpoint,sift,1_6,6,0.85,342,177,851
v_charing,viewpoint,sift,1_6,6,0.9,631,210,851
v_charing,viewpoint,sift,1_6,6,0.95,1363,262,851
v_charing,viewpoint,sift,1_6,6,0.99,2684,307,851
v_charing,viewpoint,orb,1_2,2,0.5,4,3,636
v_charing,viewpoint,orb,1_2,2,0.55,9,7,636
v_charing,viewpoint,orb,1_2,2,0.6,18,11,636
v_charing,viewpoint,orb,1_2,2,0.65,33,19,636
v_charing,viewpoint,orb,1_2,2,0.7,60,26,636
v_charing,viewpoint,orb,1_2,2,0.75,108,40,636
v_charing,viewpoint,orb,1_2,2,0.8,190,56,636
v_charing,viewpoint,orb,1_2,2,0.85,342,76,636
v_charing,viewpoint,orb,1_2,2,0.9,593,98,636
v_charing,viewpoint,orb,1_2,2,0.95,1026,125,636
v_charing,viewpoint,orb,1_2,2,0.99,1803,140,636
v_charing,viewpoint,orb,1_3,3,0.5,0,0,157
v_charing,viewpoint,orb,1_3,3,0.55,0,0,157
v_charing,viewpoint,orb,1_3,3,0.6,0,0,157
v_charing,viewpoint,orb,1_3,3,0.65,1,0,157
v_charing,viewpoint,orb,1_3,3,0.7,5,0,157
v_charing,viewpoint,orb,1_3,3,0.75,17,0,157
v_charing,viewpoint,orb,1_3,3,0.8,58,0,157
v_charing,viewpoint,orb,1_3,3,0.85,169,1,157
v_charing,viewpoint,orb,1_3,3,0.9,400,2,157
v_charing,viewpoint,orb,1_3,3,0.95,915,6,157
v_charing,viewpoint,orb,1_3,3,0.99,1777,9,157
v_charing,viewpoint,orb,1_4,4,0.5,1,1,154
v_charing,viewpoint,orb,1_4,4,0.55,5,4,154
v_charing,viewpoint,orb,1_4,4,0.6,8,5,154
v_charing,viewpoint,orb,1_4,4,0.65,12,6,154
v_charing,viewpoint,orb,1_4,4,0.7,24,6,154
v_charing,viewpoint,orb,1_4,4,0.75,54,8,154
v_charing,viewpoint,orb,1_4,4,0.8,128,12,154
v_charing,viewpoint,orb,1_4,4,0.85,254,16,154
v_charing,viewpoint,orb,1_4,4,0.9,515,20,154
v_charing,viewpoint,orb,1_4,4,0.95,993,22,154
v_charing,viewpoint,orb,1_4,4,0.99,1796,28,154
v_charing,viewpoint,orb,1_5,5,0.5,0,0,16
v_charing,viewpoint,orb,1_5,5,0.55,0,0,16
v_charing,viewpoint,orb,1_5,5,0.6,1,0,16
v_charing,viewpoint,orb,1_5,5,0.65,2,0,16
v_charing,viewpoint,orb,1_5,5,0.7,6,0,16
v_charing,viewpoint,orb,1_5,5,0.75,25,0,16
v_charing,viewpoint,orb,1_5,5,0.8,49,1,16
v_charing,viewpoint,orb,1_5,5,0.85,143,1,16
v_charing,viewpoint,orb,1_5,5,0.9,333,1,16
v_charing,viewpoint,orb,1_5,5,0.95,854,1,16
v_charing,viewpoint,orb,1_5,5,0.99,1782,1,16
v_charing,viewpoint,orb,1_6,6,0.5,0,0,15
v_charing,viewpoint,orb,1_6,6,0.55,0,0,15
v_charing,viewpoint,orb,1_6,6,0.6,0,0,15
v_charing,viewpoint,orb,1_6,6,0.65,0,0,15
v_charing,viewpoint,orb,1_6,6,0.7,5,0,15
v_charing,viewpoint,orb,1_6,6,0.75,18,0,15
v_charing,viewpoint,orb,1_6,6,0.8,48,0,15
v_charing,viewpoint,orb,1_6,6,0.85,143,0,15
v_charing,viewpoint,orb,1_6,6,0.9,352,0,15
v_charing,viewpoint,orb,1_6,6,0.95,846,0,15
v_charing,viewpoint,orb,1_6,6,0.99,1791,0,15
v_churchill,viewpoint,sift,1_2,2,0.5,551,543,1752
v_churchill,viewpoint,sift,1_2,2,0.55,663,650,1752
v_churchill,viewpoint,sift,1_2,2,0.6,784,766,1752
v_churchill,viewpoint,sift,1_2,2,0.65,894,866,1752
v_churchill,viewpoint,sift,1_2,2,0.7,989,952,1752
v_churchill,viewpoint,sift,1_2,2,0.75,1098,1044,1752
v_churchill,viewpoint,sift,1_2,2,0.8,1218,1128,1752
v_churchill,viewpoint,sift,1_2,2,0.85,1386,1199,1752
v_churchill,viewpoint,sift,1_2,2,0.9,1663,1261,1752
v_churchill,viewpoint,sift,1_2,2,0.95,2218,1321,1752
v_churchill,viewpoint,sift,1_2,2,0.99,3097,1357,1752
v_churchill,viewpoint,sift,1_3,3,0.5,151,147,1498
v_churchill,viewpoint,sift,1_3,3,0.55,204,197,1498
v_churchill,viewpoint,sift,1_3,3,0.6,260,249,1498
v_churchill,viewpoint,sift,1_3,3,0.65,356,332,1498
v_churchill,viewpoint,sift,1_3,3,0.7,439,393,1498
v_churchill,viewpoint,sift,1_3,3,0.75,553,471,1498
v_churchill,viewpoint,sift,1_3,3,0.8,679,551,1498
v_churchill,viewpoint,sift,1_3,3,0.85,890,641,1498
v_churchill,viewpoint,sift,1_3,3,0.9,1262,726,1498
v_churchill,viewpoint,sift,1_3,3,0.95,1939,793,1498
v_churchill,viewpoint,sift,1_3,3,0.99,3028,844,1498
v_churchill,viewpoint,sift,1_4,4,0.5,91,72,1618
v_churchill,viewpoint,sift,1_4,4,0.55,128,104,1618
v_churchill,viewpoint,sift,1_4,4,0.6,173,143,1618
v_churchill,viewpoint,sift,1_4,4,0.65,231,192,1618
v_churchill,viewpoint,sift,1_4,4,0.7,301,246,1618
v_churchill,viewpoint,sift,1_4,4,0.75,390,313,1618
v_churchill,viewpoint,sift,1_4,4,0.8,489,359,1618
v_churchill,viewpoint,sift,1_4,4,0.85,683,434,1618
v_churchill,viewpoint,sift,1_4,4,0.9,1035,507,1618
v_churchill,viewpoint,sift,1_4,4,0.95,1784,576,1618
v_churchill,viewpoint,sift,1_4,4,0.99,2988,639,1618
v_churchill,viewpoint,sift,1_5,5,0.5,1480,1473,2432
v_churchill,viewpoint,sift,1_5,5,0.55,1630,1622,2432
v_churchill,viewpoint,sift,1_5,5,0.6,1728,1715,2432
v_churchill,viewpoint,sift,1_5,5,0.65,1804,1786,2432
v_churchill,viewpoint,sift,1_5,5,0.7,1871,1844,2432
v_churchill,viewpoint,sift,1_5,5,0.75,1934,1891,2432
v_churchill,viewpoint,sift,1_5,5,0.8,1991,1916,2432
v_churchill,viewpoint,sift,1_5,5,0.85,2077,1934,2432
v_churchill,viewpoint,sift,1_5,5,0.9,2273,1959,2432
v_churchill,viewpoint,sift,1_5,5,0.95,2656,1979,2432
v_churchill,viewpoint,sift,1_5,5,0.99,3226,1994,2432
v_churchill,viewpoint,sift,1_6,6,0.5,4,4,1337
v_churchill,viewpoint,sift,1_6,6,0.55,14,11,1337
v_churchill,viewpoint,sift,1_6,6,0.6,28,22,1337
v_churchill,viewpoint,sift,1_6,6,0.65,46,34,1337
v_churchill,viewpoint,sift,1_6,6,0.7,69,43,1337
v_churchill,viewpoint,sift,1_6,6,0.75,127,65,1337
v_churchill,viewpoint,sift,1_6,6,0.8,213,93,1337
v_churchill,viewpoint,sift,1_6,6,0.85,385,123,1337
v_churchill,viewpoint,sift,1_6,6,0.9,765,158,1337
v_churchill,viewpoint,sift,1_6,6,0.95,1549,192,1337
v_churchill,viewpoint,sift,1_6,6,0.99,2949,244,1337
v_churchill,viewpoint,orb,1_2,2,0.5,99,95,1588
v_churchill,viewpoint,orb,1_2,2,0.55,156,146,1588
v_churchill,viewpoint,orb,1_2,2,0.6,212,194,1588
v_churchill,viewpoint,orb,1_2,2,0.65,286,261,1588
v_churchill,viewpoint,orb,1_2,2,0.7,374,334,1588
v_churchill,viewpoint,orb,1_2,2,0.75,466,410,1588
v_churchill,viewpoint,orb,1_2,2,0.8,596,502,1588
v_churchill,viewpoint,orb,1_2,2,0.85,785,627,1588
v_churchill,viewpoint,orb,1_2,2,0.9,1023,747,1588
v_churchill,viewpoint,orb,1_2,2,0.95,1403,877,1588
v_churchill,viewpoint,orb,1_2,2,0.99,1881,986,1588
v_churchill,viewpoint,orb,1_3,3,0.5,16,13,1434
v_churchill,viewpoint,orb,1_3,3,0.55,32,25,1434
v_churchill,viewpoint,orb,1_3,3,0.6,48,35,1434
v_churchill,viewpoint,orb,1_3,3,0.65,75,56,1434
v_churchill,viewpoint,orb,1_3,3,0.7,117,89,1434
v_churchill,viewpoint,orb,1_3,3,0.75,183,133,1434
v_churchill,viewpoint,orb,1_3,3,0.8,285,194,1434
v_churchill,viewpoint,orb,1_3,3,0.85,444,267,1434
v_churchill,viewpoint,orb,1_3,3,0.9,719,378,1434
v_churchill,viewpoint,orb,1_3,3,0.95,1187,481,1434
v_churchill,viewpoint,orb,1_3,3,0.99,1830,569,1434
v_churchill,viewpoint,orb,1_4,4,0.5,2,1,1743
v_churchill,viewpoint,orb,1_4,4,0.55,6,5,1743
v_churchill,viewpoint,orb,1_4,4,0.6,14,12,1743
v_churchill,viewpoint,orb,1_4,4,0.65,28,24,1743
v_churchill,viewpoint,orb,1_4,4,0.7,42,33,1743
v_churchill,viewpoint,orb,1_4,4,0.75,64,44,1743
v_churchill,viewpoint,orb,1_4,4,0.8,129,81,1743
v_churchill,viewpoint,orb,1_4,4,0.85,233,114,1743
v_churchill,viewpoint,orb,1_4,4,0.9,459,172,1743
v_churchill,viewpoint,orb,1_4,4,0.95,969,255,1743
v_churchill,viewpoint,orb,1_4,4,0.99,1787,338,1743
v_churchill,viewpoint,orb,1_5,5,0.5,472,468,1942
v_churchill,viewpoint,orb,1_5,5,0.55,615,611,1942
v_churchill,viewpoint,orb,1_5,5,0.6,733,721,1942
v_churchill,viewpoint,orb,1_5,5,0.65,869,854,1942
v_churchill,viewpoint,orb,1_5,5,0.7,1001,980,1942
v_churchill,viewpoint,orb,1_5,5,0.75,1130,1100,1942
v_churchill,viewpoint,orb,1_5,5,0.8,1251,1202,1942
v_churchill,viewpoint,orb,1_5,5,0.85,1379,1308,1942
v_churchill,viewpoint,orb,1_5,5,0.9,1523,1406,1942
v_churchill,viewpoint,orb,1_5,5,0.95,1693,1486,1942
v_churchill,viewpoint,orb,1_5,5,0.99,1935,1569,1942
v_churchill,viewpoint,orb,1_6,6,0.5,0,0,1640
v_churchill,viewpoint,orb,1_6,6,0.55,0,0,1640
v_churchill,viewpoint,orb,1_6,6,0.6,2,1,1640
v_churchill,viewpoint,orb,1_6,6,0.65,5,4,1640
v_churchill,viewpoint,orb,1_6,6,0.7,14,4,1640
v_churchill,viewpoint,orb,1_6,6,0.75,29,7,1640
v_churchill,viewpoint,orb,1_6,6,0.8,58,11,1640
v_churchill,viewpoint,orb,1_6,6,0.85,158,20,1640
v_churchill,viewpoint,orb,1_6,6,0.9,370,34,1640
v_churchill,viewpoint,orb,1_6,6,0.95,883,62,1640
v_churchill,viewpoint,orb,1_6,6,0.99,1783,109,1640
v_circus,viewpoint,sift,1_2,2,0.5,1473,1459,2595
v_circus,viewpoint,sift,1_2,2,0.55,1550,1532,2595
v_circus,viewpoint,sift,1_2,2,0.6,1617,1589,2595
v_circus,viewpoint,sift,1_2,2,0.65,1691,1646,2595
v_circus,viewpoint,sift,1_2,2,0.7,1772,1689,2595
v_circus,viewpoint,sift,1_2,2,0.75,1851,1724,2595
v_circus,viewpoint,sift,1_2,2,0.8,1982,1758,2595
v_circus,viewpoint,sift,1_2,2,0.85,2189,1789,2595
v_circus,viewpoint,sift,1_2,2,0.9,2498,1817,2595
v_circus,viewpoint,sift,1_2,2,0.95,3160,1848,2595
v_circus,viewpoint,sift,1_2,2,0.99,4131,1868,2595
v_circus,viewpoint,sift,1_3,3,0.5,167,153,1849
v_circus,viewpoint,sift,1_3,3,0.55,245,216,1849
v_circus,viewpoint,sift,1_3,3,0.6,349,294,1849
v_circus,viewpoint,sift,1_3,3,0.65,477,378,1849
v_circus,viewpoint,sift,1_3,3,0.7,615,470,1849
v_circus,viewpoint,sift,1_3,3,0.75,791,546,1849
v_circus,viewpoint,sift,1_3,3,0.8,1020,649,1849
v_circus,viewpoint,sift,1_3,3,0.85,1297,729,1849
v_circus,viewpoint,sift,1_3,3,0.9,1791,794,1849
v_circus,viewpoint,sift,1_3,3,0.95,2671,842,1849
v_circus,viewpoint,sift,1_3,3,0.99,4023,891,1849
v_circus,viewpoint,sift,1_4,4,0.5,31,16,1587
v_circus,viewpoint,sift,1_4,4,0.55,65,43,1587
v_circus,viewpoint,sift,1_4,4,0.6,120,77,1587
v_circus,viewpoint,sift,1_4,4,0.65,170,101,1587
v_circus,viewpoint,sift,1_4,4,0.7,247,132,1587
v_circus,viewpoint,sift,1_4,4,0.75,358,170,1587
v_circus,viewpoint,sift,1_4,4,0.8,523,211,1587
v_circus,viewpoint,sift,1_4,4,0.85,788,261,1587
v_circus,viewpoint,sift,1_4,4,0.9,1320,315,1587
v_circus,viewpoint,sift,1_4,4,0.95,2315,372,1587
v_circus,viewpoint,sift,1_4,4,0.99,3929,421,1587
v_circus,viewpoint,sift,1_5,5,0.5,559,534,2196
v_circus,viewpoint,sift,1_5,5,0.55,703,660,2196
v_circus,viewpoint,sift,1_5,5,0.6,870,794,2196
v_circus,viewpoint,sift,1_5,5,0.65,1056,931,2196
v_circus,viewpoint,sift,1_5,5,0.7,1228,1044,2196
v_circus,viewpoint,sift,1_5,5,0.75,1381,1129,2196
v_circus,viewpoint,sift,1_5,5,0.8,1577,1187,2196
v_circus,viewpoint,sift,1_5,5,0.85,1838,1249,2196
v_circus,viewpoint,sift,1_5,5,0.9,2221,1294,2196
v_circus,viewpoint,sift,1_5,5,0.95,2975,1340,2196
v_circus,viewpoint,sift,1_5,5,0.99,4121,1374,2196
v_circus,viewpoint,sift,1_6,6,0.5,83,67,1839
v_circus,viewpoint,sift,1_6,6,0.55,144,115,1839
v_circus,viewpoint,sift,1_6,6,0.6,235,170,1839
v_circus,viewpoint,sift,1_6,6,0.65,335,240,1839
v_circus,viewpoint,sift,1_6,6,0.7,457,310,1839
v_circus,viewpoint,sift,1_6,6,0.75,634,405,1839
v_circus,viewpoint,sift,1_6,6,0.8,855,489,1839
v_circus,viewpoint,sift,1_6,6,0.85,1157,564,1839
v_circus,viewpoint,sift,1_6,6,0.9,1629,640,1839
v_circus,viewpoint,sift,1_6,6,0.95,2559,708,1839
v_circus,viewpoint,sift,1_6,6,0.99,4007,755,1839
v_circus,viewpoint,orb,1_2,2,0.5,168,160,1775
v_circus,viewpoint,orb,1_2,2,0.55,248,235,1775
v_circus,viewpoint,orb,1_2,2,0.6,310,294,1775
v_circus,viewpoint,orb,1_2,2,0.65,399,375,1775
v_circus,viewpoint,orb,1_2,2,0.7,484,449,1775
v_circus,viewpoint,orb,1_2,2,0.75,598,539,1775
v_circus,viewpoint,orb,1_2,2,0.8,733,641,1775
v_circus,viewpoint,orb,1_2,2,0.85,909,745,1775
v_circus,viewpoint,orb,1_2,2,0.9,1131,851,1775
v_circus,viewpoint,orb,1_2,2,0.95,1455,942,1775
v_circus,viewpoint,orb,1_2,2,0.99,1859,1028,1775
v_circus,viewpoint,orb,1_3,3,0.5,18,14,1401
v_circus,viewpoint,orb,1_3,3,0.55,34,25,1401
v_circus,viewpoint,orb,1_3,3,0.6,66,48,1401
v_circus,viewpoint,orb,1_3,3,0.65,104,70,1401
v_circus,viewpoint,orb,1_3,3,0.7,165,115,1401
v_circus,viewpoint,orb,1_3,3,0.75,257,172,1401
v_circus,viewpoint,orb,1_3,3,0.8,374,208,1401
v_circus,viewpoint,orb,1_3,3,0.85,584,291,1401
v_circus,viewpoint,orb,1_3,3,0.9,868,374,1401
v_circus,viewpoint,orb,1_3,3,0.95,1284,454,1401
v_circus,viewpoint,orb,1_3,3,0.99,1826,517,1401
v_circus,viewpoint,orb,1_4,4,0.5,0,0,1091
v_circus,viewpoint,orb,1_4,4,0.55,3,2,1091
v_circus,viewpoint,orb,1_4,4,0.6,13,4,1091
v_circus,viewpoint,orb,1_4,4,0.65,26,4,1091
v_circus,viewpoint,orb,1_4,4,0.7,58,16,1091
v_circus,viewpoint,orb,1_4,4,0.75,95,27,1091
v_circus,viewpoint,orb,1_4,4,0.8,170,54,1091
v_circus,viewpoint,orb,1_4,4,0.85,334,96,1091
v_circus,viewpoint,orb,1_4,4,0.9,599,125,1091
v_circus,viewpoint,orb,1_4,4,0.95,1088,174,1091
v_circus,viewpoint,orb,1_4,4,0.99,1795,224,1091
v_circus,viewpoint,orb,1_5,5,0.5,57,49,1635
v_circus,viewpoint,orb,1_5,5,0.55,100,85,1635
v_circus,viewpoint,orb,1_5,5,0.6,161,139,1635
v_circus,viewpoint,orb,1_5,5,0.65,220,186,1635
v_circus,viewpoint,orb,1_5,5,0.7,291,242,1635
v_circus,viewpoint,orb,1_5,5,0.75,416,330,1635
v_circus,viewpoint,orb,1_5,5,0.8,542,398,1635
v_circus,viewpoint,orb,1_5,5,0.85,715,474,1635
v_circus,viewpoint,orb,1_5,5,0.9,972,567,1635
v_circus,viewpoint,orb,1_5,5,0.95,1335,655,1635
v_circus,viewpoint,orb,1_5,5,0.99,1833,722,1635
v_circus,viewpoint,orb,1_6,6,0.5,6,4,1370
v_circus,viewpoint,orb,1_6,6,0.55,21,13,1370
v_circus,viewpoint,orb,1_6,6,0.6,31,22,1370
v_circus,viewpoint,orb,1_6,6,0.65,49,35,1370
v_circus,viewpoint,orb,1_6,6,0.7,89,59,1370
v_circus,viewpoint,orb,1_6,6,0.75,155,94,1370
v_circus,viewpoint,orb,1_6,6,0.8,249,133,1370
v_circus,viewpoint,orb,1_6,6,0.85,414,180,1370
v_circus,viewpoint,orb,1_6,6,0.9,671,239,1370
v_circus,viewpoint,orb,1_6,6,0.95,1149,296,1370
v_circus,viewpoint,orb,1_6,6,0.99,1799,358,1370
v_coffeehouse,viewpoint,sift,1_2,2,0.5,460,434,1730
v_coffeehouse,viewpoint,sift,1_2,2,0.55,607,569,1730
v_coffeehouse,viewpoint,sift,1_2,2,0.6,749,692,1730
v_coffeehouse,viewpoint,sift,1_2,2,0.65,852,785,1730
v_coffeehouse,viewpoint,sift,1_2,2,0.7,983,885,1730
v_coffeehouse,viewpoint,sift,1_2,2,0.75,1096,969,1730
v_coffeehouse,viewpoint,sift,1_2,2,0.8,1219,1043,1730
v_coffeehouse,viewpoint,sift,1_2,2,0.85,1342,1093,1730
v_coffeehouse,viewpoint,sift,1_2,2,0.9,1586,1138,1730
v_coffeehouse,viewpoint,sift,1_2,2,0.95,2017,1176,1730
v_coffeehouse,viewpoint,sift,1_2,2,0.99,2685,1208,1730
v_coffeehouse,viewpoint,sift,1_3,3,0.5,884,861,1828
v_coffeehouse,viewpoint,sift,1_3,3,0.55,1003,967,1828
v_coffeehouse,viewpoint,sift,1_3,3,0.6,1117,1066,1828
v_coffeehouse,viewpoint,sift,1_3,3,0.65,1196,1133,1828
v_coffeehouse,viewpoint,sift,1_3,3,0.7,1275,1190,1828
v_coffeehouse,viewpoint,sift,1_3,3,0.75,1343,1230,1828
v_coffeehouse,viewpoint,sift,1_3,3,0.8,1433,1275,1828
v_coffeehouse,viewpoint,sift,1_3,3,0.85,1554,1311,1828
v_coffeehouse,viewpoint,sift,1_3,3,0.9,1750,1351,1828
v_coffeehouse,viewpoint,sift,1_3,3,0.95,2115,1373,1828
v_coffeehouse,viewpoint,sift,1_3,3,0.99,2706,1385,1828
v_coffeehouse,viewpoint,sift,1_4,4,0.5,512,363,1277
v_coffeehouse,viewpoint,sift,1_4,4,0.55,612,430,1277
v_coffeehouse,viewpoint,sift,1_4,4,0.6,724,509,1277
v_coffeehouse,viewpoint,sift,1_4,4,0.65,808,571,1277
v_coffeehouse,viewpoint,sift,1_4,4,0.7,914,625,1277
v_coffeehouse,viewpoint,sift,1_4,4,0.75,1015,678,1277
v_coffeehouse,viewpoint,sift,1_4,4,0.8,1110,725,1277
v_coffeehouse,viewpoint,sift,1_4,4,0.85,1230,771,1277
v_coffeehouse,viewpoint,sift,1_4,4,0.9,1462,817,1277
v_coffeehouse,viewpoint,sift,1_4,4,0.95,1938,844,1277
v_coffeehouse,viewpoint,sift,1_4,4,0.99,2664,868,1277
v_coffeehouse,viewpoint,sift,1_5,5,0.5,562,543,1657
v_coffeehouse,viewpoint,sift,1_5,5,0.55,698,671,1657
v_coffeehouse,viewpoint,sift,1_5,5,0.6,814,782,1657
v_coffeehouse,viewpoint,sift,1_5,5,0.65,921,876,1657
v_coffeehouse,viewpoint,sift,1_5,5,0.7,1010,947,1657
v_coffeehouse,viewpoint,sift,1_5,5,0.75,1081,993,1657
v_coffeehouse,viewpoint,sift,1_5,5,0.8,1178,1047,1657
v_coffeehouse,viewpoint,sift,1_5,5,0.85,1296,1087,1657
v_coffeehouse,viewpoint,sift,1_5,5,0.9,1532,1115,1657
v_coffeehouse,viewpoint,sift,1_5,5,0.95,1982,1150,1657
v_coffeehouse,viewpoint,sift,1_5,5,0.99,2657,1166,1657
v_coffeehouse,viewpoint,sift,1_6,6,0.5,213,175,1172
v_coffeehouse,viewpoint,sift,1_6,6,0.55,271,214,1172
v_coffeehouse,viewpoint,sift,1_6,6,0.6,344,265,1172
v_coffeehouse,viewpoint,sift,1_6,6,0.65,414,312,1172
v_coffeehouse,viewpoint,sift,1_6,6,0.7,477,354,1172
v_coffeehouse,viewpoint,sift,1_6,6,0.75,566,398,1172
v_coffeehouse,viewpoint,sift,1_6,6,0.8,693,457,1172
v_coffeehouse,viewpoint,sift,1_6,6,0.85,865,496,1172
v_coffeehouse,viewpoint,sift,1_6,6,0.9,1101,528,1172
v_coffeehouse,viewpoint,sift,1_6,6,0.95,1649,566,1172
v_coffeehouse,viewpoint,sift,1_6,6,0.99,2577,601,1172
v_coffeehouse,viewpoint,orb,1_2,2,0.5,29,26,1749
v_coffeehouse,viewpoint,orb,1_2,2,0.55,50,45,1749
v_coffeehouse,viewpoint,orb,1_2,2,0.6,82,75,1749
v_coffeehouse,viewpoint,orb,1_2,2,0.65,117,106,1749
v_coffeehouse,viewpoint,orb,1_2,2,0.7,167,152,1749
v_coffeehouse,viewpoint,orb,1_2,2,0.75,242,216,1749
v_coffeehouse,viewpoint,orb,1_2,2,0.8,355,304,1749
v_coffeehouse,viewpoint,orb,1_2,2,0.85,502,398,1749
v_coffeehouse,viewpoint,orb,1_2,2,0.9,715,493,1749
v_coffeehouse,viewpoint,orb,1_2,2,0.95,1151,628,1749
v_coffeehouse,viewpoint,orb,1_2,2,0.99,1827,722,1749
v_coffeehouse,viewpoint,orb,1_3,3,0.5,73,70,1790
v_coffeehouse,viewpoint,orb,1_3,3,0.55,125,118,1790
v_coffeehouse,viewpoint,orb,1_3,3,0.6,181,169,1790
v_coffeehouse,viewpoint,orb,1_3,3,0.65,266,241,1790
v_coffeehouse,viewpoint,orb,1_3,3,0.7,345,312,1790
v_coffeehouse,viewpoint,orb,1_3,3,0.75,431,385,1790
v_coffeehouse,viewpoint,orb,1_3,3,0.8,554,486,1790
v_coffeehouse,viewpoint,orb,1_3,3,0.85,721,591,1790
v_coffeehouse,viewpoint,orb,1_3,3,0.9,939,681,1790
v_coffeehouse,viewpoint,orb,1_3,3,0.95,1298,791,1790
v_coffeehouse,viewpoint,orb,1_3,3,0.99,1853,893,1790
v_coffeehouse,viewpoint,orb,1_4,4,0.5,37,24,1525
v_coffeehouse,viewpoint,orb,1_4,4,0.55,62,43,1525
v_coffeehouse,viewpoint,orb,1_4,4,0.6,93,63,1525
v_coffeehouse,viewpoint,orb,1_4,4,0.65,132,82,1525
v_coffeehouse,viewpoint,orb,1_4,4,0.7,179,109,1525
v_coffeehouse,viewpoint,orb,1_4,4,0.75,244,144,1525
v_coffeehouse,viewpoint,orb,1_4,4,0.8,318,180,1525
v_coffeehouse,viewpoint,orb,1_4,4,0.85,443,221,1525
v_coffeehouse,viewpoint,orb,1_4,4,0.9,685,271,1525
v_coffeehouse,viewpoint,orb,1_4,4,0.95,1114,312,1525
v_coffeehouse,viewpoint,orb,1_4,4,0.99,1821,368,1525
v_coffeehouse,viewpoint,orb,1_5,5,0.5,41,39,1781
v_coffeehouse,viewpoint,orb,1_5,5,0.55,60,58,1781
v_coffeehouse,viewpoint,orb,1_5,5,0.6,99,95,1781
v_coffeehouse,viewpoint,orb,1_5,5,0.65,152,143,1781
v_coffeehouse,viewpoint,orb,1_5,5,0.7,222,206,1781
v_coffeehouse,viewpoint,orb,1_5,5,0.75,290,270,1781
v_coffeehouse,viewpoint,orb,1_5,5,0.8,386,352,1781
v_coffeehouse,viewpoint,orb,1_5,5,0.85,532,446,1781
v_coffeehouse,viewpoint,orb,1_5,5,0.9,734,541,1781
v_coffeehouse,viewpoint,orb,1_5,5,0.95,1145,654,1781
v_coffeehouse,viewpoint,orb,1_5,5,0.99,1828,754,1781
v_coffeehouse,viewpoint,orb,1_6,6,0.5,13,12,1181
v_coffeehouse,viewpoint,orb,1_6,6,0.55,25,21,1181
v_coffeehouse,viewpoint,orb,1_6,6,0.6,34,29,1181
v_coffeehouse,viewpoint,orb,1_6,6,0.65,51,40,1181
v_coffeehouse,viewpoint,orb,1_6,6,0.7,77,56,1181
v_coffeehouse,viewpoint,orb,1_6,6,0.75,112,71,1181
v_coffeehouse,viewpoint,orb,1_6,6,0.8,167,90,1181
v_coffeehouse,viewpoint,orb,1_6,6,0.85,272,115,1181
v_coffeehouse,viewpoint,orb,1_6,6,0.9,460,151,1181
v_coffeehouse,viewpoint,orb,1_6,6,0.95,917,189,1181
v_coffeehouse,viewpoint,orb,1_6,6,0.99,1773,229,1181
v_colors,viewpoint,sift,1_2,2,0.5,41,27,174
v_colors,viewpoint,sift,1_2,2,0.55,49,29,174
v_colors,viewpoint,sift,1_2,2,0.6,62,34,174
v_colors,viewpoint,sift,1_2,2,0.65,80,40,174
v_colors,viewpoint,sift,1_2,2,0.7,100,47,174
v_colors,viewpoint,sift,1_2,2,0.75,119,52,174
v_colors,viewpoint,sift,1_2,2,0.8,144,58,174
v_colors,viewpoint,sift,1_2,2,0.85,174,66,174
v_colors,viewpoint,sift,1_2,2,0.9,209,72,174
v_colors,viewpoint,sift,1_2,2,0.95,286,79,174
v_colors,viewpoint,sift,1_2,2,0.99,368,85,174
v_colors,viewpoint,sift,1_3,3,0.5,26,10,148
v_colors,viewpoint,sift,1_3,3,0.55,32,11,148
v_colors,viewpoint,sift,1_3,3,0.6,42,17,148
v_colors,viewpoint,sift,1_3,3,0.65,63,21,148
v_colors,viewpoint,sift,1_3,3,0.7,80,25,148
v_colors,viewpoint,sift,1_3,3,0.75,100,31,148
v_colors,viewpoint,sift,1_3,3,0.8,127,37,148
v_colors,viewpoint,sift,1_3,3,0.85,166,42,148
v_colors,viewpoint,sift,1_3,3,0.9,221,51,148
v_colors,viewpoint,sift,1_3,3,0.95,288,54,148
v_colors,viewpoint,sift,1_3,3,0.99,367,56,148
v_colors,viewpoint,sift,1_4,4,0.5,5,0,65
v_colors,viewpoint,sift,1_4,4,0.55,7,0,65
v_colors,viewpoint,sift,1_4,4,0.6,11,0,65
v_colors,viewpoint,sift,1_4,4,0.65,16,0,65
v_colors,viewpoint,sift,1_4,4,0.7,31,0,65
v_colors,viewpoint,sift,1_4,4,0.75,64,1,65
v_colors,viewpoint,sift,1_4,4,0.8,89,3,65
v_colors,viewpoint,sift,1_4,4,0.85,132,4,65
v_colors,viewpoint,sift,1_4,4,0.9,178,4,65
v_colors,viewpoint,sift,1_4,4,0.95,257,6,65
v_colors,viewpoint,sift,1_4,4,0.99,368,7,65
v_colors,viewpoint,sift,1_5,5,0.5,1,0,71
v_colors,viewpoint,sift,1_5,5,0.55,6,0,71
v_colors,viewpoint,sift,1_5,5,0.6,7,0,71
v_colors,viewpoint,sift,1_5,5,0.65,16,2,71
v_colors,viewpoint,sift,1_5,5,0.7,27,2,71
v_colors,viewpoint,sift,1_5,5,0.75,47,2,71
v_colors,viewpoint,sift,1_5,5,0.8,69,2,71
v_colors,viewpoint,sift,1_5,5,0.85,110,2,71
v_colors,viewpoint,sift,1_5,5,0.9,174,4,71
v_colors,viewpoint,sift,1_5,5,0.95,273,4,71
v_colors,viewpoint,sift,1_5,5,0.99,355,4,71
v_colors,viewpoint,sift,1_6,6,0.5,2,0,41
v_colors,viewpoint,sift,1_6,6,0.55,6,0,41
v_colors,viewpoint,sift,1_6,6,0.6,11,1,41
v_colors,viewpoint,sift,1_6,6,0.65,18,2,41
v_colors,viewpoint,sift,1_6,6,0.7,25,2,41
v_colors,viewpoint,sift,1_6,6,0.75,44,2,41
v_colors,viewpoint,sift,1_6,6,0.8,77,3,41
v_colors,viewpoint,sift,1_6,6,0.85,110,4,41
v_colors,viewpoint,sift,1_6,6,0.9,174,4,41
v_colors,viewpoint,sift,1_6,6,0.95,266,4,41
v_colors,viewpoint,sift,1_6,6,0.99,359,4,41
v_colors,viewpoint,orb,1_2,2,0.5,19,17,1207
v_colors,viewpoint,orb,1_2,2,0.55,33,29,1207
v_colors,viewpoint,orb,1_2,2,0.6,53,42,1207
v_colors,viewpoint,orb,1_2,2,0.65,82,65,1207
v_colors,viewpoint,orb,1_2,2,0.7,134,107,1207
v_colors,viewpoint,orb,1_2,2,0.75,207,170,1207
v_colors,viewpoint,orb,1_2,2,0.8,300,230,1207
v_colors,viewpoint,orb,1_2,2,0.85,482,340,1207
v_colors,viewpoint,orb,1_2,2,0.9,696,459,1207
v_colors,viewpoint,orb,1_2,2,0.95,1002,592,1207
v_colors,viewpoint,orb,1_2,2,0.99,1408,708,1207
v_colors,viewpoint,orb,1_3,3,0.5,5,3,1097
v_colors,viewpoint,orb,1_3,3,0.55,10,7,1097
v_colors,viewpoint,orb,1_3,3,0.6,20,13,1097
v_colors,viewpoint,orb,1_3,3,0.65,32,21,1097
v_colors,viewpoint,orb,1_3,3,0.7,61,40,1097
v_colors,viewpoint,orb,1_3,3,0.75,107,68,1097
v_colors,viewpoint,orb,1_3,3,0.8,196,120,1097
v_colors,viewpoint,orb,1_3,3,0.85,334,188,1097
v_colors,viewpoint,orb,1_3,3,0.9,568,280,1097
v_colors,viewpoint,orb,1_3,3,0.95,947,414,1097
v_colors,viewpoint,orb,1_3,3,0.99,1406,505,1097
v_colors,viewpoint,orb,1_4,4,0.5,5,3,841
v_colors,viewpoint,orb,1_4,4,0.55,5,3,841
v_colors,viewpoint,orb,1_4,4,0.6,7,5,841
v_colors,viewpoint,orb,1_4,4,0.65,15,7,841
v_colors,viewpoint,orb,1_4,4,0.7,31,10,841
v_colors,viewpoint,orb,1_4,4,0.75,65,19,841
v_colors,viewpoint,orb,1_4,4,0.8,108,28,841
v_colors,viewpoint,orb,1_4,4,0.85,213,45,841
v_colors,viewpoint,orb,1_4,4,0.9,397,76,841
v_colors,viewpoint,orb,1_4,4,0.95,792,132,841
v_colors,viewpoint,orb,1_4,4,0.99,1396,193,841
v_colors,viewpoint,orb,1_5,5,0.5,0,0,732
v_colors,viewpoint,orb,1_5,5,0.55,0,0,732
v_colors,viewpoint,orb,1_5,5,0.6,2,1,732
v_colors,viewpoint,orb,1_5,5,0.65,4,1,732
v_colors,viewpoint,orb,1_5,5,0.7,18,3,732
v_colors,viewpoint,orb,1_5,5,0.75,39,7,732
v_colors,viewpoint,orb,1_5,5,0.8,87,19,732
v_colors,viewpoint,orb,1_5,5,0.85,170,27,732
v_colors,viewpoint,orb,1_5,5,0.9,368,41,732
v_colors,viewpoint,orb,1_5,5,0.95,775,74,732
v_colors,viewpoint,orb,1_5,5,0.99,1404,119,732
v_colors,viewpoint,orb,1_6,6,0.5,1,0,678
v_colors,viewpoint,orb,1_6,6,0.55,5,2,678
v_colors,viewpoint,orb,1_6,6,0.6,6,2,678
v_colors,viewpoint,orb,1_6,6,0.65,11,2,678
v_colors,viewpoint,orb,1_6,6,0.7,16,3,678
v_colors,viewpoint,orb,1_6,6,0.75,33,4,678
v_colors,viewpoint,orb,1_6,6,0.8,88,7,678
v_colors,viewpoint,orb,1_6,6,0.85,219,20,678
v_colors,viewpoint,orb,1_6,6,0.9,418,36,678
v_colors,viewpoint,orb,1_6,6,0.95,798,58,678
v_colors,viewpoint,orb,1_6,6,0.99,1421,85,678
v_courses,viewpoint,sift,1_2,2,0.5,1479,1445,2558
v_courses,viewpoint,sift,1_2,2,0.55,1599,1553,2558
v_courses,viewpoint,sift,1_2,2,0.6,1714,1647,2558
v_courses,viewpoint,sift,1_2,2,0.65,1824,1730,2558
v_courses,viewpoint,sift,1_2,2,0.7,1919,1787,2558
v_courses,viewpoint,sift,1_2,2,0.75,2035,1839,2558
v_courses,viewpoint,sift,1_2,2,0.8,2144,1881,2558
v_courses,viewpoint,sift,1_2,2,0.85,2310,1922,2558
v_courses,viewpoint,sift,1_2,2,0.9,2518,1952,2558
v_courses,viewpoint,sift,1_2,2,0.95,2897,1988,2558
v_courses,viewpoint,sift,1_2,2,0.99,3448,2008,2558
v_courses,viewpoint,sift,1_3,3,0.5,548,446,2004
v_courses,viewpoint,sift,1_3,3,0.55,687,557,2004
v_courses,viewpoint,sift,1_3,3,0.6,815,649,2004
v_courses,viewpoint,sift,1_3,3,0.65,939,724,2004
v_courses,viewpoint,sift,1_3,3,0.7,1079,810,2004
v_courses,viewpoint,sift,1_3,3,0.75,1240,882,2004
v_courses,viewpoint,sift,1_3,3,0.8,1419,947,2004
v_courses,viewpoint,sift,1_3,3,0.85,1665,1018,2004
v_courses,viewpoint,sift,1_3,3,0.9,1995,1066,2004
v_courses,viewpoint,sift,1_3,3,0.95,2558,1123,2004
v_courses,viewpoint,sift,1_3,3,0.99,3377,1157,2004
v_courses,viewpoint,sift,1_4,4,0.5,619,536,2118
v_courses,viewpoint,sift,1_4,4,0.55,740,633,2118
v_courses,viewpoint,sift,1_4,4,0.6,843,709,2118
v_courses,viewpoint,sift,1_4,4,0.65,978,802,2118
v_courses,viewpoint,sift,1_4,4,0.7,1138,901,2118
v_courses,viewpoint,sift,1_4,4,0.75,1285,989,2118
v_courses,viewpoint,sift,1_4,4,0.8,1462,1064,2118
v_courses,viewpoint,sift,1_4,4,0.85,1693,1136,2118
v_courses,viewpoint,sift,1_4,4,0.9,2026,1205,2118
v_courses,viewpoint,sift,1_4,4,0.95,2592,1255,2118
v_courses,viewpoint,sift,1_4,4,0.99,3395,1298,2118
v_courses,viewpoint,sift,1_5,5,0.5,165,91,1477
v_courses,viewpoint,sift,1_5,5,0.55,230,116,1477
v_courses,viewpoint,sift,1_5,5,0.6,319,152,1477
v_courses,viewpoint,sift,1_5,5,0.65,395,172,1477
v_courses,viewpoint,sift,1_5,5,0.7,500,205,1477
v_courses,viewpoint,sift,1_5,5,0.75,615,240,1477
v_courses,viewpoint,sift,1_5,5,0.8,789,284,1477
v_courses,viewpoint,sift,1_5,5,0.85,1052,324,1477
v_courses,viewpoint,sift,1_5,5,0.9,1417,359,1477
v_courses,viewpoint,sift,1_5,5,0.95,2127,398,1477
v_courses,viewpoint,sift,1_5,5,0.99,3244,432,1477
v_courses,viewpoint,sift,1_6,6,0.5,71,24,1177
v_courses,viewpoint,sift,1_6,6,0.55,98,32,1177
v_courses,viewpoint,sift,1_6,6,0.6,158,40,1177
v_courses,viewpoint,sift,1_6,6,0.65,235,63,1177
v_courses,viewpoint,sift,1_6,6,0.7,334,93,1177
v_courses,viewpoint,sift,1_6,6,0.75,448,115,1177
v_courses,viewpoint,sift,1_6,6,0.8,625,136,1177
v_courses,viewpoint,sift,1_6,6,0.85,881,153,1177
v_courses,viewpoint,sift,1_6,6,0.9,1249,177,1177
v_courses,viewpoint,sift,1_6,6,0.95,2000,198,1177
v_courses,viewpoint,sift,1_6,6,0.99,3191,219,1177
v_courses,viewpoint,orb,1_2,2,0.5,366,356,1879
v_courses,viewpoint,orb,1_2,2,0.55,495,481,1879
v_courses,viewpoint,orb,1_2,2,0.6,607,587,1879
v_courses,viewpoint,orb,1_2,2,0.65,730,693,1879
v_courses,viewpoint,orb,1_2,2,0.7,849,797,1879
v_courses,viewpoint,orb,1_2,2,0.75,968,899,1879
v_courses,viewpoint,orb,1_2,2,0.8,1129,1026,1879
v_courses,viewpoint,orb,1_2,2,0.85,1277,1126,1879
v_courses,viewpoint,orb,1_2,2,0.9,1436,1214,1879
v_courses,viewpoint,orb,1_2,2,0.95,1683,1321,1879
v_courses,viewpoint,orb,1_2,2,0.99,1934,1383,1879
v_courses,viewpoint,orb,1_3,3,0.5,47,44,1683
v_courses,viewpoint,orb,1_3,3,0.55,71,63,1683
v_courses,viewpoint,orb,1_3,3,0.6,112,94,1683
v_courses,viewpoint,orb,1_3,3,0.65,174,150,1683
v_courses,viewpoint,orb,1_3,3,0.7,242,201,1683
v_courses,viewpoint,orb,1_3,3,0.75,336,264,1683
v_courses,viewpoint,orb,1_3,3,0.8,468,352,1683
v_courses,viewpoint,orb,1_3,3,0.85,641,422,1683
v_courses,viewpoint,orb,1_3,3,0.9,871,519,1683
v_courses,viewpoint,orb,1_3,3,0.95,1293,624,1683
v_courses,viewpoint,orb,1_3,3,0.99,1859,705,1683
v_courses,viewpoint,orb,1_4,4,0.5,187,165,1630
v_courses,viewpoint,orb,1_4,4,0.55,254,224,1630
v_courses,viewpoint,orb,1_4,4,0.6,329,288,1630
v_courses,viewpoint,orb,1_4,4,0.65,414,362,1630
v_courses,viewpoint,orb,1_4,4,0.7,544,473,1630
v_courses,viewpoint,orb,1_4,4,0.75,669,570,1630
v_courses,viewpoint,orb,1_4,4,0.8,794,656,1630
v_courses,viewpoint,orb,1_4,4,0.85,943,746,1630
v_courses,viewpoint,orb,1_4,4,0.9,1169,843,1630
v_courses,viewpoint,orb,1_4,4,0.95,1476,924,1630
v_courses,viewpoint,orb,1_4,4,0.99,1884,1005,1630
v_courses,viewpoint,orb,1_5,5,0.5,37,25,1314
v_courses,viewpoint,orb,1_5,5,0.55,69,51,1314
v_courses,viewpoint,orb,1_5,5,0.6,96,65,1314
v_courses,viewpoint,orb,1_5,5,0.65,151,98,1314
v_courses,viewpoint,orb,1_5,5,0.7,217,143,1314
v_courses,viewpoint,orb,1_5,5,0.75,296,185,1314
v_courses,viewpoint,orb,1_5,5,0.8,413,233,1314
v_courses,viewpoint,orb,1_5,5,0.85,603,300,1314
v_courses,viewpoint,orb,1_5,5,0.9,822,340,1314
v_courses,viewpoint,orb,1_5,5,0.95,1257,399,1314
v_courses,viewpoint,orb,1_5,5,0.99,1851,451,1314
v_courses,viewpoint,orb,1_6,6,0.5,15,11,1131
v_courses,viewpoint,orb,1_6,6,0.55,23,15,1131
v_courses,viewpoint,orb,1_6,6,0.6,42,23,1131
v_courses,viewpoint,orb,1_6,6,0.65,81,46,1131
v_courses,viewpoint,orb,1_6,6,0.7,120,65,1131
v_courses,viewpoint,orb,1_6,6,0.75,178,90,1131
v_courses,viewpoint,orb,1_6,6,0.8,287,121,1131
v_courses,viewpoint,orb,1_6,6,0.85,440,163,1131
v_courses,viewpoint,orb,1_6,6,0.9,686,219,1131
v_courses,viewpoint,orb,1_6,6,0.95,1172,270,1131
v_courses,viewpoint,orb,1_6,6,0.99,1847,324,1131
v_dirtywall,viewpoint,sift,1_2,2,0.5,3873,3837,8986
v_dirtywall,viewpoint,sift,1_2,2,0.55,4443,4395,8986
v_dirtywall,viewpoint,sift,1_2,2,0.6,4932,4874,8986
v_dirtywall,viewpoint,sift,1_2,2,0.65,5239,5171,8986
v_dirtywall,viewpoint,sift,1_2,2,0.7,5543,5458,8986
v_dirtywall,viewpoint,sift,1_2,2,0.75,5763,5651,8986
v_dirtywall,viewpoint,sift,1_2,2,0.8,6024,5829,8986
v_dirtywall,viewpoint,sift,1_2,2,0.85,6350,5970,8986
v_dirtywall,viewpoint,sift,1_2,2,0.9,7057,6081,8986
v_dirtywall,viewpoint,sift,1_2,2,0.95,8906,6180,8986
v_dirtywall,viewpoint,sift,1_2,2,0.99,12656,6271,8986
v_dirtywall,viewpoint,sift,1_3,3,0.5,496,474,6041
v_dirtywall,viewpoint,sift,1_3,3,0.55,719,689,6041
v_dirtywall,viewpoint,sift,1_3,3,0.6,987,949,6041
v_dirtywall,viewpoint,sift,1_3,3,0.65,1316,1269,6041
v_dirtywall,viewpoint,sift,1_3,3,0.7,1609,1551,6041
v_dirtywall,viewpoint,sift,1_3,3,0.75,1937,1840,6041
v_dirtywall,viewpoint,sift,1_3,3,0.8,2277,2090,6041
v_dirtywall,viewpoint,sift,1_3,3,0.85,2813,2306,6041
v_dirtywall,viewpoint,sift,1_3,3,0.9,3946,2527,6041
v_dirtywall,viewpoint,sift,1_3,3,0.95,6714,2716,6041
v_dirtywall,viewpoint,sift,1_3,3,0.99,11976,2833,6041
v_dirtywall,viewpoint,sift,1_4,4,0.5,34,34,5411
v_dirtywall,viewpoint,sift,1_4,4,0.55,55,54,5411
v_dirtywall,viewpoint,sift,1_4,4,0.6,98,97,5411
v_dirtywall,viewpoint,sift,1_4,4,0.65,174,165,5411
v_dirtywall,viewpoint,sift,1_4,4,0.7,258,239,5411
v_dirtywall,viewpoint,sift,1_4,4,0.75,388,336,5411
v_dirtywall,viewpoint,sift,1_4,4,0.8,625,464,5411
v_dirtywall,viewpoint,sift,1_4,4,0.85,1141,614,5411
v_dirtywall,viewpoint,sift,1_4,4,0.9,2306,784,5411
v_dirtywall,viewpoint,sift,1_4,4,0.95,5494,993,5411
v_dirtywall,viewpoint,sift,1_4,4,0.99,11612,1151,5411
v_dirtywall,viewpoint,sift,1_5,5,0.5,603,601,7948
v_dirtywall,viewpoint,sift,1_5,5,0.55,859,856,7948
v_dirtywall,viewpoint,sift,1_5,5,0.6,1166,1159,7948
v_dirtywall,viewpoint,sift,1_5,5,0.65,1535,1519,7948
v_dirtywall,viewpoint,sift,1_5,5,0.7,1928,1891,7948
v_dirtywall,viewpoint,sift,1_5,5,0.75,2321,2249,7948
v_dirtywall,viewpoint,sift,1_5,5,0.8,2794,2636,7948
v_dirtywall,viewpoint,sift,1_5,5,0.85,3445,2997,7948
v_dirtywall,viewpoint,sift,1_5,5,0.9,4516,3291,7948
v_dirtywall,viewpoint,sift,1_5,5,0.95,7233,3620,7948
v_dirtywall,viewpoint,sift,1_5,5,0.99,12152,3837,7948
v_dirtywall,viewpoint,sift,1_6,6,0.5,8,8,5183
v_dirtywall,viewpoint,sift,1_6,6,0.55,25,25,5183
v_dirtywall,viewpoint,sift,1_6,6,0.6,56,56,5183
v_dirtywall,viewpoint,sift,1_6,6,0.65,96,95,5183
v_dirtywall,viewpoint,sift,1_6,6,0.7,157,148,5183
v_dirtywall,viewpoint,sift,1_6,6,0.75,262,220,5183
v_dirtywall,viewpoint,sift,1_6,6,0.8,464,320,5183
v_dirtywall,viewpoint,sift,1_6,6,0.85,930,441,5183
v_dirtywall,viewpoint,sift,1_6,6,0.9,2083,566,5183
v_dirtywall,viewpoint,sift,1_6,6,0.95,5362,728,5183
v_dirtywall,viewpoint,sift,1_6,6,0.99,11549,867,5183
v_dirtywall,viewpoint,orb,1_2,2,0.5,230,230,1600
v_dirtywall,viewpoint,orb,1_2,2,0.55,313,313,1600
v_dirtywall,viewpoint,orb,1_2,2,0.6,405,404,1600
v_dirtywall,viewpoint,orb,1_2,2,0.65,505,500,1600
v_dirtywall,viewpoint,orb,1_2,2,0.7,594,584,1600
v_dirtywall,viewpoint,orb,1_2,2,0.75,689,672,1600
v_dirtywall,viewpoint,orb,1_2,2,0.8,791,757,1600
v_dirtywall,viewpoint,orb,1_2,2,0.85,937,857,1600
v_dirtywall,viewpoint,orb,1_2,2,0.9,1100,929,1600
v_dirtywall,viewpoint,orb,1_2,2,0.95,1396,1003,1600
v_dirtywall,viewpoint,orb,1_2,2,0.99,1890,1077,1600
v_dirtywall,viewpoint,orb,1_3,3,0.5,72,70,1318
v_dirtywall,viewpoint,orb,1_3,3,0.55,112,109,1318
v_dirtywall,viewpoint,orb,1_3,3,0.6,157,151,1318
v_dirtywall,viewpoint,orb,1_3,3,0.65,218,210,1318
v_dirtywall,viewpoint,orb,1_3,3,0.7,283,273,1318
v_dirtywall,viewpoint,orb,1_3,3,0.75,370,351,1318
v_dirtywall,viewpoint,orb,1_3,3,0.8,465,419,1318
v_dirtywall,viewpoint,orb,1_3,3,0.85,585,494,1318
v_dirtywall,viewpoint,orb,1_3,3,0.9,798,575,1318
v_dirtywall,viewpoint,orb,1_3,3,0.95,1212,651,1318
v_dirtywall,viewpoint,orb,1_3,3,0.99,1838,719,1318
v_dirtywall,viewpoint,orb,1_4,4,0.5,5,5,1142
v_dirtywall,viewpoint,orb,1_4,4,0.55,13,13,1142
v_dirtywall,viewpoint,orb,1_4,4,0.6,21,21,1142
v_dirtywall,viewpoint,orb,1_4,4,0.65,42,42,1142
v_dirtywall,viewpoint,orb,1_4,4,0.7,70,68,1142
v_dirtywall,viewpoint,orb,1_4,4,0.75,103,97,1142
v_dirtywall,viewpoint,orb,1_4,4,0.8,176,150,1142
v_dirtywall,viewpoint,orb,1_4,4,0.85,290,206,1142
v_dirtywall,viewpoint,orb,1_4,4,0.9,509,254,1142
v_dirtywall,viewpoint,orb,1_4,4,0.95,997,320,1142
v_dirtywall,viewpoint,orb,1_4,4,0.99,1800,377,1142
v_dirtywall,viewpoint,orb,1_5,5,0.5,20,20,1390
v_dirtywall,viewpoint,orb,1_5,5,0.55,36,35,1390
v_dirtywall,viewpoint,orb,1_5,5,0.6,59,58,1390
v_dirtywall,viewpoint,orb,1_5,5,0.65,91,89,1390
v_dirtywall,viewpoint,orb,1_5,5,0.7,143,140,1390
v_dirtywall,viewpoint,orb,1_5,5,0.75,191,180,1390
v_dirtywall,viewpoint,orb,1_5,5,0.8,267,239,1390
v_dirtywall,viewpoint,orb,1_5,5,0.85,364,290,1390
v_dirtywall,viewpoint,orb,1_5,5,0.9,577,366,1390
v_dirtywall,viewpoint,orb,1_5,5,0.95,1042,465,1390
v_dirtywall,viewpoint,orb,1_5,5,0.99,1827,542,1390
v_dirtywall,viewpoint,orb,1_6,6,0.5,0,0,425
v_dirtywall,viewpoint,orb,1_6,6,0.55,0,0,425
v_dirtywall,viewpoint,orb,1_6,6,0.6,0,0,425
v_dirtywall,viewpoint,orb,1_6,6,0.65,1,1,425
v_dirtywall,viewpoint,orb,1_6,6,0.7,7,6,425
v_dirtywall,viewpoint,orb,1_6,6,0.75,12,6,425
v_dirtywall,viewpoint,orb,1_6,6,0.8,38,9,425
v_dirtywall,viewpoint,orb,1_6,6,0.85,108,13,425
v_dirtywall,viewpoint,orb,1_6,6,0.9,308,21,425
v_dirtywall,viewpoint,orb,1_6,6,0.95,813,33,425
v_dirtywall,viewpoint,orb,1_6,6,0.99,1795,45,425
v_dogman,viewpoint,sift,1_2,2,0.5,297,286,681
v_dogman,viewpoint,sift,1_2,2,0.55,353,339,681
v_dogman,viewpoint,sift,1_2,2,0.6,391,374,681
v_dogman,viewpoint,sift,1_2,2,0.65,440,416,681
v_dogman,viewpoint,sift,1_2,2,0.7,476,446,681
v_dogman,viewpoint,sift,1_2,2,0.75,515,468,681
v_dogman,viewpoint,sift,1_2,2,0.8,567,485,681
v_dogman,viewpoint,sift,1_2,2,0.85,627,497,681
v_dogman,viewpoint,sift,1_2,2,0.9,745,513,681
v_dogman,viewpoint,sift,1_2,2,0.95,946,523,681
v_dogman,viewpoint,sift,1_2,2,0.99,1289,529,681
v_dogman,viewpoint,sift,1_3,3,0.5,564,556,845
v_dogman,viewpoint,sift,1_3,3,0.55,597,583,845
v_dogman,viewpoint,sift,1_3,3,0.6,623,602,845
v_dogman,viewpoint,sift,1_3,3,0.65,649,615,845
v_dogman,viewpoint,sift,1_3,3,0.7,675,624,845
v_dogman,viewpoint,sift,1_3,3,0.75,705,637,845
v_dogman,viewpoint,sift,1_3,3,0.8,740,641,845
v_dogman,viewpoint,sift,1_3,3,0.85,796,648,845
v_dogman,viewpoint,sift,1_3,3,0.9,888,654,845
v_dogman,viewpoint,sift,1_3,3,0.95,1059,658,845
v_dogman,viewpoint,sift,1_3,3,0.99,1310,667,845
v_dogman,viewpoint,sift,1_4,4,0.5,19,4,431
v_dogman,viewpoint,sift,1_4,4,0.55,20,4,431
v_dogman,viewpoint,sift,1_4,4,0.6,26,9,431
v_dogman,viewpoint,sift,1_4,4,0.65,36,16,431
v_dogman,viewpoint,sift,1_4,4,0.7,49,23,431
v_dogman,viewpoint,sift,1_4,4,0.75,69,29,431
v_dogman,viewpoint,sift,1_4,4,0.8,111,44,431
v_dogman,viewpoint,sift,1_4,4,0.85,191,55,431
v_dogman,viewpoint,sift,1_4,4,0.9,349,79,431
v_dogman,viewpoint,sift,1_4,4,0.95,684,97,431
v_dogman,viewpoint,sift,1_4,4,0.99,1203,114,431
v_dogman,viewpoint,sift,1_5,5,0.5,103,100,611
v_dogman,viewpoint,sift,1_5,5,0.55,148,138,611
v_dogman,viewpoint,sift,1_5,5,0.6,181,165,611
v_dogman,viewpoint,sift,1_5,5,0.65,218,200,611
v_dogman,viewpoint,sift,1_5,5,0.7,265,237,611
v_dogman,viewpoint,sift,1_5,5,0.75,315,273,611
v_dogman,viewpoint,sift,1_5,5,0.8,372,305,611
v_dogman,viewpoint,sift,1_5,5,0.85,453,327,611
v_dogman,viewpoint,sift,1_5,5,0.9,587,346,611
v_dogman,viewpoint,sift,1_5,5,0.95,850,367,611
v_dogman,viewpoint,sift,1_5,5,0.99,1252,380,611
v_dogman,viewpoint,sift,1_6,6,0.5,10,4,327
v_dogman,viewpoint,sift,1_6,6,0.55,15,4,327
v_dogman,viewpoint,sift,1_6,6,0.6,21,5,327
v_dogman,viewpoint,sift,1_6,6,0.65,26,6,327
v_dogman,viewpoint,sift,1_6,6,0.7,34,9,327
v_dogman,viewpoint,sift,1_6,6,0.75,49,11,327
v_dogman,viewpoint,sift,1_6,6,0.8,82,14,327
v_dogman,viewpoint,sift,1_6,6,0.85,163,25,327
v_dogman,viewpoint,sift,1_6,6,0.9,303,29,327
v_dogman,viewpoint,sift,1_6,6,0.95,648,34,327
v_dogman,viewpoint,sift,1_6,6,0.99,1203,41,327
v_dogman,viewpoint,orb,1_2,2,0.5,137,132,1696
v_dogman,viewpoint,orb,1_2,2,0.55,203,195,1696
v_dogman,viewpoint,orb,1_2,2,0.6,271,260,1696
v_dogman,viewpoint,orb,1_2,2,0.65,358,341,1696
v_dogman,viewpoint,orb,1_2,2,0.7,468,436,1696
v_dogman,viewpoint,orb,1_2,2,0.75,601,552,1696
v_dogman,viewpoint,orb,1_2,2,0.8,744,664,1696
v_dogman,viewpoint,orb,1_2,2,0.85,924,791,1696
v_dogman,viewpoint,orb,1_2,2,0.9,1150,915,1696
v_dogman,viewpoint,orb,1_2,2,0.95,1494,1044,1696
v_dogman,viewpoint,orb,1_2,2,0.99,1904,1154,1696
v_dogman,viewpoint,orb,1_3,3,0.5,348,348,1886
v_dogman,viewpoint,orb,1_3,3,0.55,459,457,1886
v_dogman,viewpoint,orb,1_3,3,0.6,592,583,1886
v_dogman,viewpoint,orb,1_3,3,0.65,744,728,1886
v_dogman,viewpoint,orb,1_3,3,0.7,855,829,1886
v_dogman,viewpoint,orb,1_3,3,0.75,981,945,1886
v_dogman,viewpoint,orb,1_3,3,0.8,1105,1046,1886
v_dogman,viewpoint,orb,1_3,3,0.85,1262,1168,1886
v_dogman,viewpoint,orb,1_3,3,0.9,1429,1280,1886
v_dogman,viewpoint,orb,1_3,3,0.95,1643,1383,1886
v_dogman,viewpoint,orb,1_3,3,0.99,1925,1473,1886
v_dogman,viewpoint,orb,1_4,4,0.5,0,0,1232
v_dogman,viewpoint,orb,1_4,4,0.55,0,0,1232
v_dogman,viewpoint,orb,1_4,4,0.6,3,0,1232
v_dogman,viewpoint,orb,1_4,4,0.65,6,2,1232
v_dogman,viewpoint,orb,1_4,4,0.7,9,3,1232
v_dogman,viewpoint,orb,1_4,4,0.75,25,8,1232
v_dogman,viewpoint,orb,1_4,4,0.8,64,19,1232
v_dogman,viewpoint,orb,1_4,4,0.85,168,41,1232
v_dogman,viewpoint,orb,1_4,4,0.9,381,76,1232
v_dogman,viewpoint,orb,1_4,4,0.95,906,116,1232
v_dogman,viewpoint,orb,1_4,4,0.99,1759,166,1232
v_dogman,viewpoint,orb,1_5,5,0.5,30,27,1602
v_dogman,viewpoint,orb,1_5,5,0.55,56,51,1602
v_dogman,viewpoint,orb,1_5,5,0.6,84,73,1602
v_dogman,viewpoint,orb,1_5,5,0.65,129,113,1602
v_dogman,viewpoint,orb,1_5,5,0.7,203,165,1602
v_dogman,viewpoint,orb,1_5,5,0.75,293,232,1602
v_dogman,viewpoint,orb,1_5,5,0.8,393,303,1602
v_dogman,viewpoint,orb,1_5,5,0.85,546,398,1602
v_dogman,viewpoint,orb,1_5,5,0.9,814,512,1602
v_dogman,viewpoint,orb,1_5,5,0.95,1230,644,1602
v_dogman,viewpoint,orb,1_5,5,0.99,1851,764,1602
v_dogman,viewpoint,orb,1_6,6,0.5,4,1,971
v_dogman,viewpoint,orb,1_6,6,0.55,5,1,971
v_dogman,viewpoint,orb,1_6,6,0.6,6,1,971
v_dogman,viewpoint,orb,1_6,6,0.65,9,3,971
v_dogman,viewpoint,orb,1_6,6,0.7,17,4,971
v_dogman,viewpoint,orb,1_6,6,0.75,31,6,971
v_dogman,viewpoint,orb,1_6,6,0.8,61,10,971
v_dogman,viewpoint,orb,1_6,6,0.85,145,13,971
v_dogman,viewpoint,orb,1_6,6,0.9,359,28,971
v_dogman,viewpoint,orb,1_6,6,0.95,866,41,971
v_dogman,viewpoint,orb,1_6,6,0.99,1771,56,971
v_eastsouth,viewpoint,sift,1_2,2,0.5,1787,1785,6048
v_eastsouth,viewpoint,sift,1_2,2,0.55,2048,2045,6048
v_eastsouth,viewpoint,sift,1_2,2,0.6,2296,2292,6048
v_eastsouth,viewpoint,sift,1_2,2,0.65,2514,2502,6048
v_eastsouth,viewpoint,sift,1_2,2,0.7,2748,2721,6048
v_eastsouth,viewpoint,sift,1_2,2,0.75,2958,2900,6048
v_eastsouth,viewpoint,sift,1_2,2,0.8,3195,3069,6048
v_eastsouth,viewpoint,sift,1_2,2,0.85,3498,3197,6048
v_eastsouth,viewpoint,sift,1_2,2,0.9,4176,3330,6048
v_eastsouth,viewpoint,sift,1_2,2,0.95,5824,3433,6048
v_eastsouth,viewpoint,sift,1_2,2,0.99,8988,3514,6048
v_eastsouth,viewpoint,sift,1_3,3,0.5,1228,1228,5374
v_eastsouth,viewpoint,sift,1_3,3,0.55,1414,1412,5374
v_eastsouth,viewpoint,sift,1_3,3,0.6,1570,1567,5374
v_eastsouth,viewpoint,sift,1_3,3,0.65,1717,1705,5374
v_eastsouth,viewpoint,sift,1_3,3,0.7,1847,1828,5374
v_eastsouth,viewpoint,sift,1_3,3,0.75,1970,1928,5374
v_eastsouth,viewpoint,sift,1_3,3,0.8,2154,2037,5374
v_eastsouth,viewpoint,sift,1_3,3,0.85,2434,2125,5374
v_eastsouth,viewpoint,sift,1_3,3,0.9,3156,2207,5374
v_eastsouth,viewpoint,sift,1_3,3,0.95,5062,2300,5374
v_eastsouth,viewpoint,sift,1_3,3,0.99,8806,2368,5374
v_eastsouth,viewpoint,sift,1_4,4,0.5,793,791,4924
v_eastsouth,viewpoint,sift,1_4,4,0.55,916,912,4924
v_eastsouth,viewpoint,sift,1_4,4,0.6,1008,1004,4924
v_eastsouth,viewpoint,sift,1_4,4,0.65,1106,1100,4924
v_eastsouth,viewpoint,sift,1_4,4,0.7,1209,1194,4924
v_eastsouth,viewpoint,sift,1_4,4,0.75,1312,1272,4924
v_eastsouth,viewpoint,sift,1_4,4,0.8,1463,1332,4924
v_eastsouth,viewpoint,sift,1_4,4,0.85,1740,1399,4924
v_eastsouth,viewpoint,sift,1_4,4,0.9,2484,1473,4924
v_eastsouth,viewpoint,sift,1_4,4,0.95,4554,1531,4924
v_eastsouth,viewpoint,sift,1_4,4,0.99,8679,1585,4924
v_eastsouth,viewpoint,sift,1_5,5,0.5,699,699,4857
v_eastsouth,viewpoint,sift,1_5,5,0.55,760,759,4857
v_eastsouth,viewpoint,sift,1_5,5,0.6,814,811,4857
v_eastsouth,viewpoint,sift,1_5,5,0.65,870,861,4857
v_eastsouth,viewpoint,sift,1_5,5,0.7,919,901,4857
v_eastsouth,viewpoint,sift,1_5,5,0.75,988,943,4857
v_eastsouth,viewpoint,sift,1_5,5,0.8,1105,973,4857
v_eastsouth,viewpoint,sift,1_5,5,0.85,1356,999,4857
v_eastsouth,viewpoint,sift,1_5,5,0.9,2106,1029,4857
v_eastsouth,viewpoint,sift,1_5,5,0.95,4320,1056,4857
v_eastsouth,viewpoint,sift,1_5,5,0.99,8526,1086,4857
v_eastsouth,viewpoint,sift,1_6,6,0.5,321,321,4571
v_eastsouth,viewpoint,sift,1_6,6,0.55,364,364,4571
v_eastsouth,viewpoint,sift,1_6,6,0.6,398,397,4571
v_eastsouth,viewpoint,sift,1_6,6,0.65,443,441,4571
v_eastsouth,viewpoint,sift,1_6,6,0.7,473,466,4571
v_eastsouth,viewpoint,sift,1_6,6,0.75,529,496,4571
v_eastsouth,viewpoint,sift,1_6,6,0.8,652,526,4571
v_eastsouth,viewpoint,sift,1_6,6,0.85,905,547,4571
v_eastsouth,viewpoint,sift,1_6,6,0.9,1699,580,4571
v_eastsouth,viewpoint,sift,1_6,6,0.95,3942,598,4571
v_eastsouth,viewpoint,sift,1_6,6,0.99,8514,623,4571
v_eastsouth,viewpoint,orb,1_2,2,0.5,535,533,1622
v_eastsouth,viewpoint,orb,1_2,2,0.55,623,620,1622
v_eastsouth,viewpoint,orb,1_2,2,0.6,692,687,1622
v_eastsouth,viewpoint,orb,1_2,2,0.65,773,762,1622
v_eastsouth,viewpoint,orb,1_2,2,0.7,843,828,1622
v_eastsouth,viewpoint,orb,1_2,2,0.75,912,888,1622
v_eastsouth,viewpoint,orb,1_2,2,0.8,998,962,1622
v_eastsouth,viewpoint,orb,1_2,2,0.85,1092,1021,1622
v_eastsouth,viewpoint,orb,1_2,2,0.9,1230,1078,1622
v_eastsouth,viewpoint,orb,1_2,2,0.95,1525,1140,1622
v_eastsouth,viewpoint,orb,1_2,2,0.99,1932,1180,1622
v_eastsouth,viewpoint,orb,1_3,3,0.5,316,312,1515
v_eastsouth,viewpoint,orb,1_3,3,0.55,392,386,1515
v_eastsouth,viewpoint,orb,1_3,3,0.6,446,437,1515
v_eastsouth,viewpoint,orb,1_3,3,0.65,515,504,1515
v_eastsouth,viewpoint,orb,1_3,3,0.7,584,569,1515
v_eastsouth,viewpoint,orb,1_3,3,0.75,664,632,1515
v_eastsouth,viewpoint,orb,1_3,3,0.8,741,692,1515
v_eastsouth,viewpoint,orb,1_3,3,0.85,842,750,1515
v_eastsouth,viewpoint,orb,1_3,3,0.9,991,801,1515
v_eastsouth,viewpoint,orb,1_3,3,0.95,1331,848,1515
v_eastsouth,viewpoint,orb,1_3,3,0.99,1886,891,1515
v_eastsouth,viewpoint,orb,1_4,4,0.5,79,78,1387
v_eastsouth,viewpoint,orb,1_4,4,0.55,130,129,1387
v_eastsouth,viewpoint,orb,1_4,4,0.6,191,190,1387
v_eastsouth,viewpoint,orb,1_4,4,0.65,254,253,1387
v_eastsouth,viewpoint,orb,1_4,4,0.7,316,310,1387
v_eastsouth,viewpoint,orb,1_4,4,0.75,370,356,1387
v_eastsouth,viewpoint,orb,1_4,4,0.8,446,409,1387
v_eastsouth,viewpoint,orb,1_4,4,0.85,540,451,1387
v_eastsouth,viewpoint,orb,1_4,4,0.9,732,514,1387
v_eastsouth,viewpoint,orb,1_4,4,0.95,1146,571,1387
v_eastsouth,viewpoint,orb,1_4,4,0.99,1823,617,1387
v_eastsouth,viewpoint,orb,1_5,5,0.5,84,84,909
v_eastsouth,viewpoint,orb,1_5,5,0.55,102,102,909
v_eastsouth,viewpoint,orb,1_5,5,0.6,121,121,909
v_eastsouth,viewpoint,orb,1_5,5,0.65,138,137,909
v_eastsouth,viewpoint,orb,1_5,5,0.7,158,154,909
v_eastsouth,viewpoint,orb,1_5,5,0.75,174,163,909
v_eastsouth,viewpoint,orb,1_5,5,0.8,211,180,909
v_eastsouth,viewpoint,orb,1_5,5,0.85,304,208,909
v_eastsouth,viewpoint,orb,1_5,5,0.9,470,224,909
v_eastsouth,viewpoint,orb,1_5,5,0.95,921,241,909
v_eastsouth,viewpoint,orb,1_5,5,0.99,1786,252,909
v_eastsouth,viewpoint,orb,1_6,6,0.5,49,49,961
v_eastsouth,viewpoint,orb,1_6,6,0.55,57,57,961
v_eastsouth,viewpoint,orb,1_6,6,0.6,69,69,961
v_eastsouth,viewpoint,orb,1_6,6,0.65,88,88,961
v_eastsouth,viewpoint,orb,1_6,6,0.7,103,102,961
v_eastsouth,viewpoint,orb,1_6,6,0.75,123,117,961
v_eastsouth,viewpoint,orb,1_6,6,0.8,162,137,961
v_eastsouth,viewpoint,orb,1_6,6,0.85,248,154,961
v_eastsouth,viewpoint,orb,1_6,6,0.9,422,173,961
v_eastsouth,viewpoint,orb,1_6,6,0.95,882,198,961
v_eastsouth,viewpoint,orb,1_6,6,0.99,1774,208,961
v_feast,viewpoint,sift,1_2,2,0.5,3597,3594,9778
v_feast,viewpoint,sift,1_2,2,0.55,3960,3954,9778
v_feast,viewpoint,sift,1_2,2,0.6,4243,4232,9778
v_feast,viewpoint,sift,1_2,2,0.65,4498,4480,9778
v_feast,viewpoint,sift,1_2,2,0.7,4731,4687,9778
v_feast,viewpoint,sift,1_2,2,0.75,4958,4860,9778
v_feast,viewpoint,sift,1_2,2,0.8,5275,4994,9778
v_feast,viewpoint,sift,1_2,2,0.85,5847,5143,9778
v_feast,viewpoint,sift,1_2,2,0.9,7132,5277,9778
v_feast,viewpoint,sift,1_2,2,0.95,10304,5376,9778
v_feast,viewpoint,sift,1_2,2,0.99,16062,5474,9778
v_feast,viewpoint,sift,1_3,3,0.5,1272,1204,10103
v_feast,viewpoint,sift,1_3,3,0.55,1723,1614,10103
v_feast,viewpoint,sift,1_3,3,0.6,2225,2071,10103
v_feast,viewpoint,sift,1_3,3,0.65,2796,2568,10103
v_feast,viewpoint,sift,1_3,3,0.7,3281,2978,10103
v_feast,viewpoint,sift,1_3,3,0.75,3854,3408,10103
v_feast,viewpoint,sift,1_3,3,0.8,4462,3780,10103
v_feast,viewpoint,sift,1_3,3,0.85,5308,4109,10103
v_feast,viewpoint,sift,1_3,3,0.9,6826,4441,10103
v_feast,viewpoint,sift,1_3,3,0.95,10156,4694,10103
v_feast,viewpoint,sift,1_3,3,0.99,16004,4895,10103
v_feast,viewpoint,sift,1_4,4,0.5,162,159,9554
v_feast,viewpoint,sift,1_4,4,0.55,293,282,9554
v_feast,viewpoint,sift,1_4,4,0.6,465,444,9554
v_feast,viewpoint,sift,1_4,4,0.65,701,645,9554
v_feast,viewpoint,sift,1_4,4,0.7,992,887,9554
v_feast,viewpoint,sift,1_4,4,0.75,1374,1129,9554
v_feast,viewpoint,sift,1_4,4,0.8,1865,1394,9554
v_feast,viewpoint,sift,1_4,4,0.85,2689,1673,9554
v_feast,viewpoint,sift,1_4,4,0.9,4318,1972,9554
v_feast,viewpoint,sift,1_4,4,0.95,8238,2256,9554
v_feast,viewpoint,sift,1_4,4,0.99,15459,2450,9554
v_feast,viewpoint,sift,1_5,5,0.5,691,648,10006
v_feast,viewpoint,sift,1_5,5,0.55,1045,962,10006
v_feast,viewpoint,sift,1_5,5,0.6,1490,1363,10006
v_feast,viewpoint,sift,1_5,5,0.65,1991,1796,10006
v_feast,viewpoint,sift,1_5,5,0.7,2503,2217,10006
v_feast,viewpoint,sift,1_5,5,0.75,3029,2604,10006
v_feast,viewpoint,sift,1_5,5,0.8,3658,2984,10006
v_feast,viewpoint,sift,1_5,5,0.85,4539,3329,10006
v_feast,viewpoint,sift,1_5,5,0.9,6112,3636,10006
v_feast,viewpoint,sift,1_5,5,0.95,9694,3935,10006
v_feast,viewpoint,sift,1_5,5,0.99,15881,4131,10006
v_feast,viewpoint,sift,1_6,6,0.5,98,88,8780
v_feast,viewpoint,sift,1_6,6,0.55,204,182,8780
v_feast,viewpoint,sift,1_6,6,0.6,367,315,8780
v_feast,viewpoint,sift,1_6,6,0.65,588,495,8780
v_feast,viewpoint,sift,1_6,6,0.7,864,714,8780
v_feast,viewpoint,sift,1_6,6,0.75,1201,946,8780
v_feast,viewpoint,sift,1_6,6,0.8,1711,1209,8780
v_feast,viewpoint,sift,1_6,6,0.85,2569,1517,8780
v_feast,viewpoint,sift,1_6,6,0.9,4309,1790,8780
v_feast,viewpoint,sift,1_6,6,0.95,8239,2027,8780
v_feast,viewpoint,sift,1_6,6,0.99,15435,2238,8780
v_feast,viewpoint,orb,1_2,2,0.5,368,366,1653
v_feast,viewpoint,orb,1_2,2,0.55,445,442,1653
v_feast,viewpoint,orb,1_2,2,0.6,508,505,1653
v_feast,viewpoint,orb,1_2,2,0.65,571,565,1653
v_feast,viewpoint,orb,1_2,2,0.7,634,625,1653
v_feast,viewpoint,orb,1_2,2,0.75,704,693,1653
v_feast,viewpoint,orb,1_2,2,0.8,778,759,1653
v_feast,viewpoint,orb,1_2,2,0.85,888,842,1653
v_feast,viewpoint,orb,1_2,2,0.9,1031,902,1653
v_feast,viewpoint,orb,1_2,2,0.95,1339,991,1653
v_feast,viewpoint,orb,1_2,2,0.99,1886,1059,1653
v_feast,viewpoint,orb,1_3,3,0.5,76,72,1455
v_feast,viewpoint,orb,1_3,3,0.55,129,123,1455
v_feast,viewpoint,orb,1_3,3,0.6,171,160,1455
v_feast,viewpoint,orb,1_3,3,0.65,240,225,1455
v_feast,viewpoint,orb,1_3,3,0.7,296,275,1455
v_feast,viewpoint,orb,1_3,3,0.75,379,351,1455
v_feast,viewpoint,orb,1_3,3,0.8,476,431,1455
v_feast,viewpoint,orb,1_3,3,0.85,635,546,1455
v_feast,viewpoint,orb,1_3,3,0.9,843,644,1455
v_feast,viewpoint,orb,1_3,3,0.95,1216,735,1455
v_feast,viewpoint,orb,1_3,3,0.99,1853,813,1455
v_feast,viewpoint,orb,1_4,4,0.5,5,5,957
v_feast,viewpoint,orb,1_4,4,0.55,8,8,957
v_feast,viewpoint,orb,1_4,4,0.6,19,17,957
v_feast,viewpoint,orb,1_4,4,0.65,32,29,957
v_feast,viewpoint,orb,1_4,4,0.7,51,45,957
v_feast,viewpoint,orb,1_4,4,0.75,79,68,957
v_feast,viewpoint,orb,1_4,4,0.8,130,101,957
v_feast,viewpoint,orb,1_4,4,0.85,209,129,957
v_feast,viewpoint,orb,1_4,4,0.9,416,186,957
v_feast,viewpoint,orb,1_4,4,0.95,874,241,957
v_feast,viewpoint,orb,1_4,4,0.99,1790,293,957
v_feast,viewpoint,orb,1_5,5,0.5,65,62,1382
v_feast,viewpoint,orb,1_5,5,0.55,117,110,1382
v_feast,viewpoint,orb,1_5,5,0.6,174,165,1382
v_feast,viewpoint,orb,1_5,5,0.65,252,240,1382
v_feast,viewpoint,orb,1_5,5,0.7,329,312,1382
v_feast,viewpoint,orb,1_5,5,0.75,412,384,1382
v_feast,viewpoint,orb,1_5,5,0.8,516,464,1382
v_feast,viewpoint,orb,1_5,5,0.85,646,551,1382
v_feast,viewpoint,orb,1_5,5,0.9,828,643,1382
v_feast,viewpoint,orb,1_5,5,0.95,1219,744,1382
v_feast,viewpoint,orb,1_5,5,0.99,1833,824,1382
v_feast,viewpoint,orb,1_6,6,0.5,6,6,1162
v_feast,viewpoint,orb,1_6,6,0.55,16,13,1162
v_feast,viewpoint,orb,1_6,6,0.6,33,30,1162
v_feast,viewpoint,orb,1_6,6,0.65,59,55,1162
v_feast,viewpoint,orb,1_6,6,0.7,89,81,1162
v_feast,viewpoint,orb,1_6,6,0.75,150,128,1162
v_feast,viewpoint,orb,1_6,6,0.8,223,182,1162
v_feast,viewpoint,orb,1_6,6,0.85,346,257,1162
v_feast,viewpoint,orb,1_6,6,0.9,542,324,1162
v_feast,viewpoint,orb,1_6,6,0.95,1005,407,1162
v_feast,viewpoint,orb,1_6,6,0.99,1809,480,1162
v_fest,viewpoint,sift,1_2,2,0.5,1712,1695,5206
v_fest,viewpoint,sift,1_2,2,0.55,2109,2089,5206
v_fest,viewpoint,sift,1_2,2,0.6,2462,2435,5206
v_fest,viewpoint,sift,1_2,2,0.65,2759,2719,5206
v_fest,viewpoint,sift,1_2,2,0.7,3040,2977,5206
v_fest,viewpoint,sift,1_2,2,0.75,3287,3194,5206
v_fest,viewpoint,sift,1_2,2,0.8,3527,3350,5206
v_fest,viewpoint,sift,1_2,2,0.85,3897,3513,5206
v_fest,viewpoint,sift,1_2,2,0.9,4562,3625,5206
v_fest,viewpoint,sift,1_2,2,0.95,6010,3742,5206
v_fest,viewpoint,sift,1_2,2,0.99,8521,3836,5206
v_fest,viewpoint,sift,1_3,3,0.5,163,112,3940
v_fest,viewpoint,sift,1_3,3,0.55,241,164,3940
v_fest,viewpoint,sift,1_3,3,0.6,374,270,3940
v_fest,viewpoint,sift,1_3,3,0.65,524,383,3940
v_fest,viewpoint,sift,1_3,3,0.7,706,522,3940
v_fest,viewpoint,sift,1_3,3,0.75,916,663,3940
v_fest,viewpoint,sift,1_3,3,0.8,1223,839,3940
v_fest,viewpoint,sift,1_3,3,0.85,1717,1011,3940
v_fest,viewpoint,sift,1_3,3,0.9,2599,1151,3940
v_fest,viewpoint,sift,1_3,3,0.95,4622,1311,3940
v_fest,viewpoint,sift,1_3,3,0.99,8097,1449,3940
v_fest,viewpoint,sift,1_4,4,0.5,1202,1178,4195
v_fest,viewpoint,sift,1_4,4,0.55,1498,1464,4195
v_fest,viewpoint,sift,1_4,4,0.6,1783,1741,4195
v_fest,viewpoint,sift,1_4,4,0.65,2051,1993,4195
v_fest,viewpoint,sift,1_4,4,0.7,2309,2218,4195
v_fest,viewpoint,sift,1_4,4,0.75,2550,2404,4195
v_fest,viewpoint,sift,1_4,4,0.8,2837,2571,4195
v_fest,viewpoint,sift,1_4,4,0.85,3246,2722,4195
v_fest,viewpoint,sift,1_4,4,0.9,3972,2828,4195
v_fest,viewpoint,sift,1_4,4,0.95,5564,2921,4195
v_fest,viewpoint,sift,1_4,4,0.99,8293,2987,4195
v_fest,viewpoint,sift,1_5,5,0.5,180,172,4423
v_fest,viewpoint,sift,1_5,5,0.55,308,290,4423
v_fest,viewpoint,sift,1_5,5,0.6,448,416,4423
v_fest,viewpoint,sift,1_5,5,0.65,613,567,4423
v_fest,viewpoint,sift,1_5,5,0.7,805,719,4423
v_fest,viewpoint,sift,1_5,5,0.75,1015,881,4423
v_fest,viewpoint,sift,1_5,5,0.8,1323,1062,4423
v_fest,viewpoint,sift,1_5,5,0.85,1773,1233,4423
v_fest,viewpoint,sift,1_5,5,0.9,2649,1389,4423
v_fest,viewpoint,sift,1_5,5,0.95,4698,1576,4423
v_fest,viewpoint,sift,1_5,5,0.99,8056,1708,4423
v_fest,viewpoint,sift,1_6,6,0.5,64,54,3535
v_fest,viewpoint,sift,1_6,6,0.55,99,78,3535
v_fest,viewpoint,sift,1_6,6,0.6,152,118,3535
v_fest,viewpoint,sift,1_6,6,0.65,228,172,3535
v_fest,viewpoint,sift,1_6,6,0.7,328,248,3535
v_fest,viewpoint,sift,1_6,6,0.75,468,336,3535
v_fest,viewpoint,sift,1_6,6,0.8,706,436,3535
v_fest,viewpoint,sift,1_6,6,0.85,1085,511,3535
v_fest,viewpoint,sift,1_6,6,0.9,1992,628,3535
v_fest,viewpoint,sift,1_6,6,0.95,4124,757,3535
v_fest,viewpoint,sift,1_6,6,0.99,7865,856,3535
v_fest,viewpoint,orb,1_2,2,0.5,159,155,1457
v_fest,viewpoint,orb,1_2,2,0.55,250,242,1457
v_fest,viewpoint,orb,1_2,2,0.6,325,317,1457
v_fest,viewpoint,orb,1_2,2,0.65,418,402,1457
v_fest,viewpoint,orb,1_2,2,0.7,523,504,1457
v_fest,viewpoint,orb,1_2,2,0.75,618,597,1457
v_fest,viewpoint,orb,1_2,2,0.8,734,687,1457
v_fest,viewpoint,orb,1_2,2,0.85,877,787,1457
v_fest,viewpoint,orb,1_2,2,0.9,1064,879,1457
v_fest,viewpoint,orb,1_2,2,0.95,1366,984,1457
v_fest,viewpoint,orb,1_2,2,0.99,1883,1063,1457
v_fest,viewpoint,orb,1_3,3,0.5,9,6,1146
v_fest,viewpoint,orb,1_3,3,0.55,14,11,1146
v_fest,viewpoint,orb,1_3,3,0.6,27,23,1146
v_fest,viewpoint,orb,1_3,3,0.65,47,36,1146
v_fest,viewpoint,orb,1_3,3,0.7,71,54,1146
v_fest,viewpoint,orb,1_3,3,0.75,98,69,1146
v_fest,viewpoint,orb,1_3,3,0.8,165,102,1146
v_fest,viewpoint,orb,1_3,3,0.85,301,157,1146
v_fest,viewpoint,orb,1_3,3,0.9,532,213,1146
v_fest,viewpoint,orb,1_3,3,0.95,1014,289,1146
v_fest,viewpoint,orb,1_3,3,0.99,1811,349,1146
v_fest,viewpoint,orb,1_4,4,0.5,88,80,1269
v_fest,viewpoint,orb,1_4,4,0.55,162,151,1269
v_fest,viewpoint,orb,1_4,4,0.6,242,224,1269
v_fest,viewpoint,orb,1_4,4,0.65,323,299,1269
v_fest,viewpoint,orb,1_4,4,0.7,406,370,1269
v_fest,viewpoint,orb,1_4,4,0.75,495,445,1269
v_fest,viewpoint,orb,1_4,4,0.8,589,526,1269
v_fest,viewpoint,orb,1_4,4,0.85,744,619,1269
v_fest,viewpoint,orb,1_4,4,0.9,938,697,1269
v_fest,viewpoint,orb,1_4,4,0.95,1302,790,1269
v_fest,viewpoint,orb,1_4,4,0.99,1864,864,1269
v_fest,viewpoint,orb,1_5,5,0.5,20,16,1227
v_fest,viewpoint,orb,1_5,5,0.55,30,25,1227
v_fest,viewpoint,orb,1_5,5,0.6,44,36,1227
v_fest,viewpoint,orb,1_5,5,0.65,70,58,1227
v_fest,viewpoint,orb,1_5,5,0.7,114,90,1227
v_fest,viewpoint,orb,1_5,5,0.75,171,137,1227
v_fest,viewpoint,orb,1_5,5,0.8,257,202,1227
v_fest,viewpoint,orb,1_5,5,0.85,388,268,1227
v_fest,viewpoint,orb,1_5,5,0.9,594,340,1227
v_fest,viewpoint,orb,1_5,5,0.95,1024,435,1227
v_fest,viewpoint,orb,1_5,5,0.99,1815,516,1227
v_fest,viewpoint,orb,1_6,6,0.5,4,3,1041
v_fest,viewpoint,orb,1_6,6,0.55,12,10,1041
v_fest,viewpoint,orb,1_6,6,0.6,16,12,1041
v_fest,viewpoint,orb,1_6,6,0.65,30,22,1041
v_fest,viewpoint,orb,1_6,6,0.7,46,31,1041
v_fest,viewpoint,orb,1_6,6,0.75,71,44,1041
v_fest,viewpoint,orb,1_6,6,0.8,119,62,1041
v_fest,viewpoint,orb,1_6,6,0.85,230,86,1041
v_fest,viewpoint,orb,1_6,6,0.9,443,119,1041
v_fest,viewpoint,orb,1_6,6,0.95,933,167,1041
v_fest,viewpoint,orb,1_6,6,0.99,1782,221,1041
v_gardens,viewpoint,sift,1_2,2,0.5,440,428,3305
v_gardens,viewpoint,sift,1_2,2,0.55,571,554,3305
v_gardens,viewpoint,sift,1_2,2,0.6,708,688,3305
v_gardens,viewpoint,sift,1_2,2,0.65,864,831,3305
v_gardens,viewpoint,sift,1_2,2,0.7,1025,966,3305
v_gardens,viewpoint,sift,1_2,2,0.75,1227,1122,3305
v_gardens,viewpoint,sift,1_2,2,0.8,1474,1261,3305
v_gardens,viewpoint,sift,1_2,2,0.85,1815,1401,3305
v_gardens,viewpoint,sift,1_2,2,0.9,2351,1534,3305
v_gardens,viewpoint,sift,1_2,2,0.95,3482,1674,3305
v_gardens,viewpoint,sift,1_2,2,0.99,5319,1758,3305
v_gardens,viewpoint,sift,1_3,3,0.5,23,12,2412
v_gardens,viewpoint,sift,1_3,3,0.55,39,22,2412
v_gardens,viewpoint,sift,1_3,3,0.6,64,34,2412
v_gardens,viewpoint,sift,1_3,3,0.65,91,49,2412
v_gardens,viewpoint,sift,1_3,3,0.7,144,69,2412
v_gardens,viewpoint,sift,1_3,3,0.75,213,93,2412
v_gardens,viewpoint,sift,1_3,3,0.8,341,115,2412
v_gardens,viewpoint,sift,1_3,3,0.85,609,145,2412
v_gardens,viewpoint,sift,1_3,3,0.9,1175,179,2412
v_gardens,viewpoint,sift,1_3,3,0.95,2537,215,2412
v_gardens,viewpoint,sift,1_3,3,0.99,5071,255,2412
v_gardens,viewpoint,sift,1_4,4,0.5,1008,999,3925
v_gardens,viewpoint,sift,1_4,4,0.55,1263,1251,3925
v_gardens,viewpoint,sift,1_4,4,0.6,1495,1475,3925
v_gardens,viewpoint,sift,1_4,4,0.65,1711,1682,3925
v_gardens,viewpoint,sift,1_4,4,0.7,1909,1856,3925
v_gardens,viewpoint,sift,1_4,4,0.75,2129,2045,3925
v_gardens,viewpoint,sift,1_4,4,0.8,2363,2204,3925
v_gardens,viewpoint,sift,1_4,4,0.85,2660,2343,3925
v_gardens,viewpoint,sift,1_4,4,0.9,3112,2460,3925
v_gardens,viewpoint,sift,1_4,4,0.95,4016,2559,3925
v_gardens,viewpoint,sift,1_4,4,0.99,5546,2655,3925
v_gardens,viewpoint,sift,1_5,5,0.5,38,35,2874
v_gardens,viewpoint,sift,1_5,5,0.55,58,49,2874
v_gardens,viewpoint,sift,1_5,5,0.6,88,70,2874
v_gardens,viewpoint,sift,1_5,5,0.65,138,108,2874
v_gardens,viewpoint,sift,1_5,5,0.7,186,139,2874
v_gardens,viewpoint,sift,1_5,5,0.75,272,190,2874
v_gardens,viewpoint,sift,1_5,5,0.8,409,245,2874
v_gardens,viewpoint,sift,1_5,5,0.85,688,316,2874
v_gardens,viewpoint,sift,1_5,5,0.9,1264,392,2874
v_gardens,viewpoint,sift,1_5,5,0.95,2645,493,2874
v_gardens,viewpoint,sift,1_5,5,0.99,5096,586,2874
v_gardens,viewpoint,sift,1_6,6,0.5,1058,1047,3459
v_gardens,viewpoint,sift,1_6,6,0.55,1287,1273,3459
v_gardens,viewpoint,sift,1_6,6,0.6,1502,1481,3459
v_gardens,viewpoint,sift,1_6,6,0.65,1678,1650,3459
v_gardens,viewpoint,sift,1_6,6,0.7,1866,1806,3459
v_gardens,viewpoint,sift,1_6,6,0.75,2045,1937,3459
v_gardens,viewpoint,sift,1_6,6,0.8,2234,2054,3459
v_gardens,viewpoint,sift,1_6,6,0.85,2537,2196,3459
v_gardens,viewpoint,sift,1_6,6,0.9,3004,2276,3459
v_gardens,viewpoint,sift,1_6,6,0.95,3963,2364,3459
v_gardens,viewpoint,sift,1_6,6,0.99,5527,2421,3459
v_gardens,viewpoint,orb,1_2,2,0.5,60,55,1552
v_gardens,viewpoint,orb,1_2,2,0.55,96,88,1552
v_gardens,viewpoint,orb,1_2,2,0.6,144,128,1552
v_gardens,viewpoint,orb,1_2,2,0.65,196,175,1552
v_gardens,viewpoint,orb,1_2,2,0.7,258,229,1552
v_gardens,viewpoint,orb,1_2,2,0.75,339,297,1552
v_gardens,viewpoint,orb,1_2,2,0.8,461,377,1552
v_gardens,viewpoint,orb,1_2,2,0.85,620,474,1552
v_gardens,viewpoint,orb,1_2,2,0.9,853,585,1552
v_gardens,viewpoint,orb,1_2,2,0.95,1267,705,1552
v_gardens,viewpoint,orb,1_2,2,0.99,1856,806,1552
v_gardens,viewpoint,orb,1_3,3,0.5,2,1,1024
v_gardens,viewpoint,orb,1_3,3,0.55,4,1,1024
v_gardens,viewpoint,orb,1_3,3,0.6,4,1,1024
v_gardens,viewpoint,orb,1_3,3,0.65,7,1,1024
v_gardens,viewpoint,orb,1_3,3,0.7,17,6,1024
v_gardens,viewpoint,orb,1_3,3,0.75,26,9,1024
v_gardens,viewpoint,orb,1_3,3,0.8,60,14,1024
v_gardens,viewpoint,orb,1_3,3,0.85,139,27,1024
v_gardens,viewpoint,orb,1_3,3,0.9,356,48,1024
v_gardens,viewpoint,orb,1_3,3,0.95,885,100,1024
v_gardens,viewpoint,orb,1_3,3,0.99,1777,139,1024
v_gardens,viewpoint,orb,1_4,4,0.5,155,152,1631
v_gardens,viewpoint,orb,1_4,4,0.55,215,212,1631
v_gardens,viewpoint,orb,1_4,4,0.6,275,268,1631
v_gardens,viewpoint,orb,1_4,4,0.65,372,362,1631
v_gardens,viewpoint,orb,1_4,4,0.7,459,444,1631
v_gardens,viewpoint,orb,1_4,4,0.75,579,551,1631
v_gardens,viewpoint,orb,1_4,4,0.8,704,656,1631
v_gardens,viewpoint,orb,1_4,4,0.85,869,777,1631
v_gardens,viewpoint,orb,1_4,4,0.9,1036,882,1631
v_gardens,viewpoint,orb,1_4,4,0.95,1376,1029,1631
v_gardens,viewpoint,orb,1_4,4,0.99,1874,1132,1631
v_gardens,viewpoint,orb,1_5,5,0.5,2,1,1168
v_gardens,viewpoint,orb,1_5,5,0.55,3,2,1168
v_gardens,viewpoint,orb,1_5,5,0.6,7,4,1168
v_gardens,viewpoint,orb,1_5,5,0.65,11,6,1168
v_gardens,viewpoint,orb,1_5,5,0.7,23,12,1168
v_gardens,viewpoint,orb,1_5,5,0.75,46,20,1168
v_gardens,viewpoint,orb,1_5,5,0.8,85,27,1168
v_gardens,viewpoint,orb,1_5,5,0.85,189,54,1168
v_gardens,viewpoint,orb,1_5,5,0.9,381,78,1168
v_gardens,viewpoint,orb,1_5,5,0.95,883,125,1168
v_gardens,viewpoint,orb,1_5,5,0.99,1787,180,1168
v_gardens,viewpoint,orb,1_6,6,0.5,150,144,1619
v_gardens,viewpoint,orb,1_6,6,0.55,242,232,1619
v_gardens,viewpoint,orb,1_6,6,0.6,332,318,1619
v_gardens,viewpoint,orb,1_6,6,0.65,439,418,1619
v_gardens,viewpoint,orb,1_6,6,0.7,555,523,1619
v_gardens,viewpoint,orb,1_6,6,0.75,674,632,1619
v_gardens,viewpoint,orb,1_6,6,0.8,807,741,1619
v_gardens,viewpoint,orb,1_6,6,0.85,943,842,1619
v_gardens,viewpoint,orb,1_6,6,0.9,1166,975,1619
v_gardens,viewpoint,orb,1_6,6,0.95,1465,1085,1619
v_gardens,viewpoint,orb,1_6,6,0.99,1900,1174,1619
v_grace,viewpoint,sift,1_2,2,0.5,1091,1063,2771
v_grace,viewpoint,sift,1_2,2,0.55,1265,1224,2771
v_grace,viewpoint,sift,1_2,2,0.6,1397,1342,2771
v_grace,viewpoint,sift,1_2,2,0.65,1558,1476,2771
v_grace,viewpoint,sift,1_2,2,0.7,1711,1579,2771
v_grace,viewpoint,sift,1_2,2,0.75,1887,1679,2771
v_grace,viewpoint,sift,1_2,2,0.8,2061,1756,2771
v_grace,viewpoint,sift,1_2,2,0.85,2333,1838,2771
v_grace,viewpoint,sift,1_2,2,0.9,2681,1904,2771
v_grace,viewpoint,sift,1_2,2,0.95,3276,1978,2771
v_grace,viewpoint,sift,1_2,2,0.99,4001,2021,2771
v_grace,viewpoint,sift,1_3,3,0.5,518,499,2611
v_grace,viewpoint,sift,1_3,3,0.55,644,612,2611
v_grace,viewpoint,sift,1_3,3,0.6,803,747,2611
v_grace,viewpoint,sift,1_3,3,0.65,961,868,2611
v_grace,viewpoint,sift,1_3,3,0.7,1133,982,2611
v_grace,viewpoint,sift,1_3,3,0.75,1310,1085,2611
v_grace,viewpoint,sift,1_3,3,0.8,1528,1166,2611
v_grace,viewpoint,sift,1_3,3,0.85,1867,1249,2611
v_grace,viewpoint,sift,1_3,3,0.9,2308,1315,2611
v_grace,viewpoint,sift,1_3,3,0.95,3015,1394,2611
v_grace,viewpoint,sift,1_3,3,0.99,3939,1460,2611
v_grace,viewpoint,sift,1_4,4,0.5,180,168,2313
v_grace,viewpoint,sift,1_4,4,0.55,238,210,2313
v_grace,viewpoint,sift,1_4,4,0.6,328,271,2313
v_grace,viewpoint,sift,1_4,4,0.65,428,330,2313
v_grace,viewpoint,sift,1_4,4,0.7,568,416,2313
v_grace,viewpoint,sift,1_4,4,0.75,766,505,2313
v_grace,viewpoint,sift,1_4,4,0.8,998,589,2313
v_grace,viewpoint,sift,1_4,4,0.85,1329,666,2313
v_grace,viewpoint,sift,1_4,4,0.9,1855,747,2313
v_grace,viewpoint,sift,1_4,4,0.95,2707,836,2313
v_grace,viewpoint,sift,1_4,4,0.99,3870,888,2313
v_grace,viewpoint,sift,1_5,5,0.5,38,17,2016
v_grace,viewpoint,sift,1_5,5,0.55,60,27,2016
v_grace,viewpoint,sift,1_5,5,0.6,92,44,2016
v_grace,viewpoint,sift,1_5,5,0.65,162,67,2016
v_grace,viewpoint,sift,1_5,5,0.7,249,95,2016
v_grace,viewpoint,sift,1_5,5,0.75,402,132,2016
v_grace,viewpoint,sift,1_5,5,0.8,598,175,2016
v_grace,viewpoint,sift,1_5,5,0.85,918,211,2016
v_grace,viewpoint,sift,1_5,5,0.9,1479,254,2016
v_grace,viewpoint,sift,1_5,5,0.95,2442,299,2016
v_grace,viewpoint,sift,1_5,5,0.99,3777,341,2016
v_grace,viewpoint,sift,1_6,6,0.5,7,1,1580
v_grace,viewpoint,sift,1_6,6,0.55,15,2,1580
v_grace,viewpoint,sift,1_6,6,0.6,42,5,1580
v_grace,viewpoint,sift,1_6,6,0.65,73,7,1580
v_grace,viewpoint,sift,1_6,6,0.7,121,8,1580
v_grace,viewpoint,sift,1_6,6,0.75,221,10,1580
v_grace,viewpoint,sift,1_6,6,0.8,383,14,1580
v_grace,viewpoint,sift,1_6,6,0.85,643,24,1580
v_grace,viewpoint,sift,1_6,6,0.9,1210,35,1580
v_grace,viewpoint,sift,1_6,6,0.95,2230,57,1580
v_grace,viewpoint,sift,1_6,6,0.99,3756,73,1580
v_grace,viewpoint,orb,1_2,2,0.5,281,264,1752
v_grace,viewpoint,orb,1_2,2,0.55,381,347,1752
v_grace,viewpoint,orb,1_2,2,0.6,487,444,1752
v_grace,viewpoint,orb,1_2,2,0.65,610,540,1752
v_grace,viewpoint,orb,1_2,2,0.7,723,629,1752
v_grace,viewpoint,orb,1_2,2,0.75,851,718,1752
v_grace,viewpoint,orb,1_2,2,0.8,971,784,1752
v_grace,viewpoint,orb,1_2,2,0.85,1115,858,1752
v_grace,viewpoint,orb,1_2,2,0.9,1331,962,1752
v_grace,viewpoint,orb,1_2,2,0.95,1612,1046,1752
v_grace,viewpoint,orb,1_2,2,0.99,1921,1112,1752
v_grace,viewpoint,orb,1_3,3,0.5,80,74,1627
v_grace,viewpoint,orb,1_3,3,0.55,120,110,1627
v_grace,viewpoint,orb,1_3,3,0.6,187,159,1627
v_grace,viewpoint,orb,1_3,3,0.65,254,210,1627
v_grace,viewpoint,orb,1_3,3,0.7,359,285,1627
v_grace,viewpoint,orb,1_3,3,0.75,455,342,1627
v_grace,viewpoint,orb,1_3,3,0.8,621,431,1627
v_grace,viewpoint,orb,1_3,3,0.85,806,531,1627
v_grace,viewpoint,orb,1_3,3,0.9,1056,629,1627
v_grace,viewpoint,orb,1_3,3,0.95,1439,735,1627
v_grace,viewpoint,orb,1_3,3,0.99,1884,815,1627
v_grace,viewpoint,orb,1_4,4,0.5,15,8,1428
v_grace,viewpoint,orb,1_4,4,0.55,35,22,1428
v_grace,viewpoint,orb,1_4,4,0.6,56,34,1428
v_grace,viewpoint,orb,1_4,4,0.65,93,58,1428
v_grace,viewpoint,orb,1_4,4,0.7,147,91,1428
v_grace,viewpoint,orb,1_4,4,0.75,223,128,1428
v_grace,viewpoint,orb,1_4,4,0.8,333,174,1428
v_grace,viewpoint,orb,1_4,4,0.85,505,227,1428
v_grace,viewpoint,orb,1_4,4,0.9,771,286,1428
v_grace,viewpoint,orb,1_4,4,0.95,1201,370,1428
v_grace,viewpoint,orb,1_4,4,0.99,1831,452,1428
v_grace,viewpoint,orb,1_5,5,0.5,5,0,1134
v_grace,viewpoint,orb,1_5,5,0.55,14,1,1134
v_grace,viewpoint,orb,1_5,5,0.6,25,2,1134
v_grace,viewpoint,orb,1_5,5,0.65,45,6,1134
v_grace,viewpoint,orb,1_5,5,0.7,77,8,1134
v_grace,viewpoint,orb,1_5,5,0.75,122,12,1134
v_grace,viewpoint,orb,1_5,5,0.8,211,28,1134
v_grace,viewpoint,orb,1_5,5,0.85,367,41,1134
v_grace,viewpoint,orb,1_5,5,0.9,623,70,1134
v_grace,viewpoint,orb,1_5,5,0.95,1090,95,1134
v_grace,viewpoint,orb,1_5,5,0.99,1810,118,1134
v_grace,viewpoint,orb,1_6,6,0.5,0,0,888
v_grace,viewpoint,orb,1_6,6,0.55,2,1,888
v_grace,viewpoint,orb,1_6,6,0.6,4,1,888
v_grace,viewpoint,orb,1_6,6,0.65,4,1,888
v_grace,viewpoint,orb,1_6,6,0.7,19,2,888
v_grace,viewpoint,orb,1_6,6,0.75,36,3,888
v_grace,viewpoint,orb,1_6,6,0.8,95,9,888
v_grace,viewpoint,orb,1_6,6,0.85,190,12,888
v_grace,viewpoint,orb,1_6,6,0.9,418,18,888
v_grace,viewpoint,orb,1_6,6,0.95,918,26,888
v_grace,viewpoint,orb,1_6,6,0.99,1773,37,888
v_graffiti,viewpoint,sift,1_2,2,0.5,764,760,1477
v_graffiti,viewpoint,sift,1_2,2,0.55,836,828,1477
v_graffiti,viewpoint,sift,1_2,2,0.6,909,898,1477
v_graffiti,viewpoint,sift,1_2,2,0.65,976,955,1477
v_graffiti,viewpoint,sift,1_2,2,0.7,1030,990,1477
v_graffiti,viewpoint,sift,1_2,2,0.75,1099,1023,1477
v_graffiti,viewpoint,sift,1_2,2,0.8,1179,1056,1477
v_graffiti,viewpoint,sift,1_2,2,0.85,1291,1080,1477
v_graffiti,viewpoint,sift,1_2,2,0.9,1516,1099,1477
v_graffiti,viewpoint,sift,1_2,2,0.95,1907,1122,1477
v_graffiti,viewpoint,sift,1_2,2,0.99,2466,1140,1477
v_graffiti,viewpoint,sift,1_3,3,0.5,75,64,1388
v_graffiti,viewpoint,sift,1_3,3,0.55,126,108,1388
v_graffiti,viewpoint,sift,1_3,3,0.6,196,164,1388
v_graffiti,viewpoint,sift,1_3,3,0.65,284,234,1388
v_graffiti,viewpoint,sift,1_3,3,0.7,378,300,1388
v_graffiti,viewpoint,sift,1_3,3,0.75,520,384,1388
v_graffiti,viewpoint,sift,1_3,3,0.8,675,456,1388
v_graffiti,viewpoint,sift,1_3,3,0.85,878,533,1388
v_graffiti,viewpoint,sift,1_3,3,0.9,1158,601,1388
v_graffiti,viewpoint,sift,1_3,3,0.95,1701,668,1388
v_graffiti,viewpoint,sift,1_3,3,0.99,2394,709,1388
v_graffiti,viewpoint,sift,1_4,4,0.5,3,3,1034
v_graffiti,viewpoint,sift,1_4,4,0.55,11,9,1034
v_graffiti,viewpoint,sift,1_4,4,0.6,24,14,1034
v_graffiti,viewpoint,sift,1_4,4,0.65,45,21,1034
v_graffiti,viewpoint,sift,1_4,4,0.7,79,34,1034
v_graffiti,viewpoint,sift,1_4,4,0.75,139,50,1034
v_graffiti,viewpoint,sift,1_4,4,0.8,231,74,1034
v_graffiti,viewpoint,sift,1_4,4,0.85,392,103,1034
v_graffiti,viewpoint,sift,1_4,4,0.9,719,141,1034
v_graffiti,viewpoint,sift,1_4,4,0.95,1351,175,1034
v_graffiti,viewpoint,sift,1_4,4,0.99,2307,224,1034
v_graffiti,viewpoint,sift,1_5,5,0.5,1,0,806
v_graffiti,viewpoint,sift,1_5,5,0.55,4,0,806
v_graffiti,viewpoint,sift,1_5,5,0.6,10,1,806
v_graffiti,viewpoint,sift,1_5,5,0.65,15,1,806
v_graffiti,viewpoint,sift,1_5,5,0.7,30,1,806
v_graffiti,viewpoint,sift,1_5,5,0.75,87,2,806
v_graffiti,viewpoint,sift,1_5,5,0.8,155,6,806
v_graffiti,viewpoint,sift,1_5,5,0.85,289,7,806
v_graffiti,viewpoint,sift,1_5,5,0.9,577,15,806
v_graffiti,viewpoint,sift,1_5,5,0.95,1209,29,806
v_graffiti,viewpoint,sift,1_5,5,0.99,2242,42,806
v_graffiti,viewpoint,sift,1_6,6,0.5,2,0,875
v_graffiti,viewpoint,sift,1_6,6,0.55,4,0,875
v_graffiti,viewpoint,sift,1_6,6,0.6,7,0,875
v_graffiti,viewpoint,sift,1_6,6,0.65,15,0,875
v_graffiti,viewpoint,sift,1_6,6,0.7,26,1,875
v_graffiti,viewpoint,sift,1_6,6,0.75,49,1,875
v_graffiti,viewpoint,sift,1_6,6,0.8,104,1,875
v_graffiti,viewpoint,sift,1_6,6,0.85,223,2,875
v_graffiti,viewpoint,sift,1_6,6,0.9,483,4,875
v_graffiti,viewpoint,sift,1_6,6,0.95,1141,7,875
v_graffiti,viewpoint,sift,1_6,6,0.99,2263,10,875
v_graffiti,viewpoint,orb,1_2,2,0.5,198,193,1677
v_graffiti,viewpoint,orb,1_2,2,0.55,302,294,1677
v_graffiti,viewpoint,orb,1_2,2,0.6,393,382,1677
v_graffiti,viewpoint,orb,1_2,2,0.65,497,481,1677
v_graffiti,viewpoint,orb,1_2,2,0.7,602,579,1677
v_graffiti,viewpoint,orb,1_2,2,0.75,716,680,1677
v_graffiti,viewpoint,orb,1_2,2,0.8,865,803,1677
v_graffiti,viewpoint,orb,1_2,2,0.85,1040,936,1677
v_graffiti,viewpoint,orb,1_2,2,0.9,1232,1040,1677
v_graffiti,viewpoint,orb,1_2,2,0.95,1500,1137,1677
v_graffiti,viewpoint,orb,1_2,2,0.99,1903,1212,1677
v_graffiti,viewpoint,orb,1_3,3,0.5,13,11,1538
v_graffiti,viewpoint,orb,1_3,3,0.55,23,19,1538
v_graffiti,viewpoint,orb,1_3,3,0.6,44,33,1538
v_graffiti,viewpoint,orb,1_3,3,0.65,78,58,1538
v_graffiti,viewpoint,orb,1_3,3,0.7,128,94,1538
v_graffiti,viewpoint,orb,1_3,3,0.75,193,144,1538
v_graffiti,viewpoint,orb,1_3,3,0.8,286,193,1538
v_graffiti,viewpoint,orb,1_3,3,0.85,435,271,1538
v_graffiti,viewpoint,orb,1_3,3,0.9,701,363,1538
v_graffiti,viewpoint,orb,1_3,3,0.95,1146,483,1538
v_graffiti,viewpoint,orb,1_3,3,0.99,1810,583,1538
v_graffiti,viewpoint,orb,1_4,4,0.5,0,0,1252
v_graffiti,viewpoint,orb,1_4,4,0.55,0,0,1252
v_graffiti,viewpoint,orb,1_4,4,0.6,0,0,1252
v_graffiti,viewpoint,orb,1_4,4,0.65,9,2,1252
v_graffiti,viewpoint,orb,1_4,4,0.7,17,7,1252
v_graffiti,viewpoint,orb,1_4,4,0.75,46,13,1252
v_graffiti,viewpoint,orb,1_4,4,0.8,94,25,1252
v_graffiti,viewpoint,orb,1_4,4,0.85,212,51,1252
v_graffiti,viewpoint,orb,1_4,4,0.9,458,94,1252
v_graffiti,viewpoint,orb,1_4,4,0.95,982,148,1252
v_graffiti,viewpoint,orb,1_4,4,0.99,1816,202,1252
v_graffiti,viewpoint,orb,1_5,5,0.5,0,0,1044
v_graffiti,viewpoint,orb,1_5,5,0.55,0,0,1044
v_graffiti,viewpoint,orb,1_5,5,0.6,0,0,1044
v_graffiti,viewpoint,orb,1_5,5,0.65,4,0,1044
v_graffiti,viewpoint,orb,1_5,5,0.7,6,0,1044
v_graffiti,viewpoint,orb,1_5,5,0.75,16,1,1044
v_graffiti,viewpoint,orb,1_5,5,0.8,42,3,1044
v_graffiti,viewpoint,orb,1_5,5,0.85,114,7,1044
v_graffiti,viewpoint,orb,1_5,5,0.9,341,14,1044
v_graffiti,viewpoint,orb,1_5,5,0.95,906,23,1044
v_graffiti,viewpoint,orb,1_5,5,0.99,1778,33,1044
v_graffiti,viewpoint,orb,1_6,6,0.5,1,0,975
v_graffiti,viewpoint,orb,1_6,6,0.55,2,0,975
v_graffiti,viewpoint,orb,1_6,6,0.6,2,0,975
v_graffiti,viewpoint,orb,1_6,6,0.65,2,0,975
v_graffiti,viewpoint,orb,1_6,6,0.7,4,0,975
v_graffiti,viewpoint,orb,1_6,6,0.75,14,0,975
v_graffiti,viewpoint,orb,1_6,6,0.8,33,0,975
v_graffiti,viewpoint,orb,1_6,6,0.85,121,0,975
v_graffiti,viewpoint,orb,1_6,6,0.9,323,1,975
v_graffiti,viewpoint,orb,1_6,6,0.95,836,4,975
v_graffiti,viewpoint,orb,1_6,6,0.99,1794,9,975
v_home,viewpoint,sift,1_2,2,0.5,345,341,4223
v_home,viewpoint,sift,1_2,2,0.55,471,461,4223
v_home,viewpoint,sift,1_2,2,0.6,594,575,4223
v_home,viewpoint,sift,1_2,2,0.65,742,706,4223
v_home,viewpoint,sift,1_2,2,0.7,916,845,4223
v_home,viewpoint,sift,1_2,2,0.75,1130,1004,4223
v_home,viewpoint,sift,1_2,2,0.8,1407,1147,4223
v_home,viewpoint,sift,1_2,2,0.85,1785,1308,4223
v_home,viewpoint,sift,1_2,2,0.9,2450,1459,4223
v_home,viewpoint,sift,1_2,2,0.95,3823,1605,4223
v_home,viewpoint,sift,1_2,2,0.99,6237,1712,4223
v_home,viewpoint,sift,1_3,3,0.5,63,59,3034
v_home,viewpoint,sift,1_3,3,0.55,100,94,3034
v_home,viewpoint,sift,1_3,3,0.6,146,132,3034
v_home,viewpoint,sift,1_3,3,0.65,203,174,3034
v_home,viewpoint,sift,1_3,3,0.7,294,231,3034
v_home,viewpoint,sift,1_3,3,0.75,427,303,3034
v_home,viewpoint,sift,1_3,3,0.8,602,371,3034
v_home,viewpoint,sift,1_3,3,0.85,918,443,3034
v_home,viewpoint,sift,1_3,3,0.9,1558,514,3034
v_home,viewpoint,sift,1_3,3,0.95,3198,601,3034
v_home,viewpoint,sift,1_3,3,0.99,5983,672,3034
v_home,viewpoint,sift,1_4,4,0.5,498,489,4139
v_home,viewpoint,sift,1_4,4,0.55,644,625,4139
v_home,viewpoint,sift,1_4,4,0.6,782,752,4139
v_home,viewpoint,sift,1_4,4,0.65,933,894,4139
v_home,viewpoint,sift,1_4,4,0.7,1097,1022,4139
v_home,viewpoint,sift,1_4,4,0.75,1261,1141,4139
v_home,viewpoint,sift,1_4,4,0.8,1470,1252,4139
v_home,viewpoint,sift,1_4,4,0.85,1803,1387,4139
v_home,viewpoint,sift,1_4,4,0.9,2415,1511,4139
v_home,viewpoint,sift,1_4,4,0.95,3808,1645,4139
v_home,viewpoint,sift,1_4,4,0.99,6108,1743,4139
v_home,viewpoint,sift,1_5,5,0.5,9,2,2759
v_home,viewpoint,sift,1_5,5,0.55,19,5,2759
v_home,viewpoint,sift,1_5,5,0.6,48,14,2759
v_home,viewpoint,sift,1_5,5,0.65,86,34,2759
v_home,viewpoint,sift,1_5,5,0.7,149,57,2759
v_home,viewpoint,sift,1_5,5,0.75,265,93,2759
v_home,viewpoint,sift,1_5,5,0.8,418,128,2759
v_home,viewpoint,sift,1_5,5,0.85,719,183,2759
v_home,viewpoint,sift,1_5,5,0.9,1397,251,2759
v_home,viewpoint,sift,1_5,5,0.95,3038,315,2759
v_home,viewpoint,sift,1_5,5,0.99,5929,394,2759
v_home,viewpoint,sift,1_6,6,0.5,1764,1759,4475
v_home,viewpoint,sift,1_6,6,0.55,1953,1946,4475
v_home,viewpoint,sift,1_6,6,0.6,2112,2096,4475
v_home,viewpoint,sift,1_6,6,0.65,2276,2244,4475
v_home,viewpoint,sift,1_6,6,0.7,2424,2373,4475
v_home,viewpoint,sift,1_6,6,0.75,2590,2499,4475
v_home,viewpoint,sift,1_6,6,0.8,2781,2592,4475
v_home,viewpoint,sift,1_6,6,0.85,3074,2687,4475
v_home,viewpoint,sift,1_6,6,0.9,3646,2772,4475
v_home,viewpoint,sift,1_6,6,0.95,4678,2829,4475
v_home,viewpoint,sift,1_6,6,0.99,6417,2880,4475
v_home,viewpoint,orb,1_2,2,0.5,35,33,1740
v_home,viewpoint,orb,1_2,2,0.55,60,54,1740
v_home,viewpoint,orb,1_2,2,0.6,94,87,1740
v_home,viewpoint,orb,1_2,2,0.65,138,129,1740
v_home,viewpoint,orb,1_2,2,0.7,189,174,1740
v_home,viewpoint,orb,1_2,2,0.75,258,228,1740
v_home,viewpoint,orb,1_2,2,0.8,336,282,1740
v_home,viewpoint,orb,1_2,2,0.85,479,360,1740
v_home,viewpoint,orb,1_2,2,0.9,739,457,1740
v_home,viewpoint,orb,1_2,2,0.95,1170,569,1740
v_home,viewpoint,orb,1_2,2,0.99,1817,657,1740
v_home,viewpoint,orb,1_3,3,0.5,5,3,1594
v_home,viewpoint,orb,1_3,3,0.55,13,7,1594
v_home,viewpoint,orb,1_3,3,0.6,23,14,1594
v_home,viewpoint,orb,1_3,3,0.65,38,22,1594
v_home,viewpoint,orb,1_3,3,0.7,59,35,1594
v_home,viewpoint,orb,1_3,3,0.75,107,58,1594
v_home,viewpoint,orb,1_3,3,0.8,156,74,1594
v_home,viewpoint,orb,1_3,3,0.85,296,107,1594
v_home,viewpoint,orb,1_3,3,0.9,531,151,1594
v_home,viewpoint,orb,1_3,3,0.95,1026,202,1594
v_home,viewpoint,orb,1_3,3,0.99,1829,247,1594
v_home,viewpoint,orb,1_4,4,0.5,35,32,1710
v_home,viewpoint,orb,1_4,4,0.55,66,61,1710
v_home,viewpoint,orb,1_4,4,0.6,111,103,1710
v_home,viewpoint,orb,1_4,4,0.65,167,153,1710
v_home,viewpoint,orb,1_4,4,0.7,232,210,1710
v_home,viewpoint,orb,1_4,4,0.75,318,278,1710
v_home,viewpoint,orb,1_4,4,0.8,439,366,1710
v_home,viewpoint,orb,1_4,4,0.85,581,453,1710
v_home,viewpoint,orb,1_4,4,0.9,822,547,1710
v_home,viewpoint,orb,1_4,4,0.95,1240,659,1710
v_home,viewpoint,orb,1_4,4,0.99,1834,741,1710
v_home,viewpoint,orb,1_5,5,0.5,0,0,1298
v_home,viewpoint,orb,1_5,5,0.55,1,0,1298
v_home,viewpoint,orb,1_5,5,0.6,4,1,1298
v_home,viewpoint,orb,1_5,5,0.65,11,3,1298
v_home,viewpoint,orb,1_5,5,0.7,20,8,1298
v_home,viewpoint,orb,1_5,5,0.75,43,14,1298
v_home,viewpoint,orb,1_5,5,0.8,91,25,1298
v_home,viewpoint,orb,1_5,5,0.85,180,36,1298
v_home,viewpoint,orb,1_5,5,0.9,358,51,1298
v_home,viewpoint,orb,1_5,5,0.95,857,73,1298
v_home,viewpoint,orb,1_5,5,0.99,1777,109,1298
v_home,viewpoint,orb,1_6,6,0.5,272,269,1704
v_home,viewpoint,orb,1_6,6,0.55,371,367,1704
v_home,viewpoint,orb,1_6,6,0.6,468,462,1704
v_home,viewpoint,orb,1_6,6,0.65,556,548,1704
v_home,viewpoint,orb,1_6,6,0.7,638,624,1704
v_home,viewpoint,orb,1_6,6,0.75,741,713,1704
v_home,viewpoint,orb,1_6,6,0.8,823,772,1704
v_home,viewpoint,orb,1_6,6,0.85,949,853,1704
v_home,viewpoint,orb,1_6,6,0.9,1120,917,1704
v_home,viewpoint,orb,1_6,6,0.95,1444,995,1704
v_home,viewpoint,orb,1_6,6,0.99,1881,1041,1704
v_laptop,viewpoint,sift,1_2,2,0.5,983,981,1333
v_laptop,viewpoint,sift,1_2,2,0.55,1007,1005,1333
v_laptop,viewpoint,sift,1_2,2,0.6,1029,1026,1333
v_laptop,viewpoint,sift,1_2,2,0.65,1050,1046,1333
v_laptop,viewpoint,sift,1_2,2,0.7,1066,1058,1333
v_laptop,viewpoint,sift,1_2,2,0.75,1081,1066,1333
v_laptop,viewpoint,sift,1_2,2,0.8,1104,1072,1333
v_laptop,viewpoint,sift,1_2,2,0.85,1147,1077,1333
v_laptop,viewpoint,sift,1_2,2,0.9,1237,1087,1333
v_laptop,viewpoint,sift,1_2,2,0.95,1444,1099,1333
v_laptop,viewpoint,sift,1_2,2,0.99,1775,1104,1333
v_laptop,viewpoint,sift,1_3,3,0.5,595,592,1017
v_laptop,viewpoint,sift,1_3,3,0.55,617,614,1017
v_laptop,viewpoint,sift,1_3,3,0.6,641,636,1017
v_laptop,viewpoint,sift,1_3,3,0.65,663,655,1017
v_laptop,viewpoint,sift,1_3,3,0.7,691,674,1017
v_laptop,viewpoint,sift,1_3,3,0.75,714,682,1017
v_laptop,viewpoint,sift,1_3,3,0.8,746,686,1017
v_laptop,viewpoint,sift,1_3,3,0.85,810,693,1017
v_laptop,viewpoint,sift,1_3,3,0.9,950,700,1017
v_laptop,viewpoint,sift,1_3,3,0.95,1220,705,1017
v_laptop,viewpoint,sift,1_3,3,0.99,1718,712,1017
v_laptop,viewpoint,sift,1_4,4,0.5,486,485,890
v_laptop,viewpoint,sift,1_4,4,0.55,506,504,890
v_laptop,viewpoint,sift,1_4,4,0.6,516,514,890
v_laptop,viewpoint,sift,1_4,4,0.65,532,525,890
v_laptop,viewpoint,sift,1_4,4,0.7,545,534,890
v_laptop,viewpoint,sift,1_4,4,0.75,567,543,890
v_laptop,viewpoint,sift,1_4,4,0.8,604,550,890
v_laptop,viewpoint,sift,1_4,4,0.85,657,556,890
v_laptop,viewpoint,sift,1_4,4,0.9,790,562,890
v_laptop,viewpoint,sift,1_4,4,0.95,1141,565,890
v_laptop,viewpoint,sift,1_4,4,0.99,1690,571,890
v_laptop,viewpoint,sift,1_5,5,0.5,487,486,890
v_laptop,viewpoint,sift,1_5,5,0.55,507,506,890
v_laptop,viewpoint,sift,1_5,5,0.6,526,525,890
v_laptop,viewpoint,sift,1_5,5,0.65,547,544,890
v_laptop,viewpoint,sift,1_5,5,0.7,560,551,890
v_laptop,viewpoint,sift,1_5,5,0.75,583,560,890
v_laptop,viewpoint,sift,1_5,5,0.8,618,571,890
v_laptop,viewpoint,sift,1_5,5,0.85,690,581,890
v_laptop,viewpoint,sift,1_5,5,0.9,809,586,890
v_laptop,viewpoint,sift,1_5,5,0.95,1127,594,890
v_laptop,viewpoint,sift,1_5,5,0.99,1687,600,890
v_laptop,viewpoint,sift,1_6,6,0.5,567,565,1125
v_laptop,viewpoint,sift,1_6,6,0.55,607,605,1125
v_laptop,viewpoint,sift,1_6,6,0.6,632,628,1125
v_laptop,viewpoint,sift,1_6,6,0.65,661,654,1125
v_laptop,viewpoint,sift,1_6,6,0.7,689,676,1125
v_laptop,viewpoint,sift,1_6,6,0.75,714,688,1125
v_laptop,viewpoint,sift,1_6,6,0.8,745,700,1125
v_laptop,viewpoint,sift,1_6,6,0.85,810,709,1125
v_laptop,viewpoint,sift,1_6,6,0.9,929,716,1125
v_laptop,viewpoint,sift,1_6,6,0.95,1258,730,1125
v_laptop,viewpoint,sift,1_6,6,0.99,1716,741,1125
v_laptop,viewpoint,orb,1_2,2,0.5,332,328,1938
v_laptop,viewpoint,orb,1_2,2,0.55,484,478,1938
v_laptop,viewpoint,orb,1_2,2,0.6,626,618,1938
v_laptop,viewpoint,orb,1_2,2,0.65,800,785,1938
v_laptop,viewpoint,orb,1_2,2,0.7,956,932,1938
v_laptop,viewpoint,orb,1_2,2,0.75,1108,1080,1938
v_laptop,viewpoint,orb,1_2,2,0.8,1264,1225,1938
v_laptop,viewpoint,orb,1_2,2,0.85,1414,1353,1938
v_laptop,viewpoint,orb,1_2,2,0.9,1581,1471,1938
v_laptop,viewpoint,orb,1_2,2,0.95,1755,1569,1938
v_laptop,viewpoint,orb,1_2,2,0.99,1951,1640,1938
v_laptop,viewpoint,orb,1_3,3,0.5,339,336,1927
v_laptop,viewpoint,orb,1_3,3,0.55,450,446,1927
v_laptop,viewpoint,orb,1_3,3,0.6,545,541,1927
v_laptop,viewpoint,orb,1_3,3,0.65,665,655,1927
v_laptop,viewpoint,orb,1_3,3,0.7,767,754,1927
v_laptop,viewpoint,orb,1_3,3,0.75,883,864,1927
v_laptop,viewpoint,orb,1_3,3,0.8,1009,977,1927
v_laptop,viewpoint,orb,1_3,3,0.85,1129,1075,1927
v_laptop,viewpoint,orb,1_3,3,0.9,1284,1170,1927
v_laptop,viewpoint,orb,1_3,3,0.95,1522,1261,1927
v_laptop,viewpoint,orb,1_3,3,0.99,1878,1336,1927
v_laptop,viewpoint,orb,1_4,4,0.5,264,261,1904
v_laptop,viewpoint,orb,1_4,4,0.55,360,356,1904
v_laptop,viewpoint,orb,1_4,4,0.6,445,441,1904
v_laptop,viewpoint,orb,1_4,4,0.65,543,539,1904
v_laptop,viewpoint,orb,1_4,4,0.7,658,649,1904
v_laptop,viewpoint,orb,1_4,4,0.75,744,724,1904
v_laptop,viewpoint,orb,1_4,4,0.8,860,825,1904
v_laptop,viewpoint,orb,1_4,4,0.85,1008,934,1904
v_laptop,viewpoint,orb,1_4,4,0.9,1164,1033,1904
v_laptop,viewpoint,orb,1_4,4,0.95,1430,1133,1904
v_laptop,viewpoint,orb,1_4,4,0.99,1878,1225,1904
v_laptop,viewpoint,orb,1_5,5,0.5,277,276,1872
v_laptop,viewpoint,orb,1_5,5,0.55,388,383,1872
v_laptop,viewpoint,orb,1_5,5,0.6,492,479,1872
v_laptop,viewpoint,orb,1_5,5,0.65,584,566,1872
v_laptop,viewpoint,orb,1_5,5,0.7,691,664,1872
v_laptop,viewpoint,orb,1_5,5,0.75,800,766,1872
v_laptop,viewpoint,orb,1_5,5,0.8,904,853,1872
v_laptop,viewpoint,orb,1_5,5,0.85,1055,971,1872
v_laptop,viewpoint,orb,1_5,5,0.9,1213,1064,1872
v_laptop,viewpoint,orb,1_5,5,0.95,1501,1180,1872
v_laptop,viewpoint,orb,1_5,5,0.99,1907,1249,1872
v_laptop,viewpoint,orb,1_6,6,0.5,267,263,1915
v_laptop,viewpoint,orb,1_6,6,0.55,380,371,1915
v_laptop,viewpoint,orb,1_6,6,0.6,450,439,1915
v_laptop,viewpoint,orb,1_6,6,0.65,573,556,1915
v_laptop,viewpoint,orb,1_6,6,0.7,686,663,1915
v_laptop,viewpoint,orb,1_6,6,0.75,811,771,1915
v_laptop,viewpoint,orb,1_6,6,0.8,957,900,1915
v_laptop,viewpoint,orb,1_6,6,0.85,1094,1005,1915
v_laptop,viewpoint,orb,1_6,6,0.9,1246,1093,1915
v_laptop,viewpoint,orb,1_6,6,0.95,1504,1188,1915
v_laptop,viewpoint,orb,1_6,6,0.99,1879,1261,1915
v_london,viewpoint,sift,1_2,2,0.5,6958,6951,12185
v_london,viewpoint,sift,1_2,2,0.55,7560,7545,12185
v_london,viewpoint,sift,1_2,2,0.6,8084,8062,12185
v_london,viewpoint,sift,1_2,2,0.65,8508,8465,12185
v_london,viewpoint,sift,1_2,2,0.7,8857,8789,12185
v_london,viewpoint,sift,1_2,2,0.75,9176,9052,12185
v_london,viewpoint,sift,1_2,2,0.8,9509,9283,12185
v_london,viewpoint,sift,1_2,2,0.85,9989,9472,12185
v_london,viewpoint,sift,1_2,2,0.9,10900,9633,12185
v_london,viewpoint,sift,1_2,2,0.95,13132,9773,12185
v_london,viewpoint,sift,1_2,2,0.99,17646,9864,12185
v_london,viewpoint,sift,1_3,3,0.5,3293,3284,10542
v_london,viewpoint,sift,1_3,3,0.55,3852,3840,10542
v_london,viewpoint,sift,1_3,3,0.6,4371,4357,10542
v_london,viewpoint,sift,1_3,3,0.65,4841,4818,10542
v_london,viewpoint,sift,1_3,3,0.7,5255,5207,10542
v_london,viewpoint,sift,1_3,3,0.75,5683,5590,10542
v_london,viewpoint,sift,1_3,3,0.8,6106,5898,10542
v_london,viewpoint,sift,1_3,3,0.85,6754,6210,10542
v_london,viewpoint,sift,1_3,3,0.9,8020,6478,10542
v_london,viewpoint,sift,1_3,3,0.95,11154,6752,10542
v_london,viewpoint,sift,1_3,3,0.99,17054,6937,10542
v_london,viewpoint,sift,1_4,4,0.5,1905,1897,11291
v_london,viewpoint,sift,1_4,4,0.55,2425,2411,11291
v_london,viewpoint,sift,1_4,4,0.6,3000,2979,11291
v_london,viewpoint,sift,1_4,4,0.65,3491,3458,11291
v_london,viewpoint,sift,1_4,4,0.7,4001,3946,11291
v_london,viewpoint,sift,1_4,4,0.75,4516,4406,11291
v_london,viewpoint,sift,1_4,4,0.8,5077,4821,11291
v_london,viewpoint,sift,1_4,4,0.85,5827,5202,11291
v_london,viewpoint,sift,1_4,4,0.9,7213,5586,11291
v_london,viewpoint,sift,1_4,4,0.95,10548,5941,11291
v_london,viewpoint,sift,1_4,4,0.99,16916,6214,11291
v_london,viewpoint,sift,1_5,5,0.5,2221,2214,9517
v_london,viewpoint,sift,1_5,5,0.55,2627,2614,9517
v_london,viewpoint,sift,1_5,5,0.6,2964,2942,9517
v_london,viewpoint,sift,1_5,5,0.65,3302,3275,9517
v_london,viewpoint,sift,1_5,5,0.7,3647,3600,9517
v_london,viewpoint,sift,1_5,5,0.75,4012,3922,9517
v_london,viewpoint,sift,1_5,5,0.8,4387,4187,9517
v_london,viewpoint,sift,1_5,5,0.85,5053,4471,9517
v_london,viewpoint,sift,1_5,5,0.9,6411,4738,9517
v_london,viewpoint,sift,1_5,5,0.95,9964,5013,9517
v_london,viewpoint,sift,1_5,5,0.99,16771,5206,9517
v_london,viewpoint,sift,1_6,6,0.5,1919,1909,8573
v_london,viewpoint,sift,1_6,6,0.55,2281,2268,8573
v_london,viewpoint,sift,1_6,6,0.6,2631,2609,8573
v_london,viewpoint,sift,1_6,6,0.65,3002,2969,8573
v_london,viewpoint,sift,1_6,6,0.7,3374,3328,8573
v_london,viewpoint,sift,1_6,6,0.75,3753,3663,8573
v_london,viewpoint,sift,1_6,6,0.8,4177,3949,8573
v_london,viewpoint,sift,1_6,6,0.85,4889,4242,8573
v_london,viewpoint,sift,1_6,6,0.9,6285,4522,8573
v_london,viewpoint,sift,1_6,6,0.95,10004,4789,8573
v_london,viewpoint,sift,1_6,6,0.99,16726,4967,8573
v_london,viewpoint,orb,1_2,2,0.5,298,293,1293
v_london,viewpoint,orb,1_2,2,0.55,393,386,1293
v_london,viewpoint,orb,1_2,2,0.6,451,442,1293
v_london,viewpoint,orb,1_2,2,0.65,532,521,1293
v_london,viewpoint,orb,1_2,2,0.7,600,580,1293
v_london,viewpoint,orb,1_2,2,0.75,674,645,1293
v_london,viewpoint,orb,1_2,2,0.8,761,714,1293
v_london,viewpoint,orb,1_2,2,0.85,865,774,1293
v_london,viewpoint,orb,1_2,2,0.9,1025,836,1293
v_london,viewpoint,orb,1_2,2,0.95,1357,895,1293
v_london,viewpoint,orb,1_2,2,0.99,1884,932,1293
v_london,viewpoint,orb,1_3,3,0.5,218,211,1268
v_london,viewpoint,orb,1_3,3,0.55,293,284,1268
v_london,viewpoint,orb,1_3,3,0.6,366,353,1268
v_london,viewpoint,orb,1_3,3,0.65,447,428,1268
v_london,viewpoint,orb,1_3,3,0.7,522,495,1268
v_london,viewpoint,orb,1_3,3,0.75,607,565,1268
v_london,viewpoint,orb,1_3,3,0.8,710,643,1268
v_london,viewpoint,orb,1_3,3,0.85,831,716,1268
v_london,viewpoint,orb,1_3,3,0.9,1017,773,1268
v_london,viewpoint,orb,1_3,3,0.95,1354,836,1268
v_london,viewpoint,orb,1_3,3,0.99,1868,880,1268
v_london,viewpoint,orb,1_4,4,0.5,38,37,1337
v_london,viewpoint,orb,1_4,4,0.55,59,56,1337
v_london,viewpoint,orb,1_4,4,0.6,100,96,1337
v_london,viewpoint,orb,1_4,4,0.65,145,138,1337
v_london,viewpoint,orb,1_4,4,0.7,191,181,1337
v_london,viewpoint,orb,1_4,4,0.75,255,236,1337
v_london,viewpoint,orb,1_4,4,0.8,357,311,1337
v_london,viewpoint,orb,1_4,4,0.85,497,388,1337
v_london,viewpoint,orb,1_4,4,0.9,732,496,1337
v_london,viewpoint,orb,1_4,4,0.95,1136,569,1337
v_london,viewpoint,orb,1_4,4,0.99,1852,651,1337
v_london,viewpoint,orb,1_5,5,0.5,249,242,1263
v_london,viewpoint,orb,1_5,5,0.55,329,321,1263
v_london,viewpoint,orb,1_5,5,0.6,393,384,1263
v_london,viewpoint,orb,1_5,5,0.65,464,450,1263
v_london,viewpoint,orb,1_5,5,0.7,535,516,1263
v_london,viewpoint,orb,1_5,5,0.75,616,586,1263
v_london,viewpoint,orb,1_5,5,0.8,710,655,1263
v_london,viewpoint,orb,1_5,5,0.85,843,740,1263
v_london,viewpoint,orb,1_5,5,0.9,1020,807,1263
v_london,viewpoint,orb,1_5,5,0.95,1332,880,1263
v_london,viewpoint,orb,1_5,5,0.99,1876,917,1263
v_london,viewpoint,orb,1_6,6,0.5,171,169,1234
v_london,viewpoint,orb,1_6,6,0.55,250,246,1234
v_london,viewpoint,orb,1_6,6,0.6,313,307,1234
v_london,viewpoint,orb,1_6,6,0.65,397,384,1234
v_london,viewpoint,orb,1_6,6,0.7,474,453,1234
v_london,viewpoint,orb,1_6,6,0.75,559,523,1234
v_london,viewpoint,orb,1_6,6,0.8,635,580,1234
v_london,viewpoint,orb,1_6,6,0.85,754,651,1234
v_london,viewpoint,orb,1_6,6,0.9,946,730,1234
v_london,viewpoint,orb,1_6,6,0.95,1326,818,1234
v_london,viewpoint,orb,1_6,6,0.99,1856,876,1234
v_machines,viewpoint,sift,1_2,2,0.5,756,653,2840
v_machines,viewpoint,sift,1_2,2,0.55,948,818,2840
v_machines,viewpoint,sift,1_2,2,0.6,1135,961,2840
v_machines,viewpoint,sift,1_2,2,0.65,1309,1092,2840
v_machines,viewpoint,sift,1_2,2,0.7,1472,1208,2840
v_machines,viewpoint,sift,1_2,2,0.75,1656,1320,2840
v_machines,viewpoint,sift,1_2,2,0.8,1904,1434,2840
v_machines,viewpoint,sift,1_2,2,0.85,2250,1539,2840
v_machines,viewpoint,sift,1_2,2,0.9,2784,1629,2840
v_machines,viewpoint,sift,1_2,2,0.95,3753,1703,2840
v_machines,viewpoint,sift,1_2,2,0.99,5244,1753,2840
v_machines,viewpoint,sift,1_3,3,0.5,52,33,2006
v_machines,viewpoint,sift,1_3,3,0.55,77,49,2006
v_machines,viewpoint,sift,1_3,3,0.6,108,66,2006
v_machines,viewpoint,sift,1_3,3,0.65,165,98,2006
v_machines,viewpoint,sift,1_3,3,0.7,254,135,2006
v_machines,viewpoint,sift,1_3,3,0.75,365,174,2006
v_machines,viewpoint,sift,1_3,3,0.8,561,224,2006
v_machines,viewpoint,sift,1_3,3,0.85,862,268,2006
v_machines,viewpoint,sift,1_3,3,0.9,1538,341,2006
v_machines,viewpoint,sift,1_3,3,0.95,2839,414,2006
v_machines,viewpoint,sift,1_3,3,0.99,4974,449,2006
v_machines,viewpoint,sift,1_4,4,0.5,605,582,2980
v_machines,viewpoint,sift,1_4,4,0.55,797,756,2980
v_machines,viewpoint,sift,1_4,4,0.6,1004,936,2980
v_machines,viewpoint,sift,1_4,4,0.65,1188,1089,2980
v_machines,viewpoint,sift,1_4,4,0.7,1385,1242,2980
v_machines,viewpoint,sift,1_4,4,0.75,1549,1346,2980
v_machines,viewpoint,sift,1_4,4,0.8,1774,1442,2980
v_machines,viewpoint,sift,1_4,4,0.85,2088,1522,2980
v_machines,viewpoint,sift,1_4,4,0.9,2630,1589,2980
v_machines,viewpoint,sift,1_4,4,0.95,3655,1660,2980
v_machines,viewpoint,sift,1_4,4,0.99,5203,1700,2980
v_machines,viewpoint,sift,1_5,5,0.5,20,14,2286
v_machines,viewpoint,sift,1_5,5,0.55,43,27,2286
v_machines,viewpoint,sift,1_5,5,0.6,79,50,2286
v_machines,viewpoint,sift,1_5,5,0.65,121,72,2286
v_machines,viewpoint,sift,1_5,5,0.7,205,107,2286
v_machines,viewpoint,sift,1_5,5,0.75,321,155,2286
v_machines,viewpoint,sift,1_5,5,0.8,515,214,2286
v_machines,viewpoint,sift,1_5,5,0.85,863,275,2286
v_machines,viewpoint,sift,1_5,5,0.9,1553,350,2286
v_machines,viewpoint,sift,1_5,5,0.95,2931,427,2286
v_machines,viewpoint,sift,1_5,5,0.99,5068,480,2286
v_machines,viewpoint,sift,1_6,6,0.5,1354,1342,3237
v_machines,viewpoint,sift,1_6,6,0.55,1475,1454,3237
v_machines,viewpoint,sift,1_6,6,0.6,1583,1548,3237
v_machines,viewpoint,sift,1_6,6,0.65,1684,1638,3237
v_machines,viewpoint,sift,1_6,6,0.7,1782,1708,3237
v_machines,viewpoint,sift,1_6,6,0.75,1885,1764,3237
v_machines,viewpoint,sift,1_6,6,0.8,2039,1835,3237
v_machines,viewpoint,sift,1_6,6,0.85,2283,1887,3237
v_machines,viewpoint,sift,1_6,6,0.9,2728,1934,3237
v_machines,viewpoint,sift,1_6,6,0.95,3647,1982,3237
v_machines,viewpoint,sift,1_6,6,0.99,5231,2012,3237
v_machines,viewpoint,orb,1_2,2,0.5,79,65,1610
v_machines,viewpoint,orb,1_2,2,0.55,120,98,1610
v_machines,viewpoint,orb,1_2,2,0.6,160,133,1610
v_machines,viewpoint,orb,1_2,2,0.65,225,188,1610
v_machines,viewpoint,orb,1_2,2,0.7,308,260,1610
v_machines,viewpoint,orb,1_2,2,0.75,408,336,1610
v_machines,viewpoint,orb,1_2,2,0.8,552,442,1610
v_machines,viewpoint,orb,1_2,2,0.85,739,558,1610
v_machines,viewpoint,orb,1_2,2,0.9,956,670,1610
v_machines,viewpoint,orb,1_2,2,0.95,1344,777,1610
v_machines,viewpoint,orb,1_2,2,0.99,1854,903,1610
v_machines,viewpoint,orb,1_3,3,0.5,1,0,1112
v_machines,viewpoint,orb,1_3,3,0.55,2,0,1112
v_machines,viewpoint,orb,1_3,3,0.6,5,2,1112
v_machines,viewpoint,orb,1_3,3,0.65,13,6,1112
v_machines,viewpoint,orb,1_3,3,0.7,30,15,1112
v_machines,viewpoint,orb,1_3,3,0.75,60,25,1112
v_machines,viewpoint,orb,1_3,3,0.8,115,40,1112
v_machines,viewpoint,orb,1_3,3,0.85,243,70,1112
v_machines,viewpoint,orb,1_3,3,0.9,482,100,1112
v_machines,viewpoint,orb,1_3,3,0.95,976,145,1112
v_machines,viewpoint,orb,1_3,3,0.99,1780,198,1112
v_machines,viewpoint,orb,1_4,4,0.5,51,46,1788
v_machines,viewpoint,orb,1_4,4,0.55,91,81,1788
v_machines,viewpoint,orb,1_4,4,0.6,153,141,1788
v_machines,viewpoint,orb,1_4,4,0.65,210,186,1788
v_machines,viewpoint,orb,1_4,4,0.7,307,273,1788
v_machines,viewpoint,orb,1_4,4,0.75,405,357,1788
v_machines,viewpoint,orb,1_4,4,0.8,541,465,1788
v_machines,viewpoint,orb,1_4,4,0.85,733,597,1788
v_machines,viewpoint,orb,1_4,4,0.9,978,719,1788
v_machines,viewpoint,orb,1_4,4,0.95,1389,885,1788
v_machines,viewpoint,orb,1_4,4,0.99,1866,986,1788
v_machines,viewpoint,orb,1_5,5,0.5,0,0,1482
v_machines,viewpoint,orb,1_5,5,0.55,3,2,1482
v_machines,viewpoint,orb,1_5,5,0.6,11,7,1482
v_machines,viewpoint,orb,1_5,5,0.65,20,12,1482
v_machines,viewpoint,orb,1_5,5,0.7,36,23,1482
v_machines,viewpoint,orb,1_5,5,0.75,64,33,1482
v_machines,viewpoint,orb,1_5,5,0.8,122,55,1482
v_machines,viewpoint,orb,1_5,5,0.85,257,92,1482
v_machines,viewpoint,orb,1_5,5,0.9,511,146,1482
v_machines,viewpoint,orb,1_5,5,0.95,955,195,1482
v_machines,viewpoint,orb,1_5,5,0.99,1791,264,1482
v_machines,viewpoint,orb,1_6,6,0.5,327,318,1850
v_machines,viewpoint,orb,1_6,6,0.55,419,409,1850
v_machines,viewpoint,orb,1_6,6,0.6,494,482,1850
v_machines,viewpoint,orb,1_6,6,0.65,584,571,1850
v_machines,viewpoint,orb,1_6,6,0.7,665,649,1850
v_machines,viewpoint,orb,1_6,6,0.75,756,731,1850
v_machines,viewpoint,orb,1_6,6,0.8,859,818,1850
v_machines,viewpoint,orb,1_6,6,0.85,999,922,1850
v_machines,viewpoint,orb,1_6,6,0.9,1170,1017,1850
v_machines,viewpoint,orb,1_6,6,0.95,1462,1114,1850
v_machines,viewpoint,orb,1_6,6,0.99,1888,1180,1850
v_man,viewpoint,sift,1_2,2,0.5,360,314,1168
v_man,viewpoint,sift,1_2,2,0.55,410,355,1168
v_man,viewpoint,sift,1_2,2,0.6,489,414,1168
v_man,viewpoint,sift,1_2,2,0.65,577,480,1168
v_man,viewpoint,sift,1_2,2,0.7,649,532,1168
v_man,viewpoint,sift,1_2,2,0.75,739,584,1168
v_man,viewpoint,sift,1_2,2,0.8,864,653,1168
v_man,viewpoint,sift,1_2,2,0.85,1004,694,1168
v_man,viewpoint,sift,1_2,2,0.9,1266,738,1168
v_man,viewpoint,sift,1_2,2,0.95,1760,768,1168
v_man,viewpoint,sift,1_2,2,0.99,2431,793,1168
v_man,viewpoint,sift,1_3,3,0.5,48,33,788
v_man,viewpoint,sift,1_3,3,0.55,76,51,788
v_man,viewpoint,sift,1_3,3,0.6,101,64,788
v_man,viewpoint,sift,1_3,3,0.65,140,80,788
v_man,viewpoint,sift,1_3,3,0.7,197,107,788
v_man,viewpoint,sift,1_3,3,0.75,263,135,788
v_man,viewpoint,sift,1_3,3,0.8,374,169,788
v_man,viewpoint,sift,1_3,3,0.85,561,210,788
v_man,viewpoint,sift,1_3,3,0.9,832,238,788
v_man,viewpoint,sift,1_3,3,0.95,1444,274,788
v_man,viewpoint,sift,1_3,3,0.99,2379,301,788
v_man,viewpoint,sift,1_4,4,0.5,3,1,876
v_man,viewpoint,sift,1_4,4,0.55,6,2,876
v_man,viewpoint,sift,1_4,4,0.6,13,3,876
v_man,viewpoint,sift,1_4,4,0.65,29,10,876
v_man,viewpoint,sift,1_4,4,0.7,60,22,876
v_man,viewpoint,sift,1_4,4,0.75,110,36,876
v_man,viewpoint,sift,1_4,4,0.8,189,53,876
v_man,viewpoint,sift,1_4,4,0.85,359,85,876
v_man,viewpoint,sift,1_4,4,0.9,674,114,876
v_man,viewpoint,sift,1_4,4,0.95,1305,156,876
v_man,viewpoint,sift,1_4,4,0.99,2327,191,876
v_man,viewpoint,sift,1_5,5,0.5,227,190,774
v_man,viewpoint,sift,1_5,5,0.55,294,242,774
v_man,viewpoint,sift,1_5,5,0.6,355,283,774
v_man,viewpoint,sift,1_5,5,0.65,420,321,774
v_man,viewpoint,sift,1_5,5,0.7,489,360,774
v_man,viewpoint,sift,1_5,5,0.75,573,396,774
v_man,viewpoint,sift,1_5,5,0.8,655,419,774
v_man,viewpoint,sift,1_5,5,0.85,813,447,774
v_man,viewpoint,sift,1_5,5,0.9,1056,470,774
v_man,viewpoint,sift,1_5,5,0.95,1619,498,774
v_man,viewpoint,sift,1_5,5,0.99,2409,515,774
v_man,viewpoint,sift,1_6,6,0.5,267,227,1053
v_man,viewpoint,sift,1_6,6,0.55,322,271,1053
v_man,viewpoint,sift,1_6,6,0.6,388,322,1053
v_man,viewpoint,sift,1_6,6,0.65,444,359,1053
v_man,viewpoint,sift,1_6,6,0.7,514,411,1053
v_man,viewpoint,sift,1_6,6,0.75,602,469,1053
v_man,viewpoint,sift,1_6,6,0.8,721,519,1053
v_man,viewpoint,sift,1_6,6,0.85,890,568,1053
v_man,viewpoint,sift,1_6,6,0.9,1147,610,1053
v_man,viewpoint,sift,1_6,6,0.95,1645,643,1053
v_man,viewpoint,sift,1_6,6,0.99,2403,677,1053
v_man,viewpoint,orb,1_2,2,0.5,56,50,1384
v_man,viewpoint,orb,1_2,2,0.55,91,83,1384
v_man,viewpoint,orb,1_2,2,0.6,128,118,1384
v_man,viewpoint,orb,1_2,2,0.65,189,173,1384
v_man,viewpoint,orb,1_2,2,0.7,256,228,1384
v_man,viewpoint,orb,1_2,2,0.75,353,302,1384
v_man,viewpoint,orb,1_2,2,0.8,484,397,1384
v_man,viewpoint,orb,1_2,2,0.85,660,505,1384
v_man,viewpoint,orb,1_2,2,0.9,915,624,1384
v_man,viewpoint,orb,1_2,2,0.95,1287,736,1384
v_man,viewpoint,orb,1_2,2,0.99,1858,817,1384
v_man,viewpoint,orb,1_3,3,0.5,3,2,1146
v_man,viewpoint,orb,1_3,3,0.55,5,3,1146
v_man,viewpoint,orb,1_3,3,0.6,13,8,1146
v_man,viewpoint,orb,1_3,3,0.65,28,19,1146
v_man,viewpoint,orb,1_3,3,0.7,49,29,1146
v_man,viewpoint,orb,1_3,3,0.75,82,49,1146
v_man,viewpoint,orb,1_3,3,0.8,131,66,1146
v_man,viewpoint,orb,1_3,3,0.85,257,102,1146
v_man,viewpoint,orb,1_3,3,0.9,514,164,1146
v_man,viewpoint,orb,1_3,3,0.95,1033,232,1146
v_man,viewpoint,orb,1_3,3,0.99,1811,300,1146
v_man,viewpoint,orb,1_4,4,0.5,0,0,1101
v_man,viewpoint,orb,1_4,4,0.55,2,1,1101
v_man,viewpoint,orb,1_4,4,0.6,3,1,1101
v_man,viewpoint,orb,1_4,4,0.65,4,1,1101
v_man,viewpoint,orb,1_4,4,0.7,9,3,1101
v_man,viewpoint,orb,1_4,4,0.75,22,10,1101
v_man,viewpoint,orb,1_4,4,0.8,60,17,1101
v_man,viewpoint,orb,1_4,4,0.85,156,28,1101
v_man,viewpoint,orb,1_4,4,0.9,380,50,1101
v_man,viewpoint,orb,1_4,4,0.95,919,85,1101
v_man,viewpoint,orb,1_4,4,0.99,1808,134,1101
v_man,viewpoint,orb,1_5,5,0.5,27,19,1136
v_man,viewpoint,orb,1_5,5,0.55,53,38,1136
v_man,viewpoint,orb,1_5,5,0.6,97,71,1136
v_man,viewpoint,orb,1_5,5,0.65,149,106,1136
v_man,viewpoint,orb,1_5,5,0.7,207,147,1136
v_man,viewpoint,orb,1_5,5,0.75,284,193,1136
v_man,viewpoint,orb,1_5,5,0.8,405,265,1136
v_man,viewpoint,orb,1_5,5,0.85,551,339,1136
v_man,viewpoint,orb,1_5,5,0.9,785,404,1136
v_man,viewpoint,orb,1_5,5,0.95,1187,479,1136
v_man,viewpoint,orb,1_5,5,0.99,1833,556,1136
v_man,viewpoint,orb,1_6,6,0.5,47,40,1287
v_man,viewpoint,orb,1_6,6,0.55,79,68,1287
v_man,viewpoint,orb,1_6,6,0.6,116,100,1287
v_man,viewpoint,orb,1_6,6,0.65,162,136,1287
v_man,viewpoint,orb,1_6,6,0.7,222,178,1287
v_man,viewpoint,orb,1_6,6,0.75,294,228,1287
v_man,viewpoint,orb,1_6,6,0.8,398,297,1287
v_man,viewpoint,orb,1_6,6,0.85,555,379,1287
v_man,viewpoint,orb,1_6,6,0.9,791,464,1287
v_man,viewpoint,orb,1_6,6,0.95,1175,545,1287
v_man,viewpoint,orb,1_6,6,0.99,1807,615,1287
v_maskedman,viewpoint,sift,1_2,2,0.5,298,297,741
v_maskedman,viewpoint,sift,1_2,2,0.55,334,333,741
v_maskedman,viewpoint,sift,1_2,2,0.6,361,359,741
v_maskedman,viewpoint,sift,1_2,2,0.65,394,387,741
v_maskedman,viewpoint,sift,1_2,2,0.7,432,415,741
v_maskedman,viewpoint,sift,1_2,2,0.75,461,433,741
v_maskedman,viewpoint,sift,1_2,2,0.8,503,447,741
v_maskedman,viewpoint,sift,1_2,2,0.85,592,454,741
v_maskedman,viewpoint,sift,1_2,2,0.9,796,469,741
v_maskedman,viewpoint,sift,1_2,2,0.95,1218,482,741
v_maskedman,viewpoint,sift,1_2,2,0.99,1888,492,741
v_maskedman,viewpoint,sift,1_3,3,0.5,266,265,741
v_maskedman,viewpoint,sift,1_3,3,0.55,304,300,741
v_maskedman,viewpoint,sift,1_3,3,0.6,333,324,741
v_maskedman,viewpoint,sift,1_3,3,0.65,362,347,741
v_maskedman,viewpoint,sift,1_3,3,0.7,389,370,741
v_maskedman,viewpoint,sift,1_3,3,0.75,429,385,741
v_maskedman,viewpoint,sift,1_3,3,0.8,488,396,741
v_maskedman,viewpoint,sift,1_3,3,0.85,585,407,741
v_maskedman,viewpoint,sift,1_3,3,0.9,768,422,741
v_maskedman,viewpoint,sift,1_3,3,0.95,1219,430,741
v_maskedman,viewpoint,sift,1_3,3,0.99,1879,435,741
v_maskedman,viewpoint,sift,1_4,4,0.5,247,245,1086
v_maskedman,viewpoint,sift,1_4,4,0.55,317,311,1086
v_maskedman,viewpoint,sift,1_4,4,0.6,368,358,1086
v_maskedman,viewpoint,sift,1_4,4,0.65,436,422,1086
v_maskedman,viewpoint,sift,1_4,4,0.7,487,468,1086
v_maskedman,viewpoint,sift,1_4,4,0.75,541,507,1086
v_maskedman,viewpoint,sift,1_4,4,0.8,623,556,1086
v_maskedman,viewpoint,sift,1_4,4,0.85,750,603,1086
v_maskedman,viewpoint,sift,1_4,4,0.9,947,633,1086
v_maskedman,viewpoint,sift,1_4,4,0.95,1331,669,1086
v_maskedman,viewpoint,sift,1_4,4,0.99,1898,688,1086
v_maskedman,viewpoint,sift,1_5,5,0.5,378,372,1154
v_maskedman,viewpoint,sift,1_5,5,0.55,434,427,1154
v_maskedman,viewpoint,sift,1_5,5,0.6,503,494,1154
v_maskedman,viewpoint,sift,1_5,5,0.65,571,556,1154
v_maskedman,viewpoint,sift,1_5,5,0.7,622,596,1154
v_maskedman,viewpoint,sift,1_5,5,0.75,679,641,1154
v_maskedman,viewpoint,sift,1_5,5,0.8,756,686,1154
v_maskedman,viewpoint,sift,1_5,5,0.85,840,711,1154
v_maskedman,viewpoint,sift,1_5,5,0.9,1024,745,1154
v_maskedman,viewpoint,sift,1_5,5,0.95,1411,774,1154
v_maskedman,viewpoint,sift,1_5,5,0.99,1919,793,1154
v_maskedman,viewpoint,sift,1_6,6,0.5,9,8,404
v_maskedman,viewpoint,sift,1_6,6,0.55,18,15,404
v_maskedman,viewpoint,sift,1_6,6,0.6,24,20,404
v_maskedman,viewpoint,sift,1_6,6,0.65,32,26,404
v_maskedman,viewpoint,sift,1_6,6,0.7,51,40,404
v_maskedman,viewpoint,sift,1_6,6,0.75,73,51,404
v_maskedman,viewpoint,sift,1_6,6,0.8,119,62,404
v_maskedman,viewpoint,sift,1_6,6,0.85,201,72,404
v_maskedman,viewpoint,sift,1_6,6,0.9,429,83,404
v_maskedman,viewpoint,sift,1_6,6,0.95,963,95,404
v_maskedman,viewpoint,sift,1_6,6,0.99,1796,100,404
v_maskedman,viewpoint,orb,1_2,2,0.5,52,50,1154
v_maskedman,viewpoint,orb,1_2,2,0.55,84,81,1154
v_maskedman,viewpoint,orb,1_2,2,0.6,115,111,1154
v_maskedman,viewpoint,orb,1_2,2,0.65,158,148,1154
v_maskedman,viewpoint,orb,1_2,2,0.7,211,190,1154
v_maskedman,viewpoint,orb,1_2,2,0.75,280,242,1154
v_maskedman,viewpoint,orb,1_2,2,0.8,373,304,1154
v_maskedman,viewpoint,orb,1_2,2,0.85,490,365,1154
v_maskedman,viewpoint,orb,1_2,2,0.9,688,422,1154
v_maskedman,viewpoint,orb,1_2,2,0.95,1089,486,1154
v_maskedman,viewpoint,orb,1_2,2,0.99,1812,554,1154
v_maskedman,viewpoint,orb,1_3,3,0.5,57,54,1139
v_maskedman,viewpoint,orb,1_3,3,0.55,90,87,1139
v_maskedman,viewpoint,orb,1_3,3,0.6,113,109,1139
v_maskedman,viewpoint,orb,1_3,3,0.65,158,149,1139
v_maskedman,viewpoint,orb,1_3,3,0.7,220,202,1139
v_maskedman,viewpoint,orb,1_3,3,0.75,282,249,1139
v_maskedman,viewpoint,orb,1_3,3,0.8,346,299,1139
v_maskedman,viewpoint,orb,1_3,3,0.85,472,360,1139
v_maskedman,viewpoint,orb,1_3,3,0.9,683,420,1139
v_maskedman,viewpoint,orb,1_3,3,0.95,1071,484,1139
v_maskedman,viewpoint,orb,1_3,3,0.99,1816,555,1139
v_maskedman,viewpoint,orb,1_4,4,0.5,24,18,1096
v_maskedman,viewpoint,orb,1_4,4,0.55,47,40,1096
v_maskedman,viewpoint,orb,1_4,4,0.6,74,60,1096
v_maskedman,viewpoint,orb,1_4,4,0.65,93,74,1096
v_maskedman,viewpoint,orb,1_4,4,0.7,141,114,1096
v_maskedman,viewpoint,orb,1_4,4,0.75,206,158,1096
v_maskedman,viewpoint,orb,1_4,4,0.8,280,204,1096
v_maskedman,viewpoint,orb,1_4,4,0.85,408,268,1096
v_maskedman,viewpoint,orb,1_4,4,0.9,634,331,1096
v_maskedman,viewpoint,orb,1_4,4,0.95,1066,407,1096
v_maskedman,viewpoint,orb,1_4,4,0.99,1816,480,1096
v_maskedman,viewpoint,orb,1_5,5,0.5,33,32,1251
v_maskedman,viewpoint,orb,1_5,5,0.55,59,54,1251
v_maskedman,viewpoint,orb,1_5,5,0.6,93,85,1251
v_maskedman,viewpoint,orb,1_5,5,0.65,131,119,1251
v_maskedman,viewpoint,orb,1_5,5,0.7,188,164,1251
v_maskedman,viewpoint,orb,1_5,5,0.75,256,220,1251
v_maskedman,viewpoint,orb,1_5,5,0.8,360,300,1251
v_maskedman,viewpoint,orb,1_5,5,0.85,487,371,1251
v_maskedman,viewpoint,orb,1_5,5,0.9,743,467,1251
v_maskedman,viewpoint,orb,1_5,5,0.95,1179,565,1251
v_maskedman,viewpoint,orb,1_5,5,0.99,1830,640,1251
v_maskedman,viewpoint,orb,1_6,6,0.5,0,0,65
v_maskedman,viewpoint,orb,1_6,6,0.55,0,0,65
v_maskedman,viewpoint,orb,1_6,6,0.6,0,0,65
v_maskedman,viewpoint,orb,1_6,6,0.65,3,0,65
v_maskedman,viewpoint,orb,1_6,6,0.7,5,0,65
v_maskedman,viewpoint,orb,1_6,6,0.75,11,0,65
v_maskedman,viewpoint,orb,1_6,6,0.8,37,2,65
v_maskedman,viewpoint,orb,1_6,6,0.85,103,2,65
v_maskedman,viewpoint,orb,1_6,6,0.9,310,2,65
v_maskedman,viewpoint,orb,1_6,6,0.95,820,2,65
v_maskedman,viewpoint,orb,1_6,6,0.99,1752,4,65
v_pomegranate,viewpoint,sift,1_2,2,0.5,688,595,4496
v_pomegranate,viewpoint,sift,1_2,2,0.55,911,778,4496
v_pomegranate,viewpoint,sift,1_2,2,0.6,1115,942,4496
v_pomegranate,viewpoint,sift,1_2,2,0.65,1336,1120,4496
v_pomegranate,viewpoint,sift,1_2,2,0.7,1570,1303,4496
v_pomegranate,viewpoint,sift,1_2,2,0.75,1783,1453,4496
v_pomegranate,viewpoint,sift,1_2,2,0.8,2044,1609,4496
v_pomegranate,viewpoint,sift,1_2,2,0.85,2443,1752,4496
v_pomegranate,viewpoint,sift,1_2,2,0.9,3180,1891,4496
v_pomegranate,viewpoint,sift,1_2,2,0.95,4943,2025,4496
v_pomegranate,viewpoint,sift,1_2,2,0.99,8259,2129,4496
v_pomegranate,viewpoint,sift,1_3,3,0.5,560,431,4797
v_pomegranate,viewpoint,sift,1_3,3,0.55,774,605,4797
v_pomegranate,viewpoint,sift,1_3,3,0.6,1028,812,4797
v_pomegranate,viewpoint,sift,1_3,3,0.65,1264,992,4797
v_pomegranate,viewpoint,sift,1_3,3,0.7,1527,1198,4797
v_pomegranate,viewpoint,sift,1_3,3,0.75,1793,1387,4797
v_pomegranate,viewpoint,sift,1_3,3,0.8,2101,1562,4797
v_pomegranate,viewpoint,sift,1_3,3,0.85,2495,1726,4797
v_pomegranate,viewpoint,sift,1_3,3,0.9,3307,1874,4797
v_pomegranate,viewpoint,sift,1_3,3,0.95,5176,2043,4797
v_pomegranate,viewpoint,sift,1_3,3,0.99,8375,2143,4797
v_pomegranate,viewpoint,sift,1_4,4,0.5,961,922,4805
v_pomegranate,viewpoint,sift,1_4,4,0.55,1199,1154,4805
v_pomegranate,viewpoint,sift,1_4,4,0.6,1410,1347,4805
v_pomegranate,viewpoint,sift,1_4,4,0.65,1631,1551,4805
v_pomegranate,viewpoint,sift,1_4,4,0.7,1817,1711,4805
v_pomegranate,viewpoint,sift,1_4,4,0.75,2027,1889,4805
v_pomegranate,viewpoint,sift,1_4,4,0.8,2282,2067,4805
v_pomegranate,viewpoint,sift,1_4,4,0.85,2650,2210,4805
v_pomegranate,viewpoint,sift,1_4,4,0.9,3366,2330,4805
v_pomegranate,viewpoint,sift,1_4,4,0.95,5093,2448,4805
v_pomegranate,viewpoint,sift,1_4,4,0.99,8312,2538,4805
v_pomegranate,viewpoint,sift,1_5,5,0.5,682,606,2707
v_pomegranate,viewpoint,sift,1_5,5,0.55,853,749,2707
v_pomegranate,viewpoint,sift,1_5,5,0.6,992,867,2707
v_pomegranate,viewpoint,sift,1_5,5,0.65,1180,1022,2707
v_pomegranate,viewpoint,sift,1_5,5,0.7,1330,1138,2707
v_pomegranate,viewpoint,sift,1_5,5,0.75,1495,1242,2707
v_pomegranate,viewpoint,sift,1_5,5,0.8,1698,1337,2707
v_pomegranate,viewpoint,sift,1_5,5,0.85,2050,1421,2707
v_pomegranate,viewpoint,sift,1_5,5,0.9,2826,1502,2707
v_pomegranate,viewpoint,sift,1_5,5,0.95,4743,1566,2707
v_pomegranate,viewpoint,sift,1_5,5,0.99,8212,1614,2707
v_pomegranate,viewpoint,sift,1_6,6,0.5,674,644,2409
v_pomegranate,viewpoint,sift,1_6,6,0.55,808,767,2409
v_pomegranate,viewpoint,sift,1_6,6,0.6,951,895,2409
v_pomegranate,viewpoint,sift,1_6,6,0.65,1098,1028,2409
v_pomegranate,viewpoint,sift,1_6,6,0.7,1234,1135,2409
v_pomegranate,viewpoint,sift,1_6,6,0.75,1396,1234,2409
v_pomegranate,viewpoint,sift,1_6,6,0.8,1593,1319,2409
v_pomegranate,viewpoint,sift,1_6,6,0.85,1928,1382,2409
v_pomegranate,viewpoint,sift,1_6,6,0.9,2708,1450,2409
v_pomegranate,viewpoint,sift,1_6,6,0.95,4620,1498,2409
v_pomegranate,viewpoint,sift,1_6,6,0.99,8207,1534,2409
v_pomegranate,viewpoint,orb,1_2,2,0.5,71,57,1111
v_pomegranate,viewpoint,orb,1_2,2,0.55,114,92,1111
v_pomegranate,viewpoint,orb,1_2,2,0.6,175,145,1111
v_pomegranate,viewpoint,orb,1_2,2,0.65,253,202,1111
v_pomegranate,viewpoint,orb,1_2,2,0.7,341,268,1111
v_pomegranate,viewpoint,orb,1_2,2,0.75,444,345,1111
v_pomegranate,viewpoint,orb,1_2,2,0.8,559,416,1111
v_pomegranate,viewpoint,orb,1_2,2,0.85,682,486,1111
v_pomegranate,viewpoint,orb,1_2,2,0.9,890,577,1111
v_pomegranate,viewpoint,orb,1_2,2,0.95,1270,664,1111
v_pomegranate,viewpoint,orb,1_2,2,0.99,1868,725,1111
v_pomegranate,viewpoint,orb,1_3,3,0.5,61,36,1270
v_pomegranate,viewpoint,orb,1_3,3,0.55,91,53,1270
v_pomegranate,viewpoint,orb,1_3,3,0.6,142,84,1270
v_pomegranate,viewpoint,orb,1_3,3,0.65,216,134,1270
v_pomegranate,viewpoint,orb,1_3,3,0.7,281,178,1270
v_pomegranate,viewpoint,orb,1_3,3,0.75,374,237,1270
v_pomegranate,viewpoint,orb,1_3,3,0.8,503,302,1270
v_pomegranate,viewpoint,orb,1_3,3,0.85,680,384,1270
v_pomegranate,viewpoint,orb,1_3,3,0.9,892,443,1270
v_pomegranate,viewpoint,orb,1_3,3,0.95,1268,515,1270
v_pomegranate,viewpoint,orb,1_3,3,0.99,1859,595,1270
v_pomegranate,viewpoint,orb,1_4,4,0.5,102,88,1373
v_pomegranate,viewpoint,orb,1_4,4,0.55,162,141,1373
v_pomegranate,viewpoint,orb,1_4,4,0.6,220,191,1373
v_pomegranate,viewpoint,orb,1_4,4,0.65,306,261,1373
v_pomegranate,viewpoint,orb,1_4,4,0.7,393,338,1373
v_pomegranate,viewpoint,orb,1_4,4,0.75,477,402,1373
v_pomegranate,viewpoint,orb,1_4,4,0.8,568,464,1373
v_pomegranate,viewpoint,orb,1_4,4,0.85,716,554,1373
v_pomegranate,viewpoint,orb,1_4,4,0.9,899,631,1373
v_pomegranate,viewpoint,orb,1_4,4,0.95,1255,727,1373
v_pomegranate,viewpoint,orb,1_4,4,0.99,1877,799,1373
v_pomegranate,viewpoint,orb,1_5,5,0.5,61,54,1171
v_pomegranate,viewpoint,orb,1_5,5,0.55,95,80,1171
v_pomegranate,viewpoint,orb,1_5,5,0.6,139,115,1171
v_pomegranate,viewpoint,orb,1_5,5,0.65,204,161,1171
v_pomegranate,viewpoint,orb,1_5,5,0.7,287,227,1171
v_pomegranate,viewpoint,orb,1_5,5,0.75,384,303,1171
v_pomegranate,viewpoint,orb,1_5,5,0.8,475,361,1171
v_pomegranate,viewpoint,orb,1_5,5,0.85,639,455,1171
v_pomegranate,viewpoint,orb,1_5,5,0.9,843,522,1171
v_pomegranate,viewpoint,orb,1_5,5,0.95,1236,617,1171
v_pomegranate,viewpoint,orb,1_5,5,0.99,1819,685,1171
v_pomegranate,viewpoint,orb,1_6,6,0.5,70,64,1225
v_pomegranate,viewpoint,orb,1_6,6,0.55,113,105,1225
v_pomegranate,viewpoint,orb,1_6,6,0.6,162,145,1225
v_pomegranate,viewpoint,orb,1_6,6,0.65,234,211,1225
v_pomegranate,viewpoint,orb,1_6,6,0.7,307,275,1225
v_pomegranate,viewpoint,orb,1_6,6,0.75,386,344,1225
v_pomegranate,viewpoint,orb,1_6,6,0.8,513,441,1225
v_pomegranate,viewpoint,orb,1_6,6,0.85,647,527,1225
v_pomegranate,viewpoint,orb,1_6,6,0.9,841,608,1225
v_pomegranate,viewpoint,orb,1_6,6,0.95,1244,714,1225
v_pomegranate,viewpoint,orb,1_6,6,0.99,1847,797,1225
v_posters,viewpoint,sift,1_2,2,0.5,2212,2179,8599
v_posters,viewpoint,sift,1_2,2,0.55,2390,2337,8599
v_posters,viewpoint,sift,1_2,2,0.6,2551,2477,8599
v_posters,viewpoint,sift,1_2,2,0.65,2687,2565,8599
v_posters,viewpoint,sift,1_2,2,0.7,2844,2630,8599
v_posters,viewpoint,sift,1_2,2,0.75,3075,2698,8599
v_posters,viewpoint,sift,1_2,2,0.8,3449,2746,8599
v_posters,viewpoint,sift,1_2,2,0.85,4185,2786,8599
v_posters,viewpoint,sift,1_2,2,0.9,5773,2833,8599
v_posters,viewpoint,sift,1_2,2,0.95,9428,2878,8599
v_posters,viewpoint,sift,1_2,2,0.99,15820,2915,8599
v_posters,viewpoint,sift,1_3,3,0.5,2547,2488,9214
v_posters,viewpoint,sift,1_3,3,0.55,2848,2768,9214
v_posters,viewpoint,sift,1_3,3,0.6,3080,2966,9214
v_posters,viewpoint,sift,1_3,3,0.65,3282,3131,9214
v_posters,viewpoint,sift,1_3,3,0.7,3512,3273,9214
v_posters,viewpoint,sift,1_3,3,0.75,3762,3379,9214
v_posters,viewpoint,sift,1_3,3,0.8,4174,3477,9214
v_posters,viewpoint,sift,1_3,3,0.85,4905,3563,9214
v_posters,viewpoint,sift,1_3,3,0.9,6494,3639,9214
v_posters,viewpoint,sift,1_3,3,0.95,9930,3704,9214
v_posters,viewpoint,sift,1_3,3,0.99,15876,3763,9214
v_posters,viewpoint,sift,1_4,4,0.5,3227,3176,8974
v_posters,viewpoint,sift,1_4,4,0.55,3384,3317,8974
v_posters,viewpoint,sift,1_4,4,0.6,3514,3422,8974
v_posters,viewpoint,sift,1_4,4,0.65,3619,3500,8974
v_posters,viewpoint,sift,1_4,4,0.7,3782,3581,8974
v_posters,viewpoint,sift,1_4,4,0.75,3999,3652,8974
v_posters,viewpoint,sift,1_4,4,0.8,4341,3695,8974
v_posters,viewpoint,sift,1_4,4,0.85,5037,3739,8974
v_posters,viewpoint,sift,1_4,4,0.9,6543,3787,8974
v_posters,viewpoint,sift,1_4,4,0.95,10053,3841,8974
v_posters,viewpoint,sift,1_4,4,0.99,15987,3881,8974
v_posters,viewpoint,sift,1_5,5,0.5,633,539,8232
v_posters,viewpoint,sift,1_5,5,0.55,850,702,8232
v_posters,viewpoint,sift,1_5,5,0.6,1076,878,8232
v_posters,viewpoint,sift,1_5,5,0.65,1333,1063,8232
v_posters,viewpoint,sift,1_5,5,0.7,1620,1240,8232
v_posters,viewpoint,sift,1_5,5,0.75,1982,1409,8232
v_posters,viewpoint,sift,1_5,5,0.8,2549,1619,8232
v_posters,viewpoint,sift,1_5,5,0.85,3406,1799,8232
v_posters,viewpoint,sift,1_5,5,0.9,5256,1945,8232
v_posters,viewpoint,sift,1_5,5,0.95,9151,2086,8232
v_posters,viewpoint,sift,1_5,5,0.99,15616,2204,8232
v_posters,viewpoint,sift,1_6,6,0.5,383,289,7448
v_posters,viewpoint,sift,1_6,6,0.55,499,361,7448
v_posters,viewpoint,sift,1_6,6,0.6,636,432,7448
v_posters,viewpoint,sift,1_6,6,0.65,786,503,7448
v_posters,viewpoint,sift,1_6,6,0.7,978,591,7448
v_posters,viewpoint,sift,1_6,6,0.75,1221,663,7448
v_posters,viewpoint,sift,1_6,6,0.8,1641,759,7448
v_posters,viewpoint,sift,1_6,6,0.85,2505,888,7448
v_posters,viewpoint,sift,1_6,6,0.9,4224,1013,7448
v_posters,viewpoint,sift,1_6,6,0.95,8278,1125,7448
v_posters,viewpoint,sift,1_6,6,0.99,15447,1237,7448
v_posters,viewpoint,orb,1_2,2,0.5,92,92,1492
v_posters,viewpoint,orb,1_2,2,0.55,136,135,1492
v_posters,viewpoint,orb,1_2,2,0.6,172,170,1492
v_posters,viewpoint,orb,1_2,2,0.65,222,219,1492
v_posters,viewpoint,orb,1_2,2,0.7,275,268,1492
v_posters,viewpoint,orb,1_2,2,0.75,322,304,1492
v_posters,viewpoint,orb,1_2,2,0.8,394,356,1492
v_posters,viewpoint,orb,1_2,2,0.85,496,397,1492
v_posters,viewpoint,orb,1_2,2,0.9,700,444,1492
v_posters,viewpoint,orb,1_2,2,0.95,1112,484,1492
v_posters,viewpoint,orb,1_2,2,0.99,1818,511,1492
v_posters,viewpoint,orb,1_3,3,0.5,92,91,1536
v_posters,viewpoint,orb,1_3,3,0.55,136,134,1536
v_posters,viewpoint,orb,1_3,3,0.6,176,174,1536
v_posters,viewpoint,orb,1_3,3,0.65,230,226,1536
v_posters,viewpoint,orb,1_3,3,0.7,290,282,1536
v_posters,viewpoint,orb,1_3,3,0.75,362,341,1536
v_posters,viewpoint,orb,1_3,3,0.8,446,397,1536
v_posters,viewpoint,orb,1_3,3,0.85,542,446,1536
v_posters,viewpoint,orb,1_3,3,0.9,749,513,1536
v_posters,viewpoint,orb,1_3,3,0.95,1170,579,1536
v_posters,viewpoint,orb,1_3,3,0.99,1824,630,1536
v_posters,viewpoint,orb,1_4,4,0.5,224,224,1507
v_posters,viewpoint,orb,1_4,4,0.55,275,275,1507
v_posters,viewpoint,orb,1_4,4,0.6,327,326,1507
v_posters,viewpoint,orb,1_4,4,0.65,375,373,1507
v_posters,viewpoint,orb,1_4,4,0.7,421,414,1507
v_posters,viewpoint,orb,1_4,4,0.75,469,456,1507
v_posters,viewpoint,orb,1_4,4,0.8,518,480,1507
v_posters,viewpoint,orb,1_4,4,0.85,624,516,1507
v_posters,viewpoint,orb,1_4,4,0.9,810,560,1507
v_posters,viewpoint,orb,1_4,4,0.95,1193,611,1507
v_posters,viewpoint,orb,1_4,4,0.99,1847,648,1507
v_posters,viewpoint,orb,1_5,5,0.5,4,4,1157
v_posters,viewpoint,orb,1_5,5,0.55,10,9,1157
v_posters,viewpoint,orb,1_5,5,0.6,16,13,1157
v_posters,viewpoint,orb,1_5,5,0.65,29,23,1157
v_posters,viewpoint,orb,1_5,5,0.7,46,34,1157
v_posters,viewpoint,orb,1_5,5,0.75,75,53,1157
v_posters,viewpoint,orb,1_5,5,0.8,138,83,1157
v_posters,viewpoint,orb,1_5,5,0.85,242,119,1157
v_posters,viewpoint,orb,1_5,5,0.9,468,166,1157
v_posters,viewpoint,orb,1_5,5,0.95,976,207,1157
v_posters,viewpoint,orb,1_5,5,0.99,1805,255,1157
v_posters,viewpoint,orb,1_6,6,0.5,7,6,1122
v_posters,viewpoint,orb,1_6,6,0.55,10,8,1122
v_posters,viewpoint,orb,1_6,6,0.6,16,13,1122
v_posters,viewpoint,orb,1_6,6,0.65,26,20,1122
v_posters,viewpoint,orb,1_6,6,0.7,46,29,1122
v_posters,viewpoint,orb,1_6,6,0.75,73,43,1122
v_posters,viewpoint,orb,1_6,6,0.8,132,62,1122
v_posters,viewpoint,orb,1_6,6,0.85,247,105,1122
v_posters,viewpoint,orb,1_6,6,0.9,486,145,1122
v_posters,viewpoint,orb,1_6,6,0.95,988,202,1122
v_posters,viewpoint,orb,1_6,6,0.99,1831,252,1122
v_samples,viewpoint,sift,1_2,2,0.5,1532,1524,3512
v_samples,viewpoint,sift,1_2,2,0.55,1675,1660,3512
v_samples,viewpoint,sift,1_2,2,0.6,1783,1756,3512
v_samples,viewpoint,sift,1_2,2,0.65,1875,1838,3512
v_samples,viewpoint,sift,1_2,2,0.7,1987,1921,3512
v_samples,viewpoint,sift,1_2,2,0.75,2112,2003,3512
v_samples,viewpoint,sift,1_2,2,0.8,2304,2077,3512
v_samples,viewpoint,sift,1_2,2,0.85,2638,2124,3512
v_samples,viewpoint,sift,1_2,2,0.9,3286,2161,3512
v_samples,viewpoint,sift,1_2,2,0.95,4749,2204,3512
v_samples,viewpoint,sift,1_2,2,0.99,6940,2238,3512
v_samples,viewpoint,sift,1_3,3,0.5,1225,1219,3620
v_samples,viewpoint,sift,1_3,3,0.55,1455,1444,3620
v_samples,viewpoint,sift,1_3,3,0.6,1656,1637,3620
v_samples,viewpoint,sift,1_3,3,0.65,1814,1780,3620
v_samples,viewpoint,sift,1_3,3,0.7,1966,1904,3620
v_samples,viewpoint,sift,1_3,3,0.75,2122,2012,3620
v_samples,viewpoint,sift,1_3,3,0.8,2337,2102,3620
v_samples,viewpoint,sift,1_3,3,0.85,2693,2179,3620
v_samples,viewpoint,sift,1_3,3,0.9,3340,2246,3620
v_samples,viewpoint,sift,1_3,3,0.95,4763,2330,3620
v_samples,viewpoint,sift,1_3,3,0.99,6943,2366,3620
v_samples,viewpoint,sift,1_4,4,0.5,377,375,3536
v_samples,viewpoint,sift,1_4,4,0.55,560,552,3536
v_samples,viewpoint,sift,1_4,4,0.6,735,721,3536
v_samples,viewpoint,sift,1_4,4,0.65,931,908,3536
v_samples,viewpoint,sift,1_4,4,0.7,1139,1088,3536
v_samples,viewpoint,sift,1_4,4,0.75,1390,1264,3536
v_samples,viewpoint,sift,1_4,4,0.8,1682,1419,3536
v_samples,viewpoint,sift,1_4,4,0.85,2119,1557,3536
v_samples,viewpoint,sift,1_4,4,0.9,2856,1664,3536
v_samples,viewpoint,sift,1_4,4,0.95,4432,1785,3536
v_samples,viewpoint,sift,1_4,4,0.99,6820,1857,3536
v_samples,viewpoint,sift,1_5,5,0.5,782,779,3444
v_samples,viewpoint,sift,1_5,5,0.55,976,969,3444
v_samples,viewpoint,sift,1_5,5,0.6,1168,1155,3444
v_samples,viewpoint,sift,1_5,5,0.65,1376,1351,3444
v_samples,viewpoint,sift,1_5,5,0.7,1561,1513,3444
v_samples,viewpoint,sift,1_5,5,0.75,1759,1654,3444
v_samples,viewpoint,sift,1_5,5,0.8,2010,1769,3444
v_samples,viewpoint,sift,1_5,5,0.85,2389,1865,3444
v_samples,viewpoint,sift,1_5,5,0.9,3106,1967,3444
v_samples,viewpoint,sift,1_5,5,0.95,4536,2045,3444
v_samples,viewpoint,sift,1_5,5,0.99,6821,2084,3444
v_samples,viewpoint,sift,1_6,6,0.5,215,214,3237
v_samples,viewpoint,sift,1_6,6,0.55,342,337,3237
v_samples,viewpoint,sift,1_6,6,0.6,492,474,3237
v_samples,viewpoint,sift,1_6,6,0.65,650,618,3237
v_samples,viewpoint,sift,1_6,6,0.7,847,785,3237
v_samples,viewpoint,sift,1_6,6,0.75,1096,974,3237
v_samples,viewpoint,sift,1_6,6,0.8,1387,1112,3237
v_samples,viewpoint,sift,1_6,6,0.85,1866,1260,3237
v_samples,viewpoint,sift,1_6,6,0.9,2637,1364,3237
v_samples,viewpoint,sift,1_6,6,0.95,4221,1471,3237
v_samples,viewpoint,sift,1_6,6,0.99,6793,1543,3237
v_samples,viewpoint,orb,1_2,2,0.5,129,127,1828
v_samples,viewpoint,orb,1_2,2,0.55,190,186,1828
v_samples,viewpoint,orb,1_2,2,0.6,266,257,1828
v_samples,viewpoint,orb,1_2,2,0.65,345,335,1828
v_samples,viewpoint,orb,1_2,2,0.7,432,416,1828
v_samples,viewpoint,orb,1_2,2,0.75,522,489,1828
v_samples,viewpoint,orb,1_2,2,0.8,624,554,1828
v_samples,viewpoint,orb,1_2,2,0.85,793,644,1828
v_samples,viewpoint,orb,1_2,2,0.9,1035,736,1828
v_samples,viewpoint,orb,1_2,2,0.95,1373,823,1828
v_samples,viewpoint,orb,1_2,2,0.99,1870,902,1828
v_samples,viewpoint,orb,1_3,3,0.5,121,120,1808
v_samples,viewpoint,orb,1_3,3,0.55,199,197,1808
v_samples,viewpoint,orb,1_3,3,0.6,258,255,1808
v_samples,viewpoint,orb,1_3,3,0.65,341,333,1808
v_samples,viewpoint,orb,1_3,3,0.7,423,410,1808
v_samples,viewpoint,orb,1_3,3,0.75,528,502,1808
v_samples,viewpoint,orb,1_3,3,0.8,657,592,1808
v_samples,viewpoint,orb,1_3,3,0.85,812,679,1808
v_samples,viewpoint,orb,1_3,3,0.9,1051,774,1808
v_samples,viewpoint,orb,1_3,3,0.95,1410,880,1808
v_samples,viewpoint,orb,1_3,3,0.99,1867,965,1808
v_samples,viewpoint,orb,1_4,4,0.5,23,22,1713
v_samples,viewpoint,orb,1_4,4,0.55,51,48,1713
v_samples,viewpoint,orb,1_4,4,0.6,85,80,1713
v_samples,viewpoint,orb,1_4,4,0.65,121,112,1713
v_samples,viewpoint,orb,1_4,4,0.7,185,165,1713
v_samples,viewpoint,orb,1_4,4,0.75,242,205,1713
v_samples,viewpoint,orb,1_4,4,0.8,348,270,1713
v_samples,viewpoint,orb,1_4,4,0.85,514,350,1713
v_samples,viewpoint,orb,1_4,4,0.9,764,430,1713
v_samples,viewpoint,orb,1_4,4,0.95,1235,545,1713
v_samples,viewpoint,orb,1_4,4,0.99,1825,626,1713
v_samples,viewpoint,orb,1_5,5,0.5,51,50,1741
v_samples,viewpoint,orb,1_5,5,0.55,82,78,1741
v_samples,viewpoint,orb,1_5,5,0.6,130,123,1741
v_samples,viewpoint,orb,1_5,5,0.65,179,167,1741
v_samples,viewpoint,orb,1_5,5,0.7,248,228,1741
v_samples,viewpoint,orb,1_5,5,0.75,357,322,1741
v_samples,viewpoint,orb,1_5,5,0.8,471,404,1741
v_samples,viewpoint,orb,1_5,5,0.85,643,499,1741
v_samples,viewpoint,orb,1_5,5,0.9,902,601,1741
v_samples,viewpoint,orb,1_5,5,0.95,1304,718,1741
v_samples,viewpoint,orb,1_5,5,0.99,1865,794,1741
v_samples,viewpoint,orb,1_6,6,0.5,13,13,1713
v_samples,viewpoint,orb,1_6,6,0.55,25,22,1713
v_samples,viewpoint,orb,1_6,6,0.6,37,34,1713
v_samples,viewpoint,orb,1_6,6,0.65,64,56,1713
v_samples,viewpoint,orb,1_6,6,0.7,108,92,1713
v_samples,viewpoint,orb,1_6,6,0.75,178,134,1713
v_samples,viewpoint,orb,1_6,6,0.8,283,187,1713
v_samples,viewpoint,orb,1_6,6,0.85,449,256,1713
v_samples,viewpoint,orb,1_6,6,0.9,711,332,1713
v_samples,viewpoint,orb,1_6,6,0.95,1171,419,1713
v_samples,viewpoint,orb,1_6,6,0.99,1852,500,1713
v_soldiers,viewpoint,sift,1_2,2,0.5,89,85,255
v_soldiers,viewpoint,sift,1_2,2,0.55,113,107,255
v_soldiers,viewpoint,sift,1_2,2,0.6,132,126,255
v_soldiers,viewpoint,sift,1_2,2,0.65,157,150,255
v_soldiers,viewpoint,sift,1_2,2,0.7,169,161,255
v_soldiers,viewpoint,sift,1_2,2,0.75,189,173,255
v_soldiers,viewpoint,sift,1_2,2,0.8,206,184,255
v_soldiers,viewpoint,sift,1_2,2,0.85,247,197,255
v_soldiers,viewpoint,sift,1_2,2,0.9,297,204,255
v_soldiers,viewpoint,sift,1_2,2,0.95,395,210,255
v_soldiers,viewpoint,sift,1_2,2,0.99,553,211,255
v_soldiers,viewpoint,sift,1_3,3,0.5,100,95,196
v_soldiers,viewpoint,sift,1_3,3,0.55,108,102,196
v_soldiers,viewpoint,sift,1_3,3,0.6,114,107,196
v_soldiers,viewpoint,sift,1_3,3,0.65,128,118,196
v_soldiers,viewpoint,sift,1_3,3,0.7,141,128,196
v_soldiers,viewpoint,sift,1_3,3,0.75,149,131,196
v_soldiers,viewpoint,sift,1_3,3,0.8,168,143,196
v_soldiers,viewpoint,sift,1_3,3,0.85,196,150,196
v_soldiers,viewpoint,sift,1_3,3,0.9,241,154,196
v_soldiers,viewpoint,sift,1_3,3,0.95,365,158,196
v_soldiers,viewpoint,sift,1_3,3,0.99,552,159,196
v_soldiers,viewpoint,sift,1_4,4,0.5,55,53,194
v_soldiers,viewpoint,sift,1_4,4,0.55,70,68,194
v_soldiers,viewpoint,sift,1_4,4,0.6,87,84,194
v_soldiers,viewpoint,sift,1_4,4,0.65,96,90,194
v_soldiers,viewpoint,sift,1_4,4,0.7,110,101,194
v_soldiers,viewpoint,sift,1_4,4,0.75,122,105,194
v_soldiers,viewpoint,sift,1_4,4,0.8,137,111,194
v_soldiers,viewpoint,sift,1_4,4,0.85,171,123,194
v_soldiers,viewpoint,sift,1_4,4,0.9,225,133,194
v_soldiers,viewpoint,sift,1_4,4,0.95,348,139,194
v_soldiers,viewpoint,sift,1_4,4,0.99,541,144,194
v_soldiers,viewpoint,sift,1_5,5,0.5,27,25,168
v_soldiers,viewpoint,sift,1_5,5,0.55,29,27,168
v_soldiers,viewpoint,sift,1_5,5,0.6,37,32,168
v_soldiers,viewpoint,sift,1_5,5,0.65,47,40,168
v_soldiers,viewpoint,sift,1_5,5,0.7,61,52,168
v_soldiers,viewpoint,sift,1_5,5,0.75,73,59,168
v_soldiers,viewpoint,sift,1_5,5,0.8,95,68,168
v_soldiers,viewpoint,sift,1_5,5,0.85,130,78,168
v_soldiers,viewpoint,sift,1_5,5,0.9,189,84,168
v_soldiers,viewpoint,sift,1_5,5,0.95,328,92,168
v_soldiers,viewpoint,sift,1_5,5,0.99,548,93,168
v_soldiers,viewpoint,sift,1_6,6,0.5,55,55,353
v_soldiers,viewpoint,sift,1_6,6,0.55,78,77,353
v_soldiers,viewpoint,sift,1_6,6,0.6,111,108,353
v_soldiers,viewpoint,sift,1_6,6,0.65,133,126,353
v_soldiers,viewpoint,sift,1_6,6,0.7,154,144,353
v_soldiers,viewpoint,sift,1_6,6,0.75,176,163,353
v_soldiers,viewpoint,sift,1_6,6,0.8,207,183,353
v_soldiers,viewpoint,sift,1_6,6,0.85,258,207,353
v_soldiers,viewpoint,sift,1_6,6,0.9,308,218,353
v_soldiers,viewpoint,sift,1_6,6,0.95,420,237,353
v_soldiers,viewpoint,sift,1_6,6,0.99,573,244,353
v_soldiers,viewpoint,orb,1_2,2,0.5,26,24,854
v_soldiers,viewpoint,orb,1_2,2,0.55,44,40,854
v_soldiers,viewpoint,orb,1_2,2,0.6,78,72,854
v_soldiers,viewpoint,orb,1_2,2,0.65,118,108,854
v_soldiers,viewpoint,orb,1_2,2,0.7,160,142,854
v_soldiers,viewpoint,orb,1_2,2,0.75,219,187,854
v_soldiers,viewpoint,orb,1_2,2,0.8,304,246,854
v_soldiers,viewpoint,orb,1_2,2,0.85,416,307,854
v_soldiers,viewpoint,orb,1_2,2,0.9,577,364,854
v_soldiers,viewpoint,orb,1_2,2,0.95,921,437,854
v_soldiers,viewpoint,orb,1_2,2,0.99,1447,498,854
v_soldiers,viewpoint,orb,1_3,3,0.5,48,44,719
v_soldiers,viewpoint,orb,1_3,3,0.55,75,68,719
v_soldiers,viewpoint,orb,1_3,3,0.6,100,89,719
v_soldiers,viewpoint,orb,1_3,3,0.65,132,118,719
v_soldiers,viewpoint,orb,1_3,3,0.7,183,163,719
v_soldiers,viewpoint,orb,1_3,3,0.75,237,207,719
v_soldiers,viewpoint,orb,1_3,3,0.8,324,263,719
v_soldiers,viewpoint,orb,1_3,3,0.85,432,311,719
v_soldiers,viewpoint,orb,1_3,3,0.9,599,355,719
v_soldiers,viewpoint,orb,1_3,3,0.95,929,404,719
v_soldiers,viewpoint,orb,1_3,3,0.99,1469,443,719
v_soldiers,viewpoint,orb,1_4,4,0.5,21,20,732
v_soldiers,viewpoint,orb,1_4,4,0.55,41,39,732
v_soldiers,viewpoint,orb,1_4,4,0.6,74,68,732
v_soldiers,viewpoint,orb,1_4,4,0.65,102,95,732
v_soldiers,viewpoint,orb,1_4,4,0.7,133,121,732
v_soldiers,viewpoint,orb,1_4,4,0.75,186,164,732
v_soldiers,viewpoint,orb,1_4,4,0.8,235,195,732
v_soldiers,viewpoint,orb,1_4,4,0.85,353,254,732
v_soldiers,viewpoint,orb,1_4,4,0.9,515,296,732
v_soldiers,viewpoint,orb,1_4,4,0.95,860,351,732
v_soldiers,viewpoint,orb,1_4,4,0.99,1445,398,732
v_soldiers,viewpoint,orb,1_5,5,0.5,21,18,519
v_soldiers,viewpoint,orb,1_5,5,0.55,25,21,519
v_soldiers,viewpoint,orb,1_5,5,0.6,37,32,519
v_soldiers,viewpoint,orb,1_5,5,0.65,58,47,519
v_soldiers,viewpoint,orb,1_5,5,0.7,87,69,519
v_soldiers,viewpoint,orb,1_5,5,0.75,118,90,519
v_soldiers,viewpoint,orb,1_5,5,0.8,161,105,519
v_soldiers,viewpoint,orb,1_5,5,0.85,252,142,519
v_soldiers,viewpoint,orb,1_5,5,0.9,430,179,519
v_soldiers,viewpoint,orb,1_5,5,0.95,807,222,519
v_soldiers,viewpoint,orb,1_5,5,0.99,1437,267,519
v_soldiers,viewpoint,orb,1_6,6,0.5,3,3,924
v_soldiers,viewpoint,orb,1_6,6,0.55,11,10,924
v_soldiers,viewpoint,orb,1_6,6,0.6,17,16,924
v_soldiers,viewpoint,orb,1_6,6,0.65,38,37,924
v_soldiers,viewpoint,orb,1_6,6,0.7,69,67,924
v_soldiers,viewpoint,orb,1_6,6,0.75,112,106,924
v_soldiers,viewpoint,orb,1_6,6,0.8,177,154,924
v_soldiers,viewpoint,orb,1_6,6,0.85,295,232,924
v_soldiers,viewpoint,orb,1_6,6,0.9,516,323,924
v_soldiers,viewpoint,orb,1_6,6,0.95,879,409,924
v_soldiers,viewpoint,orb,1_6,6,0.99,1423,475,924
v_strand,viewpoint,sift,1_2,2,0.5,2202,2191,3763
v_strand,viewpoint,sift,1_2,2,0.55,2389,2374,3763
v_strand,viewpoint,sift,1_2,2,0.6,2544,2515,3763
v_strand,viewpoint,sift,1_2,2,0.65,2658,2623,3763
v_strand,viewpoint,sift,1_2,2,0.7,2782,2728,3763
v_strand,viewpoint,sift,1_2,2,0.75,2931,2838,3763
v_strand,viewpoint,sift,1_2,2,0.8,3072,2914,3763
v_strand,viewpoint,sift,1_2,2,0.85,3270,2974,3763
v_strand,viewpoint,sift,1_2,2,0.9,3591,3027,3763
v_strand,viewpoint,sift,1_2,2,0.95,4131,3079,3763
v_strand,viewpoint,sift,1_2,2,0.99,4855,3109,3763
v_strand,viewpoint,sift,1_3,3,0.5,941,700,2448
v_strand,viewpoint,sift,1_3,3,0.55,1125,836,2448
v_strand,viewpoint,sift,1_3,3,0.6,1284,941,2448
v_strand,viewpoint,sift,1_3,3,0.65,1441,1028,2448
v_strand,viewpoint,sift,1_3,3,0.7,1611,1139,2448
v_strand,viewpoint,sift,1_3,3,0.75,1783,1226,2448
v_strand,viewpoint,sift,1_3,3,0.8,1974,1305,2448
v_strand,viewpoint,sift,1_3,3,0.85,2260,1392,2448
v_strand,viewpoint,sift,1_3,3,0.9,2691,1447,2448
v_strand,viewpoint,sift,1_3,3,0.95,3510,1511,2448
v_strand,viewpoint,sift,1_3,3,0.99,4718,1555,2448
v_strand,viewpoint,sift,1_4,4,0.5,478,398,2104
v_strand,viewpoint,sift,1_4,4,0.55,655,543,2104
v_strand,viewpoint,sift,1_4,4,0.6,807,646,2104
v_strand,viewpoint,sift,1_4,4,0.65,957,756,2104
v_strand,viewpoint,sift,1_4,4,0.7,1145,859,2104
v_strand,viewpoint,sift,1_4,4,0.75,1301,937,2104
v_strand,viewpoint,sift,1_4,4,0.8,1543,1025,2104
v_strand,viewpoint,sift,1_4,4,0.85,1827,1086,2104
v_strand,viewpoint,sift,1_4,4,0.9,2339,1157,2104
v_strand,viewpoint,sift,1_4,4,0.95,3266,1214,2104
v_strand,viewpoint,sift,1_4,4,0.99,4656,1249,2104
v_strand,viewpoint,sift,1_5,5,0.5,488,380,1910
v_strand,viewpoint,sift,1_5,5,0.55,621,480,1910
v_strand,viewpoint,sift,1_5,5,0.6,770,577,1910
v_strand,viewpoint,sift,1_5,5,0.65,936,678,1910
v_strand,viewpoint,sift,1_5,5,0.7,1115,771,1910
v_strand,viewpoint,sift,1_5,5,0.75,1275,839,1910
v_strand,viewpoint,sift,1_5,5,0.8,1501,909,1910
v_strand,viewpoint,sift,1_5,5,0.85,1791,960,1910
v_strand,viewpoint,sift,1_5,5,0.9,2317,1009,1910
v_strand,viewpoint,sift,1_5,5,0.95,3317,1066,1910
v_strand,viewpoint,sift,1_5,5,0.99,4642,1084,1910
v_strand,viewpoint,sift,1_6,6,0.5,170,86,1967
v_strand,viewpoint,sift,1_6,6,0.55,241,125,1967
v_strand,viewpoint,sift,1_6,6,0.6,335,187,1967
v_strand,viewpoint,sift,1_6,6,0.65,440,247,1967
v_strand,viewpoint,sift,1_6,6,0.7,579,329,1967
v_strand,viewpoint,sift,1_6,6,0.75,755,413,1967
v_strand,viewpoint,sift,1_6,6,0.8,998,492,1967
v_strand,viewpoint,sift,1_6,6,0.85,1340,571,1967
v_strand,viewpoint,sift,1_6,6,0.9,1935,638,1967
v_strand,viewpoint,sift,1_6,6,0.95,2998,696,1967
v_strand,viewpoint,sift,1_6,6,0.99,4558,743,1967
v_strand,viewpoint,orb,1_2,2,0.5,606,596,1839
v_strand,viewpoint,orb,1_2,2,0.55,743,729,1839
v_strand,viewpoint,orb,1_2,2,0.6,874,855,1839
v_strand,viewpoint,orb,1_2,2,0.65,998,971,1839
v_strand,viewpoint,orb,1_2,2,0.7,1105,1073,1839
v_strand,viewpoint,orb,1_2,2,0.75,1221,1178,1839
v_strand,viewpoint,orb,1_2,2,0.8,1320,1263,1839
v_strand,viewpoint,orb,1_2,2,0.85,1426,1341,1839
v_strand,viewpoint,orb,1_2,2,0.9,1549,1420,1839
v_strand,viewpoint,orb,1_2,2,0.95,1731,1487,1839
v_strand,viewpoint,orb,1_2,2,0.99,1940,1537,1839
v_strand,viewpoint,orb,1_3,3,0.5,133,99,1704
v_strand,viewpoint,orb,1_3,3,0.55,232,170,1704
v_strand,viewpoint,orb,1_3,3,0.6,315,232,1704
v_strand,viewpoint,orb,1_3,3,0.65,423,312,1704
v_strand,viewpoint,orb,1_3,3,0.7,544,405,1704
v_strand,viewpoint,orb,1_3,3,0.75,684,500,1704
v_strand,viewpoint,orb,1_3,3,0.8,821,587,1704
v_strand,viewpoint,orb,1_3,3,0.85,1008,710,1704
v_strand,viewpoint,orb,1_3,3,0.9,1233,818,1704
v_strand,viewpoint,orb,1_3,3,0.95,1530,928,1704
v_strand,viewpoint,orb,1_3,3,0.99,1898,1012,1704
v_strand,viewpoint,orb,1_4,4,0.5,63,55,1725
v_strand,viewpoint,orb,1_4,4,0.55,108,95,1725
v_strand,viewpoint,orb,1_4,4,0.6,162,143,1725
v_strand,viewpoint,orb,1_4,4,0.65,249,223,1725
v_strand,viewpoint,orb,1_4,4,0.7,367,323,1725
v_strand,viewpoint,orb,1_4,4,0.75,504,439,1725
v_strand,viewpoint,orb,1_4,4,0.8,668,569,1725
v_strand,viewpoint,orb,1_4,4,0.85,853,699,1725
v_strand,viewpoint,orb,1_4,4,0.9,1115,853,1725
v_strand,viewpoint,orb,1_4,4,0.95,1460,982,1725
v_strand,viewpoint,orb,1_4,4,0.99,1885,1083,1725
v_strand,viewpoint,orb,1_5,5,0.5,51,48,1672
v_strand,viewpoint,orb,1_5,5,0.55,89,82,1672
v_strand,viewpoint,orb,1_5,5,0.6,133,125,1672
v_strand,viewpoint,orb,1_5,5,0.65,205,194,1672
v_strand,viewpoint,orb,1_5,5,0.7,284,267,1672
v_strand,viewpoint,orb,1_5,5,0.75,405,370,1672
v_strand,viewpoint,orb,1_5,5,0.8,551,479,1672
v_strand,viewpoint,orb,1_5,5,0.85,720,598,1672
v_strand,viewpoint,orb,1_5,5,0.9,960,721,1672
v_strand,viewpoint,orb,1_5,5,0.95,1353,881,1672
v_strand,viewpoint,orb,1_5,5,0.99,1857,1002,1672
v_strand,viewpoint,orb,1_6,6,0.5,6,4,1748
v_strand,viewpoint,orb,1_6,6,0.55,17,14,1748
v_strand,viewpoint,orb,1_6,6,0.6,31,26,1748
v_strand,viewpoint,orb,1_6,6,0.65,57,43,1748
v_strand,viewpoint,orb,1_6,6,0.7,99,76,1748
v_strand,viewpoint,orb,1_6,6,0.75,157,123,1748
v_strand,viewpoint,orb,1_6,6,0.8,235,176,1748
v_strand,viewpoint,orb,1_6,6,0.85,367,248,1748
v_strand,viewpoint,orb,1_6,6,0.9,639,357,1748
v_strand,viewpoint,orb,1_6,6,0.95,1138,493,1748
v_strand,viewpoint,orb,1_6,6,0.99,1842,612,1748
v_sunseason,viewpoint,sift,1_2,2,0.5,4582,4040,11451
v_sunseason,viewpoint,sift,1_2,2,0.55,5270,4558,11451
v_sunseason,viewpoint,sift,1_2,2,0.6,5984,5090,11451
v_sunseason,viewpoint,sift,1_2,2,0.65,6678,5571,11451
v_sunseason,viewpoint,sift,1_2,2,0.7,7405,6041,11451
v_sunseason,viewpoint,sift,1_2,2,0.75,8115,6457,11451
v_sunseason,viewpoint,sift,1_2,2,0.8,8871,6827,11451
v_sunseason,viewpoint,sift,1_2,2,0.85,9724,7170,11451
v_sunseason,viewpoint,sift,1_2,2,0.9,10777,7482,11451
v_sunseason,viewpoint,sift,1_2,2,0.95,12457,7766,11451
v_sunseason,viewpoint,sift,1_2,2,0.99,14843,7996,11451
v_sunseason,viewpoint,sift,1_3,3,0.5,2366,1774,10007
v_sunseason,viewpoint,sift,1_3,3,0.55,2850,2096,10007
v_sunseason,viewpoint,sift,1_3,3,0.6,3310,2391,10007
v_sunseason,viewpoint,sift,1_3,3,0.65,3825,2706,10007
v_sunseason,viewpoint,sift,1_3,3,0.7,4408,3035,10007
v_sunseason,viewpoint,sift,1_3,3,0.75,5071,3385,10007
v_sunseason,viewpoint,sift,1_3,3,0.8,5854,3734,10007
v_sunseason,viewpoint,sift,1_3,3,0.85,6853,4132,10007
v_sunseason,viewpoint,sift,1_3,3,0.9,8247,4501,10007
v_sunseason,viewpoint,sift,1_3,3,0.95,10668,4897,10007
v_sunseason,viewpoint,sift,1_3,3,0.99,14330,5193,10007
v_sunseason,viewpoint,sift,1_4,4,0.5,587,376,8378
v_sunseason,viewpoint,sift,1_4,4,0.55,824,501,8378
v_sunseason,viewpoint,sift,1_4,4,0.6,1092,626,8378
v_sunseason,viewpoint,sift,1_4,4,0.65,1442,767,8378
v_sunseason,viewpoint,sift,1_4,4,0.7,1866,936,8378
v_sunseason,viewpoint,sift,1_4,4,0.75,2414,1119,8378
v_sunseason,viewpoint,sift,1_4,4,0.8,3158,1313,8378
v_sunseason,viewpoint,sift,1_4,4,0.85,4140,1523,8378
v_sunseason,viewpoint,sift,1_4,4,0.9,5740,1753,8378
v_sunseason,viewpoint,sift,1_4,4,0.95,8736,1978,8378
v_sunseason,viewpoint,sift,1_4,4,0.99,13790,2167,8378
v_sunseason,viewpoint,sift,1_5,5,0.5,323,127,7157
v_sunseason,viewpoint,sift,1_5,5,0.55,477,181,7157
v_sunseason,viewpoint,sift,1_5,5,0.6,691,246,7157
v_sunseason,viewpoint,sift,1_5,5,0.65,983,325,7157
v_sunseason,viewpoint,sift,1_5,5,0.7,1314,407,7157
v_sunseason,viewpoint,sift,1_5,5,0.75,1776,512,7157
v_sunseason,viewpoint,sift,1_5,5,0.8,2375,636,7157
v_sunseason,viewpoint,sift,1_5,5,0.85,3235,785,7157
v_sunseason,viewpoint,sift,1_5,5,0.9,4744,926,7157
v_sunseason,viewpoint,sift,1_5,5,0.95,7970,1074,7157
v_sunseason,viewpoint,sift,1_5,5,0.99,13531,1200,7157
v_sunseason,viewpoint,sift,1_6,6,0.5,164,83,6668
v_sunseason,viewpoint,sift,1_6,6,0.55,243,102,6668
v_sunseason,viewpoint,sift,1_6,6,0.6,377,134,6668
v_sunseason,viewpoint,sift,1_6,6,0.65,533,169,6668
v_sunseason,viewpoint,sift,1_6,6,0.7,755,219,6668
v_sunseason,viewpoint,sift,1_6,6,0.75,1105,283,6668
v_sunseason,viewpoint,sift,1_6,6,0.8,1604,371,6668
v_sunseason,viewpoint,sift,1_6,6,0.85,2397,451,6668
v_sunseason,viewpoint,sift,1_6,6,0.9,3874,529,6668
v_sunseason,viewpoint,sift,1_6,6,0.95,7233,623,6668
v_sunseason,viewpoint,sift,1_6,6,0.99,13313,697,6668
v_sunseason,viewpoint,orb,1_2,2,0.5,536,509,1702
v_sunseason,viewpoint,orb,1_2,2,0.55,662,626,1702
v_sunseason,viewpoint,orb,1_2,2,0.6,757,710,1702
v_sunseason,viewpoint,orb,1_2,2,0.65,877,815,1702
v_sunseason,viewpoint,orb,1_2,2,0.7,983,907,1702
v_sunseason,viewpoint,orb,1_2,2,0.75,1089,990,1702
v_sunseason,viewpoint,orb,1_2,2,0.8,1199,1066,1702
v_sunseason,viewpoint,orb,1_2,2,0.85,1315,1136,1702
v_sunseason,viewpoint,orb,1_2,2,0.9,1472,1203,1702
v_sunseason,viewpoint,orb,1_2,2,0.95,1665,1266,1702
v_sunseason,viewpoint,orb,1_2,2,0.99,1923,1298,1702
v_sunseason,viewpoint,orb,1_3,3,0.5,263,237,1632
v_sunseason,viewpoint,orb,1_3,3,0.55,378,329,1632
v_sunseason,viewpoint,orb,1_3,3,0.6,479,417,1632
v_sunseason,viewpoint,orb,1_3,3,0.65,582,493,1632
v_sunseason,viewpoint,orb,1_3,3,0.7,675,566,1632
v_sunseason,viewpoint,orb,1_3,3,0.75,797,659,1632
v_sunseason,viewpoint,orb,1_3,3,0.8,917,743,1632
v_sunseason,viewpoint,orb,1_3,3,0.85,1070,838,1632
v_sunseason,viewpoint,orb,1_3,3,0.9,1262,919,1632
v_sunseason,viewpoint,orb,1_3,3,0.95,1542,999,1632
v_sunseason,viewpoint,orb,1_3,3,0.99,1916,1067,1632
v_sunseason,viewpoint,orb,1_4,4,0.5,70,57,1295
v_sunseason,viewpoint,orb,1_4,4,0.55,123,96,1295
v_sunseason,viewpoint,orb,1_4,4,0.6,172,136,1295
v_sunseason,viewpoint,orb,1_4,4,0.65,234,179,1295
v_sunseason,viewpoint,orb,1_4,4,0.7,326,241,1295
v_sunseason,viewpoint,orb,1_4,4,0.75,397,288,1295
v_sunseason,viewpoint,orb,1_4,4,0.8,505,357,1295
v_sunseason,viewpoint,orb,1_4,4,0.85,649,420,1295
v_sunseason,viewpoint,orb,1_4,4,0.9,881,485,1295
v_sunseason,viewpoint,orb,1_4,4,0.95,1240,536,1295
v_sunseason,viewpoint,orb,1_4,4,0.99,1845,596,1295
v_sunseason,viewpoint,orb,1_5,5,0.5,3,2,1123
v_sunseason,viewpoint,orb,1_5,5,0.55,8,5,1123
v_sunseason,viewpoint,orb,1_5,5,0.6,16,12,1123
v_sunseason,viewpoint,orb,1_5,5,0.65,36,21,1123
v_sunseason,viewpoint,orb,1_5,5,0.7,55,35,1123
v_sunseason,viewpoint,orb,1_5,5,0.75,93,60,1123
v_sunseason,viewpoint,orb,1_5,5,0.8,165,94,1123
v_sunseason,viewpoint,orb,1_5,5,0.85,288,137,1123
v_sunseason,viewpoint,orb,1_5,5,0.9,520,196,1123
v_sunseason,viewpoint,orb,1_5,5,0.95,994,265,1123
v_sunseason,viewpoint,orb,1_5,5,0.99,1803,337,1123
v_sunseason,viewpoint,orb,1_6,6,0.5,1,0,900
v_sunseason,viewpoint,orb,1_6,6,0.55,1,0,900
v_sunseason,viewpoint,orb,1_6,6,0.6,2,0,900
v_sunseason,viewpoint,orb,1_6,6,0.65,5,1,900
v_sunseason,viewpoint,orb,1_6,6,0.7,10,3,900
v_sunseason,viewpoint,orb,1_6,6,0.75,23,7,900
v_sunseason,viewpoint,orb,1_6,6,0.8,61,11,900
v_sunseason,viewpoint,orb,1_6,6,0.85,142,22,900
v_sunseason,viewpoint,orb,1_6,6,0.9,350,44,900
v_sunseason,viewpoint,orb,1_6,6,0.95,870,66,900
v_sunseason,viewpoint,orb,1_6,6,0.99,1781,102,900
v_tabletop,viewpoint,sift,1_2,2,0.5,513,505,4519
v_tabletop,viewpoint,sift,1_2,2,0.55,860,844,4519
v_tabletop,viewpoint,sift,1_2,2,0.6,1242,1210,4519
v_tabletop,viewpoint,sift,1_2,2,0.65,1614,1559,4519
v_tabletop,viewpoint,sift,1_2,2,0.7,1960,1864,4519
v_tabletop,viewpoint,sift,1_2,2,0.75,2305,2127,4519
v_tabletop,viewpoint,sift,1_2,2,0.8,2730,2374,4519
v_tabletop,viewpoint,sift,1_2,2,0.85,3236,2566,4519
v_tabletop,viewpoint,sift,1_2,2,0.9,4146,2734,4519
v_tabletop,viewpoint,sift,1_2,2,0.95,5963,2881,4519
v_tabletop,viewpoint,sift,1_2,2,0.99,8934,2959,4519
v_tabletop,viewpoint,sift,1_3,3,0.5,5,3,4913
v_tabletop,viewpoint,sift,1_3,3,0.55,13,10,4913
v_tabletop,viewpoint,sift,1_3,3,0.6,33,21,4913
v_tabletop,viewpoint,sift,1_3,3,0.65,62,40,4913
v_tabletop,viewpoint,sift,1_3,3,0.7,119,71,4913
v_tabletop,viewpoint,sift,1_3,3,0.75,229,105,4913
v_tabletop,viewpoint,sift,1_3,3,0.8,474,166,4913
v_tabletop,viewpoint,sift,1_3,3,0.85,954,254,4913
v_tabletop,viewpoint,sift,1_3,3,0.9,2014,359,4913
v_tabletop,viewpoint,sift,1_3,3,0.95,4427,492,4913
v_tabletop,viewpoint,sift,1_3,3,0.99,8510,613,4913
v_tabletop,viewpoint,sift,1_4,4,0.5,5,1,4380
v_tabletop,viewpoint,sift,1_4,4,0.55,9,3,4380
v_tabletop,viewpoint,sift,1_4,4,0.6,20,5,4380
v_tabletop,viewpoint,sift,1_4,4,0.65,46,14,4380
v_tabletop,viewpoint,sift,1_4,4,0.7,99,25,4380
v_tabletop,viewpoint,sift,1_4,4,0.75,204,52,4380
v_tabletop,viewpoint,sift,1_4,4,0.8,407,88,4380
v_tabletop,viewpoint,sift,1_4,4,0.85,879,130,4380
v_tabletop,viewpoint,sift,1_4,4,0.9,1921,195,4380
v_tabletop,viewpoint,sift,1_4,4,0.95,4333,312,4380
v_tabletop,viewpoint,sift,1_4,4,0.99,8499,405,4380
v_tabletop,viewpoint,sift,1_5,5,0.5,3,0,4342
v_tabletop,viewpoint,sift,1_5,5,0.55,5,0,4342
v_tabletop,viewpoint,sift,1_5,5,0.6,24,4,4342
v_tabletop,viewpoint,sift,1_5,5,0.65,43,12,4342
v_tabletop,viewpoint,sift,1_5,5,0.7,93,26,4342
v_tabletop,viewpoint,sift,1_5,5,0.75,187,44,4342
v_tabletop,viewpoint,sift,1_5,5,0.8,402,81,4342
v_tabletop,viewpoint,sift,1_5,5,0.85,869,123,4342
v_tabletop,viewpoint,sift,1_5,5,0.9,1954,195,4342
v_tabletop,viewpoint,sift,1_5,5,0.95,4336,280,4342
v_tabletop,viewpoint,sift,1_5,5,0.99,8492,371,4342
v_tabletop,viewpoint,sift,1_6,6,0.5,2,2,4353
v_tabletop,viewpoint,sift,1_6,6,0.55,8,4,4353
v_tabletop,viewpoint,sift,1_6,6,0.6,17,7,4353
v_tabletop,viewpoint,sift,1_6,6,0.65,41,19,4353
v_tabletop,viewpoint,sift,1_6,6,0.7,96,38,4353
v_tabletop,viewpoint,sift,1_6,6,0.75,205,64,4353
v_tabletop,viewpoint,sift,1_6,6,0.8,404,108,4353
v_tabletop,viewpoint,sift,1_6,6,0.85,899,157,4353
v_tabletop,viewpoint,sift,1_6,6,0.9,1963,234,4353
v_tabletop,viewpoint,sift,1_6,6,0.95,4373,343,4353
v_tabletop,viewpoint,sift,1_6,6,0.99,8548,460,4353
v_tabletop,viewpoint,orb,1_2,2,0.5,14,14,1488
v_tabletop,viewpoint,orb,1_2,2,0.55,35,31,1488
v_tabletop,viewpoint,orb,1_2,2,0.6,64,56,1488
v_tabletop,viewpoint,orb,1_2,2,0.65,121,106,1488
v_tabletop,viewpoint,orb,1_2,2,0.7,213,185,1488
v_tabletop,viewpoint,orb,1_2,2,0.75,324,275,1488
v_tabletop,viewpoint,orb,1_2,2,0.8,471,374,1488
v_tabletop,viewpoint,orb,1_2,2,0.85,656,495,1488
v_tabletop,viewpoint,orb,1_2,2,0.9,915,606,1488
v_tabletop,viewpoint,orb,1_2,2,0.95,1323,723,1488
v_tabletop,viewpoint,orb,1_2,2,0.99,1883,836,1488
v_tabletop,viewpoint,orb,1_3,3,0.5,0,0,1625
v_tabletop,viewpoint,orb,1_3,3,0.55,1,0,1625
v_tabletop,viewpoint,orb,1_3,3,0.6,1,0,1625
v_tabletop,viewpoint,orb,1_3,3,0.65,11,1,1625
v_tabletop,viewpoint,orb,1_3,3,0.7,21,1,1625
v_tabletop,viewpoint,orb,1_3,3,0.75,40,2,1625
v_tabletop,viewpoint,orb,1_3,3,0.8,87,6,1625
v_tabletop,viewpoint,orb,1_3,3,0.85,183,17,1625
v_tabletop,viewpoint,orb,1_3,3,0.9,401,35,1625
v_tabletop,viewpoint,orb,1_3,3,0.95,918,69,1625
v_tabletop,viewpoint,orb,1_3,3,0.99,1801,111,1625
v_tabletop,viewpoint,orb,1_4,4,0.5,1,0,1430
v_tabletop,viewpoint,orb,1_4,4,0.55,2,0,1430
v_tabletop,viewpoint,orb,1_4,4,0.6,4,0,1430
v_tabletop,viewpoint,orb,1_4,4,0.65,11,0,1430
v_tabletop,viewpoint,orb,1_4,4,0.7,27,1,1430
v_tabletop,viewpoint,orb,1_4,4,0.75,38,2,1430
v_tabletop,viewpoint,orb,1_4,4,0.8,84,3,1430
v_tabletop,viewpoint,orb,1_4,4,0.85,188,11,1430
v_tabletop,viewpoint,orb,1_4,4,0.9,396,20,1430
v_tabletop,viewpoint,orb,1_4,4,0.95,900,36,1430
v_tabletop,viewpoint,orb,1_4,4,0.99,1791,78,1430
v_tabletop,viewpoint,orb,1_5,5,0.5,0,0,1569
v_tabletop,viewpoint,orb,1_5,5,0.55,1,0,1569
v_tabletop,viewpoint,orb,1_5,5,0.6,3,0,1569
v_tabletop,viewpoint,orb,1_5,5,0.65,8,0,1569
v_tabletop,viewpoint,orb,1_5,5,0.7,17,0,1569
v_tabletop,viewpoint,orb,1_5,5,0.75,31,1,1569
v_tabletop,viewpoint,orb,1_5,5,0.8,89,5,1569
v_tabletop,viewpoint,orb,1_5,5,0.85,187,13,1569
v_tabletop,viewpoint,orb,1_5,5,0.9,410,32,1569
v_tabletop,viewpoint,orb,1_5,5,0.95,921,64,1569
v_tabletop,viewpoint,orb,1_5,5,0.99,1773,103,1569
v_tabletop,viewpoint,orb,1_6,6,0.5,1,0,1480
v_tabletop,viewpoint,orb,1_6,6,0.55,3,0,1480
v_tabletop,viewpoint,orb,1_6,6,0.6,5,0,1480
v_tabletop,viewpoint,orb,1_6,6,0.65,9,1,1480
v_tabletop,viewpoint,orb,1_6,6,0.7,19,2,1480
v_tabletop,viewpoint,orb,1_6,6,0.75,37,3,1480
v_tabletop,viewpoint,orb,1_6,6,0.8,91,6,1480
v_tabletop,viewpoint,orb,1_6,6,0.85,199,15,1480
v_tabletop,viewpoint,orb,1_6,6,0.9,403,26,1480
v_tabletop,viewpoint,orb,1_6,6,0.95,901,54,1480
v_tabletop,viewpoint,orb,1_6,6,0.99,1776,95,1480
v_talent,viewpoint,sift,1_2,2,0.5,706,661,3417
v_talent,viewpoint,sift,1_2,2,0.55,831,770,3417
v_talent,viewpoint,sift,1_2,2,0.6,976,884,3417
v_talent,viewpoint,sift,1_2,2,0.65,1118,989,3417
v_talent,viewpoint,sift,1_2,2,0.7,1267,1066,3417
v_talent,viewpoint,sift,1_2,2,0.75,1449,1152,3417
v_talent,viewpoint,sift,1_2,2,0.8,1710,1206,3417
v_talent,viewpoint,sift,1_2,2,0.85,2134,1271,3417
v_talent,viewpoint,sift,1_2,2,0.9,2948,1325,3417
v_talent,viewpoint,sift,1_2,2,0.95,4577,1360,3417
v_talent,viewpoint,sift,1_2,2,0.99,7268,1394,3417
v_talent,viewpoint,sift,1_3,3,0.5,595,533,3621
v_talent,viewpoint,sift,1_3,3,0.55,729,639,3621
v_talent,viewpoint,sift,1_3,3,0.6,851,727,3621
v_talent,viewpoint,sift,1_3,3,0.65,1001,819,3621
v_talent,viewpoint,sift,1_3,3,0.7,1156,901,3621
v_talent,viewpoint,sift,1_3,3,0.75,1385,1007,3621
v_talent,viewpoint,sift,1_3,3,0.8,1688,1093,3621
v_talent,viewpoint,sift,1_3,3,0.85,2135,1170,3621
v_talent,viewpoint,sift,1_3,3,0.9,3007,1239,3621
v_talent,viewpoint,sift,1_3,3,0.95,4638,1298,3621
v_talent,viewpoint,sift,1_3,3,0.99,7266,1347,3621
v_talent,viewpoint,sift,1_4,4,0.5,330,286,3689
v_talent,viewpoint,sift,1_4,4,0.55,411,344,3689
v_talent,viewpoint,sift,1_4,4,0.6,506,415,3689
v_talent,viewpoint,sift,1_4,4,0.65,615,485,3689
v_talent,viewpoint,sift,1_4,4,0.7,717,545,3689
v_talent,viewpoint,sift,1_4,4,0.75,866,605,3689
v_talent,viewpoint,sift,1_4,4,0.8,1065,654,3689
v_talent,viewpoint,sift,1_4,4,0.85,1456,707,3689
v_talent,viewpoint,sift,1_4,4,0.9,2327,769,3689
v_talent,viewpoint,sift,1_4,4,0.95,4172,813,3689
v_talent,viewpoint,sift,1_4,4,0.99,7090,858,3689
v_talent,viewpoint,sift,1_5,5,0.5,24,19,2967
v_talent,viewpoint,sift,1_5,5,0.55,44,32,2967
v_talent,viewpoint,sift,1_5,5,0.6,67,42,2967
v_talent,viewpoint,sift,1_5,5,0.65,117,62,2967
v_talent,viewpoint,sift,1_5,5,0.7,207,85,2967
v_talent,viewpoint,sift,1_5,5,0.75,329,110,2967
v_talent,viewpoint,sift,1_5,5,0.8,554,150,2967
v_talent,viewpoint,sift,1_5,5,0.85,963,183,2967
v_talent,viewpoint,sift,1_5,5,0.9,1902,229,2967
v_talent,viewpoint,sift,1_5,5,0.95,3868,271,2967
v_talent,viewpoint,sift,1_5,5,0.99,7047,311,2967
v_talent,viewpoint,sift,1_6,6,0.5,269,239,3537
v_talent,viewpoint,sift,1_6,6,0.55,355,306,3537
v_talent,viewpoint,sift,1_6,6,0.6,461,377,3537
v_talent,viewpoint,sift,1_6,6,0.65,594,451,3537
v_talent,viewpoint,sift,1_6,6,0.7,756,525,3537
v_talent,viewpoint,sift,1_6,6,0.75,989,619,3537
v_talent,viewpoint,sift,1_6,6,0.8,1319,693,3537
v_talent,viewpoint,sift,1_6,6,0.85,1858,784,3537
v_talent,viewpoint,sift,1_6,6,0.9,2715,850,3537
v_talent,viewpoint,sift,1_6,6,0.95,4478,933,3537
v_talent,viewpoint,sift,1_6,6,0.99,7234,983,3537
v_talent,viewpoint,orb,1_2,2,0.5,72,67,1634
v_talent,viewpoint,orb,1_2,2,0.55,103,96,1634
v_talent,viewpoint,orb,1_2,2,0.6,134,123,1634
v_talent,viewpoint,orb,1_2,2,0.65,180,163,1634
v_talent,viewpoint,orb,1_2,2,0.7,225,196,1634
v_talent,viewpoint,orb,1_2,2,0.75,282,232,1634
v_talent,viewpoint,orb,1_2,2,0.8,370,278,1634
v_talent,viewpoint,orb,1_2,2,0.85,521,332,1634
v_talent,viewpoint,orb,1_2,2,0.9,773,380,1634
v_talent,viewpoint,orb,1_2,2,0.95,1255,454,1634
v_talent,viewpoint,orb,1_2,2,0.99,1859,508,1634
v_talent,viewpoint,orb,1_3,3,0.5,45,40,1563
v_talent,viewpoint,orb,1_3,3,0.55,64,58,1563
v_talent,viewpoint,orb,1_3,3,0.6,84,76,1563
v_talent,viewpoint,orb,1_3,3,0.65,113,102,1563
v_talent,viewpoint,orb,1_3,3,0.7,160,130,1563
v_talent,viewpoint,orb,1_3,3,0.75,211,155,1563
v_talent,viewpoint,orb,1_3,3,0.8,304,201,1563
v_talent,viewpoint,orb,1_3,3,0.85,456,252,1563
v_talent,viewpoint,orb,1_3,3,0.9,702,306,1563
v_talent,viewpoint,orb,1_3,3,0.95,1147,369,1563
v_talent,viewpoint,orb,1_3,3,0.99,1821,423,1563
v_talent,viewpoint,orb,1_4,4,0.5,30,24,1467
v_talent,viewpoint,orb,1_4,4,0.55,53,41,1467
v_talent,viewpoint,orb,1_4,4,0.6,76,59,1467
v_talent,viewpoint,orb,1_4,4,0.65,105,81,1467
v_talent,viewpoint,orb,1_4,4,0.7,138,103,1467
v_talent,viewpoint,orb,1_4,4,0.75,191,127,1467
v_talent,viewpoint,orb,1_4,4,0.8,284,157,1467
v_talent,viewpoint,orb,1_4,4,0.85,426,189,1467
v_talent,viewpoint,orb,1_4,4,0.9,670,224,1467
v_talent,viewpoint,orb,1_4,4,0.95,1151,264,1467
v_talent,viewpoint,orb,1_4,4,0.99,1813,290,1467
v_talent,viewpoint,orb,1_5,5,0.5,2,1,988
v_talent,viewpoint,orb,1_5,5,0.55,3,1,988
v_talent,viewpoint,orb,1_5,5,0.6,6,2,988
v_talent,viewpoint,orb,1_5,5,0.65,16,7,988
v_talent,viewpoint,orb,1_5,5,0.7,32,10,988
v_talent,viewpoint,orb,1_5,5,0.75,62,23,988
v_talent,viewpoint,orb,1_5,5,0.8,120,41,988
v_talent,viewpoint,orb,1_5,5,0.85,259,63,988
v_talent,viewpoint,orb,1_5,5,0.9,518,81,988
v_talent,viewpoint,orb,1_5,5,0.95,998,110,988
v_talent,viewpoint,orb,1_5,5,0.99,1802,137,988
v_talent,viewpoint,orb,1_6,6,0.5,6,5,1350
v_talent,viewpoint,orb,1_6,6,0.55,14,11,1350
v_talent,viewpoint,orb,1_6,6,0.6,23,20,1350
v_talent,viewpoint,orb,1_6,6,0.65,39,32,1350
v_talent,viewpoint,orb,1_6,6,0.7,67,47,1350
v_talent,viewpoint,orb,1_6,6,0.75,113,70,1350
v_talent,viewpoint,orb,1_6,6,0.8,185,97,1350
v_talent,viewpoint,orb,1_6,6,0.85,313,128,1350
v_talent,viewpoint,orb,1_6,6,0.9,554,168,1350
v_talent,viewpoint,orb,1_6,6,0.95,1027,216,1350
v_talent,viewpoint,orb,1_6,6,0.99,1832,256,1350
v_tempera,viewpoint,sift,1_2,2,0.5,665,661,1206
v_tempera,viewpoint,sift,1_2,2,0.55,705,692,1206
v_tempera,viewpoint,sift,1_2,2,0.6,743,722,1206
v_tempera,viewpoint,sift,1_2,2,0.65,774,747,1206
v_tempera,viewpoint,sift,1_2,2,0.7,799,764,1206
v_tempera,viewpoint,sift,1_2,2,0.75,841,778,1206
v_tempera,viewpoint,sift,1_2,2,0.8,896,796,1206
v_tempera,viewpoint,sift,1_2,2,0.85,985,804,1206
v_tempera,viewpoint,sift,1_2,2,0.9,1190,821,1206
v_tempera,viewpoint,sift,1_2,2,0.95,1595,834,1206
v_tempera,viewpoint,sift,1_2,2,0.99,2264,847,1206
v_tempera,viewpoint,sift,1_3,3,0.5,240,232,1166
v_tempera,viewpoint,sift,1_3,3,0.55,308,296,1166
v_tempera,viewpoint,sift,1_3,3,0.6,390,369,1166
v_tempera,viewpoint,sift,1_3,3,0.65,460,433,1166
v_tempera,viewpoint,sift,1_3,3,0.7,527,477,1166
v_tempera,viewpoint,sift,1_3,3,0.75,602,533,1166
v_tempera,viewpoint,sift,1_3,3,0.8,695,571,1166
v_tempera,viewpoint,sift,1_3,3,0.85,842,616,1166
v_tempera,viewpoint,sift,1_3,3,0.9,1063,650,1166
v_tempera,viewpoint,sift,1_3,3,0.95,1534,686,1166
v_tempera,viewpoint,sift,1_3,3,0.99,2197,706,1166
v_tempera,viewpoint,sift,1_4,4,0.5,440,434,1216
v_tempera,viewpoint,sift,1_4,4,0.55,495,483,1216
v_tempera,viewpoint,sift,1_4,4,0.6,548,534,1216
v_tempera,viewpoint,sift,1_4,4,0.65,607,580,1216
v_tempera,viewpoint,sift,1_4,4,0.7,655,612,1216
v_tempera,viewpoint,sift,1_4,4,0.75,713,647,1216
v_tempera,viewpoint,sift,1_4,4,0.8,781,675,1216
v_tempera,viewpoint,sift,1_4,4,0.85,887,698,1216
v_tempera,viewpoint,sift,1_4,4,0.9,1080,713,1216
v_tempera,viewpoint,sift,1_4,4,0.95,1485,727,1216
v_tempera,viewpoint,sift,1_4,4,0.99,2176,747,1216
v_tempera,viewpoint,sift,1_5,5,0.5,101,101,1145
v_tempera,viewpoint,sift,1_5,5,0.55,144,143,1145
v_tempera,viewpoint,sift,1_5,5,0.6,199,196,1145
v_tempera,viewpoint,sift,1_5,5,0.65,256,248,1145
v_tempera,viewpoint,sift,1_5,5,0.7,308,288,1145
v_tempera,viewpoint,sift,1_5,5,0.75,392,349,1145
v_tempera,viewpoint,sift,1_5,5,0.8,482,402,1145
v_tempera,viewpoint,sift,1_5,5,0.85,613,441,1145
v_tempera,viewpoint,sift,1_5,5,0.9,868,481,1145
v_tempera,viewpoint,sift,1_5,5,0.95,1395,515,1145
v_tempera,viewpoint,sift,1_5,5,0.99,2173,560,1145
v_tempera,viewpoint,sift,1_6,6,0.5,6,5,703
v_tempera,viewpoint,sift,1_6,6,0.55,6,5,703
v_tempera,viewpoint,sift,1_6,6,0.6,10,7,703
v_tempera,viewpoint,sift,1_6,6,0.65,23,16,703
v_tempera,viewpoint,sift,1_6,6,0.7,38,21,703
v_tempera,viewpoint,sift,1_6,6,0.75,70,30,703
v_tempera,viewpoint,sift,1_6,6,0.8,117,37,703
v_tempera,viewpoint,sift,1_6,6,0.85,235,52,703
v_tempera,viewpoint,sift,1_6,6,0.9,467,68,703
v_tempera,viewpoint,sift,1_6,6,0.95,1090,84,703
v_tempera,viewpoint,sift,1_6,6,0.99,2087,110,703
v_tempera,viewpoint,orb,1_2,2,0.5,248,245,1893
v_tempera,viewpoint,orb,1_2,2,0.55,329,323,1893
v_tempera,viewpoint,orb,1_2,2,0.6,406,399,1893
v_tempera,viewpoint,orb,1_2,2,0.65,503,489,1893
v_tempera,viewpoint,orb,1_2,2,0.7,604,578,1893
v_tempera,viewpoint,orb,1_2,2,0.75,693,660,1893
v_tempera,viewpoint,orb,1_2,2,0.8,793,735,1893
v_tempera,viewpoint,orb,1_2,2,0.85,929,826,1893
v_tempera,viewpoint,orb,1_2,2,0.9,1144,911,1893
v_tempera,viewpoint,orb,1_2,2,0.95,1436,986,1893
v_tempera,viewpoint,orb,1_2,2,0.99,1888,1060,1893
v_tempera,viewpoint,orb,1_3,3,0.5,77,73,1824
v_tempera,viewpoint,orb,1_3,3,0.55,116,112,1824
v_tempera,viewpoint,orb,1_3,3,0.6,179,171,1824
v_tempera,viewpoint,orb,1_3,3,0.65,251,237,1824
v_tempera,viewpoint,orb,1_3,3,0.7,352,325,1824
v_tempera,viewpoint,orb,1_3,3,0.75,449,402,1824
v_tempera,viewpoint,orb,1_3,3,0.8,577,495,1824
v_tempera,viewpoint,orb,1_3,3,0.85,774,618,1824
v_tempera,viewpoint,orb,1_3,3,0.9,1029,756,1824
v_tempera,viewpoint,orb,1_3,3,0.95,1425,918,1824
v_tempera,viewpoint,orb,1_3,3,0.99,1856,1014,1824
v_tempera,viewpoint,orb,1_4,4,0.5,30,30,1901
v_tempera,viewpoint,orb,1_4,4,0.55,53,53,1901
v_tempera,viewpoint,orb,1_4,4,0.6,92,89,1901
v_tempera,viewpoint,orb,1_4,4,0.65,142,134,1901
v_tempera,viewpoint,orb,1_4,4,0.7,213,202,1901
v_tempera,viewpoint,orb,1_4,4,0.75,289,258,1901
v_tempera,viewpoint,orb,1_4,4,0.8,405,343,1901
v_tempera,viewpoint,orb,1_4,4,0.85,575,436,1901
v_tempera,viewpoint,orb,1_4,4,0.9,795,523,1901
v_tempera,viewpoint,orb,1_4,4,0.95,1228,628,1901
v_tempera,viewpoint,orb,1_4,4,0.99,1835,719,1901
v_tempera,viewpoint,orb,1_5,5,0.5,5,4,1804
v_tempera,viewpoint,orb,1_5,5,0.55,9,6,1804
v_tempera,viewpoint,orb,1_5,5,0.6,20,15,1804
v_tempera,viewpoint,orb,1_5,5,0.65,28,19,1804
v_tempera,viewpoint,orb,1_5,5,0.7,45,29,1804
v_tempera,viewpoint,orb,1_5,5,0.75,81,53,1804
v_tempera,viewpoint,orb,1_5,5,0.8,137,79,1804
v_tempera,viewpoint,orb,1_5,5,0.85,265,116,1804
v_tempera,viewpoint,orb,1_5,5,0.9,509,177,1804
v_tempera,viewpoint,orb,1_5,5,0.95,1008,258,1804
v_tempera,viewpoint,orb,1_5,5,0.99,1797,344,1804
v_tempera,viewpoint,orb,1_6,6,0.5,0,0,1783
v_tempera,viewpoint,orb,1_6,6,0.55,0,0,1783
v_tempera,viewpoint,orb,1_6,6,0.6,0,0,1783
v_tempera,viewpoint,orb,1_6,6,0.65,1,1,1783
v_tempera,viewpoint,orb,1_6,6,0.7,7,1,1783
v_tempera,viewpoint,orb,1_6,6,0.75,28,6,1783
v_tempera,viewpoint,orb,1_6,6,0.8,76,14,1783
v_tempera,viewpoint,orb,1_6,6,0.85,182,32,1783
v_tempera,viewpoint,orb,1_6,6,0.9,392,49,1783
v_tempera,viewpoint,orb,1_6,6,0.95,907,86,1783
v_tempera,viewpoint,orb,1_6,6,0.99,1743,115,1783
v_there,viewpoint,sift,1_2,2,0.5,83,63,283
v_there,viewpoint,sift,1_2,2,0.55,113,89,283
v_there,viewpoint,sift,1_2,2,0.6,146,114,283
v_there,viewpoint,sift,1_2,2,0.65,170,132,283
v_there,viewpoint,sift,1_2,2,0.7,189,144,283
v_there,viewpoint,sift,1_2,2,0.75,211,158,283
v_there,viewpoint,sift,1_2,2,0.8,246,175,283
v_there,viewpoint,sift,1_2,2,0.85,289,190,283
v_there,viewpoint,sift,1_2,2,0.9,349,197,283
v_there,viewpoint,sift,1_2,2,0.95,462,203,283
v_there,viewpoint,sift,1_2,2,0.99,598,210,283
v_there,viewpoint,sift,1_3,3,0.5,0,0,151
v_there,viewpoint,sift,1_3,3,0.55,1,1,151
v_there,viewpoint,sift,1_3,3,0.6,4,2,151
v_there,viewpoint,sift,1_3,3,0.65,7,2,151
v_there,viewpoint,sift,1_3,3,0.7,13,2,151
v_there,viewpoint,sift,1_3,3,0.75,25,3,151
v_there,viewpoint,sift,1_3,3,0.8,60,7,151
v_there,viewpoint,sift,1_3,3,0.85,98,9,151
v_there,viewpoint,sift,1_3,3,0.9,174,11,151
v_there,viewpoint,sift,1_3,3,0.95,335,17,151
v_there,viewpoint,sift,1_3,3,0.99,562,20,151
v_there,viewpoint,sift,1_4,4,0.5,1,1,127
v_there,viewpoint,sift,1_4,4,0.55,2,1,127
v_there,viewpoint,sift,1_4,4,0.6,6,2,127
v_there,viewpoint,sift,1_4,4,0.65,8,2,127
v_there,viewpoint,sift,1_4,4,0.7,12,2,127
v_there,viewpoint,sift,1_4,4,0.75,19,2,127
v_there,viewpoint,sift,1_4,4,0.8,45,2,127
v_there,viewpoint,sift,1_4,4,0.85,82,2,127
v_there,viewpoint,sift,1_4,4,0.9,155,5,127
v_there,viewpoint,sift,1_4,4,0.95,309,6,127
v_there,viewpoint,sift,1_4,4,0.99,555,8,127
v_there,viewpoint,sift,1_5,5,0.5,0,0,140
v_there,viewpoint,sift,1_5,5,0.55,1,1,140
v_there,viewpoint,sift,1_5,5,0.6,2,1,140
v_there,viewpoint,sift,1_5,5,0.65,3,1,140
v_there,viewpoint,sift,1_5,5,0.7,7,1,140
v_there,viewpoint,sift,1_5,5,0.75,14,1,140
v_there,viewpoint,sift,1_5,5,0.8,29,3,140
v_there,viewpoint,sift,1_5,5,0.85,64,4,140
v_there,viewpoint,sift,1_5,5,0.9,124,5,140
v_there,viewpoint,sift,1_5,5,0.95,284,6,140
v_there,viewpoint,sift,1_5,5,0.99,523,6,140
v_there,viewpoint,sift,1_6,6,0.5,1,0,116
v_there,viewpoint,sift,1_6,6,0.55,2,0,116
v_there,viewpoint,sift,1_6,6,0.6,3,0,116
v_there,viewpoint,sift,1_6,6,0.65,5,0,116
v_there,viewpoint,sift,1_6,6,0.7,8,0,116
v_there,viewpoint,sift,1_6,6,0.75,14,0,116
v_there,viewpoint,sift,1_6,6,0.8,30,0,116
v_there,viewpoint,sift,1_6,6,0.85,75,0,116
v_there,viewpoint,sift,1_6,6,0.9,145,0,116
v_there,viewpoint,sift,1_6,6,0.95,304,1,116
v_there,viewpoint,sift,1_6,6,0.99,559,2,116
v_there,viewpoint,orb,1_2,2,0.5,19,16,858
v_there,viewpoint,orb,1_2,2,0.55,35,32,858
v_there,viewpoint,orb,1_2,2,0.6,54,51,858
v_there,viewpoint,orb,1_2,2,0.65,82,79,858
v_there,viewpoint,orb,1_2,2,0.7,127,117,858
v_there,viewpoint,orb,1_2,2,0.75,191,173,858
v_there,viewpoint,orb,1_2,2,0.8,266,235,858
v_there,viewpoint,orb,1_2,2,0.85,359,309,858
v_there,viewpoint,orb,1_2,2,0.9,499,384,858
v_there,viewpoint,orb,1_2,2,0.95,733,469,858
v_there,viewpoint,orb,1_2,2,0.99,1147,553,858
v_there,viewpoint,orb,1_3,3,0.5,0,0,269
v_there,viewpoint,orb,1_3,3,0.55,0,0,269
v_there,viewpoint,orb,1_3,3,0.6,2,2,269
v_there,viewpoint,orb,1_3,3,0.65,3,2,269
v_there,viewpoint,orb,1_3,3,0.7,5,3,269
v_there,viewpoint,orb,1_3,3,0.75,12,7,269
v_there,viewpoint,orb,1_3,3,0.8,23,11,269
v_there,viewpoint,orb,1_3,3,0.85,64,20,269
v_there,viewpoint,orb,1_3,3,0.9,162,29,269
v_there,viewpoint,orb,1_3,3,0.95,481,44,269
v_there,viewpoint,orb,1_3,3,0.99,1084,55,269
v_there,viewpoint,orb,1_4,4,0.5,0,0,191
v_there,viewpoint,orb,1_4,4,0.55,0,0,191
v_there,viewpoint,orb,1_4,4,0.6,0,0,191
v_there,viewpoint,orb,1_4,4,0.65,0,0,191
v_there,viewpoint,orb,1_4,4,0.7,2,0,191
v_there,viewpoint,orb,1_4,4,0.75,5,0,191
v_there,viewpoint,orb,1_4,4,0.8,15,0,191
v_there,viewpoint,orb,1_4,4,0.85,54,3,191
v_there,viewpoint,orb,1_4,4,0.9,174,4,191
v_there,viewpoint,orb,1_4,4,0.95,467,10,191
v_there,viewpoint,orb,1_4,4,0.99,1076,16,191
v_there,viewpoint,orb,1_5,5,0.5,0,0,150
v_there,viewpoint,orb,1_5,5,0.55,0,0,150
v_there,viewpoint,orb,1_5,5,0.6,0,0,150
v_there,viewpoint,orb,1_5,5,0.65,0,0,150
v_there,viewpoint,orb,1_5,5,0.7,5,0,150
v_there,viewpoint,orb,1_5,5,0.75,10,0,150
v_there,viewpoint,orb,1_5,5,0.8,32,0,150
v_there,viewpoint,orb,1_5,5,0.85,77,0,150
v_there,viewpoint,orb,1_5,5,0.9,196,0,150
v_there,viewpoint,orb,1_5,5,0.95,484,1,150
v_there,viewpoint,orb,1_5,5,0.99,1075,2,150
v_there,viewpoint,orb,1_6,6,0.5,0,0,113
v_there,viewpoint,orb,1_6,6,0.55,0,0,113
v_there,viewpoint,orb,1_6,6,0.6,0,0,113
v_there,viewpoint,orb,1_6,6,0.65,0,0,113
v_there,viewpoint,orb,1_6,6,0.7,1,0,113
v_there,viewpoint,orb,1_6,6,0.75,5,0,113
v_there,viewpoint,orb,1_6,6,0.8,16,0,113
v_there,viewpoint,orb,1_6,6,0.85,53,0,113
v_there,viewpoint,orb,1_6,6,0.9,185,0,113
v_there,viewpoint,orb,1_6,6,0.95,493,0,113
v_there,viewpoint,orb,1_6,6,0.99,1082,0,113
v_underground,viewpoint,sift,1_2,2,0.5,1051,1023,2471
v_underground,viewpoint,sift,1_2,2,0.55,1182,1141,2471
v_underground,viewpoint,sift,1_2,2,0.6,1300,1246,2471
v_underground,viewpoint,sift,1_2,2,0.65,1387,1315,2471
v_underground,viewpoint,sift,1_2,2,0.7,1476,1382,2471
v_underground,viewpoint,sift,1_2,2,0.75,1583,1442,2471
v_underground,viewpoint,sift,1_2,2,0.8,1726,1501,2471
v_underground,viewpoint,sift,1_2,2,0.85,1921,1559,2471
v_underground,viewpoint,sift,1_2,2,0.9,2234,1612,2471
v_underground,viewpoint,sift,1_2,2,0.95,2816,1669,2471
v_underground,viewpoint,sift,1_2,2,0.99,3627,1712,2471
v_underground,viewpoint,sift,1_3,3,0.5,264,232,1837
v_underground,viewpoint,sift,1_3,3,0.55,334,296,1837
v_underground,viewpoint,sift,1_3,3,0.6,421,367,1837
v_underground,viewpoint,sift,1_3,3,0.65,499,418,1837
v_underground,viewpoint,sift,1_3,3,0.7,627,495,1837
v_underground,viewpoint,sift,1_3,3,0.75,777,562,1837
v_underground,viewpoint,sift,1_3,3,0.8,967,631,1837
v_underground,viewpoint,sift,1_3,3,0.85,1246,701,1837
v_underground,viewpoint,sift,1_3,3,0.9,1690,766,1837
v_underground,viewpoint,sift,1_3,3,0.95,2411,818,1837
v_underground,viewpoint,sift,1_3,3,0.99,3539,881,1837
v_underground,viewpoint,sift,1_4,4,0.5,133,122,1198
v_underground,viewpoint,sift,1_4,4,0.55,155,138,1198
v_underground,viewpoint,sift,1_4,4,0.6,196,166,1198
v_underground,viewpoint,sift,1_4,4,0.65,257,198,1198
v_underground,viewpoint,sift,1_4,4,0.7,335,237,1198
v_underground,viewpoint,sift,1_4,4,0.75,439,276,1198
v_underground,viewpoint,sift,1_4,4,0.8,592,302,1198
v_underground,viewpoint,sift,1_4,4,0.85,848,338,1198
v_underground,viewpoint,sift,1_4,4,0.9,1282,383,1198
v_underground,viewpoint,sift,1_4,4,0.95,2162,432,1198
v_underground,viewpoint,sift,1_4,4,0.99,3451,456,1198
v_underground,viewpoint,sift,1_5,5,0.5,52,40,760
v_underground,viewpoint,sift,1_5,5,0.55,76,53,760
v_underground,viewpoint,sift,1_5,5,0.6,103,64,760
v_underground,viewpoint,sift,1_5,5,0.65,142,80,760
v_underground,viewpoint,sift,1_5,5,0.7,203,96,760
v_underground,viewpoint,sift,1_5,5,0.75,294,109,760
v_underground,viewpoint,sift,1_5,5,0.8,457,122,760
v_underground,viewpoint,sift,1_5,5,0.85,695,137,760
v_underground,viewpoint,sift,1_5,5,0.9,1117,155,760
v_underground,viewpoint,sift,1_5,5,0.95,2020,179,760
v_underground,viewpoint,sift,1_5,5,0.99,3365,195,760
v_underground,viewpoint,sift,1_6,6,0.5,9,2,483
v_underground,viewpoint,sift,1_6,6,0.55,14,3,483
v_underground,viewpoint,sift,1_6,6,0.6,30,6,483
v_underground,viewpoint,sift,1_6,6,0.65,58,9,483
v_underground,viewpoint,sift,1_6,6,0.7,115,14,483
v_underground,viewpoint,sift,1_6,6,0.75,217,19,483
v_underground,viewpoint,sift,1_6,6,0.8,367,22,483
v_underground,viewpoint,sift,1_6,6,0.85,544,25,483
v_underground,viewpoint,sift,1_6,6,0.9,975,34,483
v_underground,viewpoint,sift,1_6,6,0.95,1820,41,483
v_underground,viewpoint,sift,1_6,6,0.99,3313,45,483
v_underground,viewpoint,orb,1_2,2,0.5,174,171,1810
v_underground,viewpoint,orb,1_2,2,0.55,238,234,1810
v_underground,viewpoint,orb,1_2,2,0.6,325,318,1810
v_underground,viewpoint,orb,1_2,2,0.65,418,404,1810
v_underground,viewpoint,orb,1_2,2,0.7,495,468,1810
v_underground,viewpoint,orb,1_2,2,0.75,616,562,1810
v_underground,viewpoint,orb,1_2,2,0.8,753,660,1810
v_underground,viewpoint,orb,1_2,2,0.85,889,752,1810
v_underground,viewpoint,orb,1_2,2,0.9,1116,842,1810
v_underground,viewpoint,orb,1_2,2,0.95,1451,945,1810
v_underground,viewpoint,orb,1_2,2,0.99,1865,1012,1810
v_underground,viewpoint,orb,1_3,3,0.5,6,6,1599
v_underground,viewpoint,orb,1_3,3,0.55,15,13,1599
v_underground,viewpoint,orb,1_3,3,0.6,30,27,1599
v_underground,viewpoint,orb,1_3,3,0.65,54,48,1599
v_underground,viewpoint,orb,1_3,3,0.7,93,75,1599
v_underground,viewpoint,orb,1_3,3,0.75,162,125,1599
v_underground,viewpoint,orb,1_3,3,0.8,245,169,1599
v_underground,viewpoint,orb,1_3,3,0.85,429,249,1599
v_underground,viewpoint,orb,1_3,3,0.9,710,330,1599
v_underground,viewpoint,orb,1_3,3,0.95,1188,423,1599
v_underground,viewpoint,orb,1_3,3,0.99,1814,508,1599
v_underground,viewpoint,orb,1_4,4,0.5,0,0,1519
v_underground,viewpoint,orb,1_4,4,0.55,4,3,1519
v_underground,viewpoint,orb,1_4,4,0.6,8,5,1519
v_underground,viewpoint,orb,1_4,4,0.65,17,10,1519
v_underground,viewpoint,orb,1_4,4,0.7,34,13,1519
v_underground,viewpoint,orb,1_4,4,0.75,60,21,1519
v_underground,viewpoint,orb,1_4,4,0.8,139,43,1519
v_underground,viewpoint,orb,1_4,4,0.85,264,67,1519
v_underground,viewpoint,orb,1_4,4,0.9,508,103,1519
v_underground,viewpoint,orb,1_4,4,0.95,1019,159,1519
v_underground,viewpoint,orb,1_4,4,0.99,1769,212,1519
v_underground,viewpoint,orb,1_5,5,0.5,0,0,1035
v_underground,viewpoint,orb,1_5,5,0.55,2,1,1035
v_underground,viewpoint,orb,1_5,5,0.6,2,1,1035
v_underground,viewpoint,orb,1_5,5,0.65,7,1,1035
v_underground,viewpoint,orb,1_5,5,0.7,12,1,1035
v_underground,viewpoint,orb,1_5,5,0.75,28,1,1035
v_underground,viewpoint,orb,1_5,5,0.8,65,2,1035
v_underground,viewpoint,orb,1_5,5,0.85,171,11,1035
v_underground,viewpoint,orb,1_5,5,0.9,396,15,1035
v_underground,viewpoint,orb,1_5,5,0.95,900,32,1035
v_underground,viewpoint,orb,1_5,5,0.99,1778,52,1035
v_underground,viewpoint,orb,1_6,6,0.5,0,0,915
v_underground,viewpoint,orb,1_6,6,0.55,0,0,915
v_underground,viewpoint,orb,1_6,6,0.6,2,0,915
v_underground,viewpoint,orb,1_6,6,0.65,3,0,915
v_underground,viewpoint,orb,1_6,6,0.7,8,0,915
v_underground,viewpoint,orb,1_6,6,0.75,19,0,915
v_underground,viewpoint,orb,1_6,6,0.8,53,1,915
v_underground,viewpoint,orb,1_6,6,0.85,148,1,915
v_underground,viewpoint,orb,1_6,6,0.9,392,8,915
v_underground,viewpoint,orb,1_6,6,0.95,904,9,915
v_underground,viewpoint,orb,1_6,6,0.99,1777,11,915
v_vitro,viewpoint,sift,1_2,2,0.5,2376,2359,5034
v_vitro,viewpoint,sift,1_2,2,0.55,2663,2625,5034
v_vitro,viewpoint,sift,1_2,2,0.6,2896,2832,5034
v_vitro,viewpoint,sift,1_2,2,0.65,3071,2969,5034
v_vitro,viewpoint,sift,1_2,2,0.7,3234,3073,5034
v_vitro,viewpoint,sift,1_2,2,0.75,3439,3180,5034
v_vitro,viewpoint,sift,1_2,2,0.8,3672,3275,5034
v_vitro,viewpoint,sift,1_2,2,0.85,3974,3347,5034
v_vitro,viewpoint,sift,1_2,2,0.9,4445,3406,5034
v_vitro,viewpoint,sift,1_2,2,0.95,5324,3453,5034
v_vitro,viewpoint,sift,1_2,2,0.99,6778,3492,5034
v_vitro,viewpoint,sift,1_3,3,0.5,787,770,4317
v_vitro,viewpoint,sift,1_3,3,0.55,993,966,4317
v_vitro,viewpoint,sift,1_3,3,0.6,1252,1197,4317
v_vitro,viewpoint,sift,1_3,3,0.65,1462,1377,4317
v_vitro,viewpoint,sift,1_3,3,0.7,1752,1600,4317
v_vitro,viewpoint,sift,1_3,3,0.75,2017,1779,4317
v_vitro,viewpoint,sift,1_3,3,0.8,2357,1953,4317
v_vitro,viewpoint,sift,1_3,3,0.85,2774,2089,4317
v_vitro,viewpoint,sift,1_3,3,0.9,3397,2206,4317
v_vitro,viewpoint,sift,1_3,3,0.95,4625,2324,4317
v_vitro,viewpoint,sift,1_3,3,0.99,6577,2406,4317
v_vitro,viewpoint,sift,1_4,4,0.5,195,180,3570
v_vitro,viewpoint,sift,1_4,4,0.55,302,270,3570
v_vitro,viewpoint,sift,1_4,4,0.6,394,341,3570
v_vitro,viewpoint,sift,1_4,4,0.65,549,462,3570
v_vitro,viewpoint,sift,1_4,4,0.7,715,572,3570
v_vitro,viewpoint,sift,1_4,4,0.75,954,706,3570
v_vitro,viewpoint,sift,1_4,4,0.8,1235,829,3570
v_vitro,viewpoint,sift,1_4,4,0.85,1708,974,3570
v_vitro,viewpoint,sift,1_4,4,0.9,2480,1087,3570
v_vitro,viewpoint,sift,1_4,4,0.95,3983,1197,3570
v_vitro,viewpoint,sift,1_4,4,0.99,6376,1303,3570
v_vitro,viewpoint,sift,1_5,5,0.5,1550,1527,4325
v_vitro,viewpoint,sift,1_5,5,0.55,1776,1737,4325
v_vitro,viewpoint,sift,1_5,5,0.6,2036,1971,4325
v_vitro,viewpoint,sift,1_5,5,0.65,2280,2166,4325
v_vitro,viewpoint,sift,1_5,5,0.7,2504,2331,4325
v_vitro,viewpoint,sift,1_5,5,0.75,2783,2482,4325
v_vitro,viewpoint,sift,1_5,5,0.8,3060,2603,4325
v_vitro,viewpoint,sift,1_5,5,0.85,3416,2693,4325
v_vitro,viewpoint,sift,1_5,5,0.9,4009,2780,4325
v_vitro,viewpoint,sift,1_5,5,0.95,5013,2846,4325
v_vitro,viewpoint,sift,1_5,5,0.99,6649,2905,4325
v_vitro,viewpoint,sift,1_6,6,0.5,449,431,3516
v_vitro,viewpoint,sift,1_6,6,0.55,584,554,3516
v_vitro,viewpoint,sift,1_6,6,0.6,732,680,3516
v_vitro,viewpoint,sift,1_6,6,0.65,880,791,3516
v_vitro,viewpoint,sift,1_6,6,0.7,1038,898,3516
v_vitro,viewpoint,sift,1_6,6,0.75,1279,1037,3516
v_vitro,viewpoint,sift,1_6,6,0.8,1547,1150,3516
v_vitro,viewpoint,sift,1_6,6,0.85,1955,1260,3516
v_vitro,viewpoint,sift,1_6,6,0.9,2695,1403,3516
v_vitro,viewpoint,sift,1_6,6,0.95,4128,1533,3516
v_vitro,viewpoint,sift,1_6,6,0.99,6398,1642,3516
v_vitro,viewpoint,orb,1_2,2,0.5,89,86,1759
v_vitro,viewpoint,orb,1_2,2,0.55,145,139,1759
v_vitro,viewpoint,orb,1_2,2,0.6,203,188,1759
v_vitro,viewpoint,orb,1_2,2,0.65,265,240,1759
v_vitro,viewpoint,orb,1_2,2,0.7,345,300,1759
v_vitro,viewpoint,orb,1_2,2,0.75,446,358,1759
v_vitro,viewpoint,orb,1_2,2,0.8,580,433,1759
v_vitro,viewpoint,orb,1_2,2,0.85,770,521,1759
v_vitro,viewpoint,orb,1_2,2,0.9,1017,609,1759
v_vitro,viewpoint,orb,1_2,2,0.95,1398,709,1759
v_vitro,viewpoint,orb,1_2,2,0.99,1809,773,1759
v_vitro,viewpoint,orb,1_3,3,0.5,12,12,1436
v_vitro,viewpoint,orb,1_3,3,0.55,30,27,1436
v_vitro,viewpoint,orb,1_3,3,0.6,52,45,1436
v_vitro,viewpoint,orb,1_3,3,0.65,90,74,1436
v_vitro,viewpoint,orb,1_3,3,0.7,153,116,1436
v_vitro,viewpoint,orb,1_3,3,0.75,236,169,1436
v_vitro,viewpoint,orb,1_3,3,0.8,349,217,1436
v_vitro,viewpoint,orb,1_3,3,0.85,535,281,1436
v_vitro,viewpoint,orb,1_3,3,0.9,806,345,1436
v_vitro,viewpoint,orb,1_3,3,0.95,1266,422,1436
v_vitro,viewpoint,orb,1_3,3,0.99,1801,508,1436
v_vitro,viewpoint,orb,1_4,4,0.5,1,0,1207
v_vitro,viewpoint,orb,1_4,4,0.55,4,1,1207
v_vitro,viewpoint,orb,1_4,4,0.6,13,7,1207
v_vitro,viewpoint,orb,1_4,4,0.65,28,12,1207
v_vitro,viewpoint,orb,1_4,4,0.7,54,26,1207
v_vitro,viewpoint,orb,1_4,4,0.75,105,40,1207
v_vitro,viewpoint,orb,1_4,4,0.8,188,60,1207
v_vitro,viewpoint,orb,1_4,4,0.85,366,91,1207
v_vitro,viewpoint,orb,1_4,4,0.9,645,137,1207
v_vitro,viewpoint,orb,1_4,4,0.95,1175,200,1207
v_vitro,viewpoint,orb,1_4,4,0.99,1793,246,1207
v_vitro,viewpoint,orb,1_5,5,0.5,57,54,1537
v_vitro,viewpoint,orb,1_5,5,0.55,96,87,1537
v_vitro,viewpoint,orb,1_5,5,0.6,133,120,1537
v_vitro,viewpoint,orb,1_5,5,0.65,186,161,1537
v_vitro,viewpoint,orb,1_5,5,0.7,253,208,1537
v_vitro,viewpoint,orb,1_5,5,0.75,352,272,1537
v_vitro,viewpoint,orb,1_5,5,0.8,506,346,1537
v_vitro,viewpoint,orb,1_5,5,0.85,705,419,1537
v_vitro,viewpoint,orb,1_5,5,0.9,970,497,1537
v_vitro,viewpoint,orb,1_5,5,0.95,1391,593,1537
v_vitro,viewpoint,orb,1_5,5,0.99,1811,655,1537
v_vitro,viewpoint,orb,1_6,6,0.5,13,12,1219
v_vitro,viewpoint,orb,1_6,6,0.55,24,23,1219
v_vitro,viewpoint,orb,1_6,6,0.6,41,35,1219
v_vitro,viewpoint,orb,1_6,6,0.65,54,45,1219
v_vitro,viewpoint,orb,1_6,6,0.7,86,62,1219
v_vitro,viewpoint,orb,1_6,6,0.75,151,99,1219
v_vitro,viewpoint,orb,1_6,6,0.8,277,138,1219
v_vitro,viewpoint,orb,1_6,6,0.85,451,191,1219
v_vitro,viewpoint,orb,1_6,6,0.9,735,257,1219
v_vitro,viewpoint,orb,1_6,6,0.95,1221,337,1219
v_vitro,viewpoint,orb,1_6,6,0.99,1789,405,1219
v_wall,viewpoint,sift,1_2,2,0.5,470,467,812
v_wall,viewpoint,sift,1_2,2,0.55,517,512,812
v_wall,viewpoint,sift,1_2,2,0.6,550,545,812
v_wall,viewpoint,sift,1_2,2,0.65,568,563,812
v_wall,viewpoint,sift,1_2,2,0.7,591,584,812
v_wall,viewpoint,sift,1_2,2,0.75,615,601,812
v_wall,viewpoint,sift,1_2,2,0.8,639,609,812
v_wall,viewpoint,sift,1_2,2,0.85,697,626,812
v_wall,viewpoint,sift,1_2,2,0.9,815,638,812
v_wall,viewpoint,sift,1_2,2,0.95,1097,650,812
v_wall,viewpoint,sift,1_2,2,0.99,1529,657,812
v_wall,viewpoint,sift,1_3,3,0.5,291,260,654
v_wall,viewpoint,sift,1_3,3,0.55,340,307,654
v_wall,viewpoint,sift,1_3,3,0.6,383,341,654
v_wall,viewpoint,sift,1_3,3,0.65,421,374,654
v_wall,viewpoint,sift,1_3,3,0.7,455,397,654
v_wall,viewpoint,sift,1_3,3,0.75,484,414,654
v_wall,viewpoint,sift,1_3,3,0.8,529,432,654
v_wall,viewpoint,sift,1_3,3,0.85,595,447,654
v_wall,viewpoint,sift,1_3,3,0.9,724,458,654
v_wall,viewpoint,sift,1_3,3,0.95,1026,473,654
v_wall,viewpoint,sift,1_3,3,0.99,1506,481,654
v_wall,viewpoint,sift,1_4,4,0.5,749,745,1096
v_wall,viewpoint,sift,1_4,4,0.55,784,779,1096
v_wall,viewpoint,sift,1_4,4,0.6,806,798,1096
v_wall,viewpoint,sift,1_4,4,0.65,834,824,1096
v_wall,viewpoint,sift,1_4,4,0.7,855,840,1096
v_wall,viewpoint,sift,1_4,4,0.75,881,856,1096
v_wall,viewpoint,sift,1_4,4,0.8,897,861,1096
v_wall,viewpoint,sift,1_4,4,0.85,932,868,1096
v_wall,viewpoint,sift,1_4,4,0.9,1007,874,1096
v_wall,viewpoint,sift,1_4,4,0.95,1218,881,1096
v_wall,viewpoint,sift,1_4,4,0.99,1551,889,1096
v_wall,viewpoint,sift,1_5,5,0.5,109,99,822
v_wall,viewpoint,sift,1_5,5,0.55,154,137,822
v_wall,viewpoint,sift,1_5,5,0.6,221,198,822
v_wall,viewpoint,sift,1_5,5,0.65,270,241,822
v_wall,viewpoint,sift,1_5,5,0.7,322,286,822
v_wall,viewpoint,sift,1_5,5,0.75,384,339,822
v_wall,viewpoint,sift,1_5,5,0.8,452,375,822
v_wall,viewpoint,sift,1_5,5,0.85,544,411,822
v_wall,viewpoint,sift,1_5,5,0.9,697,437,822
v_wall,viewpoint,sift,1_5,5,0.95,990,481,822
v_wall,viewpoint,sift,1_5,5,0.99,1512,501,822
v_wall,viewpoint,sift,1_6,6,0.5,204,153,547
v_wall,viewpoint,sift,1_6,6,0.55,237,176,547
v_wall,viewpoint,sift,1_6,6,0.6,285,208,547
v_wall,viewpoint,sift,1_6,6,0.65,324,240,547
v_wall,viewpoint,sift,1_6,6,0.7,357,264,547
v_wall,viewpoint,sift,1_6,6,0.75,386,281,547
v_wall,viewpoint,sift,1_6,6,0.8,430,301,547
v_wall,viewpoint,sift,1_6,6,0.85,510,322,547
v_wall,viewpoint,sift,1_6,6,0.9,663,336,547
v_wall,viewpoint,sift,1_6,6,0.95,981,343,547
v_wall,viewpoint,sift,1_6,6,0.99,1483,352,547
v_wall,viewpoint,orb,1_2,2,0.5,238,234,1647
v_wall,viewpoint,orb,1_2,2,0.55,344,337,1647
v_wall,viewpoint,orb,1_2,2,0.6,447,436,1647
v_wall,viewpoint,orb,1_2,2,0.65,554,535,1647
v_wall,viewpoint,orb,1_2,2,0.7,637,606,1647
v_wall,viewpoint,orb,1_2,2,0.75,748,704,1647
v_wall,viewpoint,orb,1_2,2,0.8,870,819,1647
v_wall,viewpoint,orb,1_2,2,0.85,1006,914,1647
v_wall,viewpoint,orb,1_2,2,0.9,1223,1032,1647
v_wall,viewpoint,orb,1_2,2,0.95,1514,1135,1647
v_wall,viewpoint,orb,1_2,2,0.99,1898,1204,1647
v_wall,viewpoint,orb,1_3,3,0.5,100,79,1163
v_wall,viewpoint,orb,1_3,3,0.55,143,118,1163
v_wall,viewpoint,orb,1_3,3,0.6,191,155,1163
v_wall,viewpoint,orb,1_3,3,0.65,270,213,1163
v_wall,viewpoint,orb,1_3,3,0.7,361,283,1163
v_wall,viewpoint,orb,1_3,3,0.75,461,358,1163
v_wall,viewpoint,orb,1_3,3,0.8,550,411,1163
v_wall,viewpoint,orb,1_3,3,0.85,655,467,1163
v_wall,viewpoint,orb,1_3,3,0.9,865,536,1163
v_wall,viewpoint,orb,1_3,3,0.95,1256,590,1163
v_wall,viewpoint,orb,1_3,3,0.99,1868,646,1163
v_wall,viewpoint,orb,1_4,4,0.5,300,299,1738
v_wall,viewpoint,orb,1_4,4,0.55,411,408,1738
v_wall,viewpoint,orb,1_4,4,0.6,524,520,1738
v_wall,viewpoint,orb,1_4,4,0.65,654,643,1738
v_wall,viewpoint,orb,1_4,4,0.7,772,753,1738
v_wall,viewpoint,orb,1_4,4,0.75,885,853,1738
v_wall,viewpoint,orb,1_4,4,0.8,1009,963,1738
v_wall,viewpoint,orb,1_4,4,0.85,1146,1073,1738
v_wall,viewpoint,orb,1_4,4,0.9,1312,1164,1738
v_wall,viewpoint,orb,1_4,4,0.95,1594,1267,1738
v_wall,viewpoint,orb,1_4,4,0.99,1921,1343,1738
v_wall,viewpoint,orb,1_5,5,0.5,17,17,1418
v_wall,viewpoint,orb,1_5,5,0.55,27,24,1418
v_wall,viewpoint,orb,1_5,5,0.6,39,34,1418
v_wall,viewpoint,orb,1_5,5,0.65,72,63,1418
v_wall,viewpoint,orb,1_5,5,0.7,115,103,1418
v_wall,viewpoint,orb,1_5,5,0.75,157,135,1418
v_wall,viewpoint,orb,1_5,5,0.8,244,201,1418
v_wall,viewpoint,orb,1_5,5,0.85,395,289,1418
v_wall,viewpoint,orb,1_5,5,0.9,638,379,1418
v_wall,viewpoint,orb,1_5,5,0.95,1086,478,1418
v_wall,viewpoint,orb,1_5,5,0.99,1842,575,1418
v_wall,viewpoint,orb,1_6,6,0.5,49,35,930
v_wall,viewpoint,orb,1_6,6,0.55,82,59,930
v_wall,viewpoint,orb,1_6,6,0.6,115,80,930
v_wall,viewpoint,orb,1_6,6,0.65,162,112,930
v_wall,viewpoint,orb,1_6,6,0.7,225,154,930
v_wall,viewpoint,orb,1_6,6,0.75,294,202,930
v_wall,viewpoint,orb,1_6,6,0.8,379,257,930
v_wall,viewpoint,orb,1_6,6,0.85,514,313,930
v_wall,viewpoint,orb,1_6,6,0.9,714,359,930
v_wall,viewpoint,orb,1_6,6,0.95,1136,410,930
v_wall,viewpoint,orb,1_6,6,0.99,1828,471,930
v_wapping,viewpoint,sift,1_2,2,0.5,237,229,3912
v_wapping,viewpoint,sift,1_2,2,0.55,351,337,3912
v_wapping,viewpoint,sift,1_2,2,0.6,491,471,3912
v_wapping,viewpoint,sift,1_2,2,0.65,641,613,3912
v_wapping,viewpoint,sift,1_2,2,0.7,794,748,3912
v_wapping,viewpoint,sift,1_2,2,0.75,973,888,3912
v_wapping,viewpoint,sift,1_2,2,0.8,1205,1028,3912
v_wapping,viewpoint,sift,1_2,2,0.85,1584,1166,3912
v_wapping,viewpoint,sift,1_2,2,0.9,2305,1291,3912
v_wapping,viewpoint,sift,1_2,2,0.95,4057,1423,3912
v_wapping,viewpoint,sift,1_2,2,0.99,7521,1531,3912
v_wapping,viewpoint,sift,1_3,3,0.5,134,128,3432
v_wapping,viewpoint,sift,1_3,3,0.55,179,170,3432
v_wapping,viewpoint,sift,1_3,3,0.6,242,228,3432
v_wapping,viewpoint,sift,1_3,3,0.65,302,279,3432
v_wapping,viewpoint,sift,1_3,3,0.7,380,342,3432
v_wapping,viewpoint,sift,1_3,3,0.75,505,423,3432
v_wapping,viewpoint,sift,1_3,3,0.8,688,508,3432
v_wapping,viewpoint,sift,1_3,3,0.85,1033,599,3432
v_wapping,viewpoint,sift,1_3,3,0.9,1726,706,3432
v_wapping,viewpoint,sift,1_3,3,0.95,3572,805,3432
v_wapping,viewpoint,sift,1_3,3,0.99,7340,907,3432
v_wapping,viewpoint,sift,1_4,4,0.5,70,70,4240
v_wapping,viewpoint,sift,1_4,4,0.55,118,116,4240
v_wapping,viewpoint,sift,1_4,4,0.6,199,191,4240
v_wapping,viewpoint,sift,1_4,4,0.65,314,299,4240
v_wapping,viewpoint,sift,1_4,4,0.7,475,435,4240
v_wapping,viewpoint,sift,1_4,4,0.75,674,590,4240
v_wapping,viewpoint,sift,1_4,4,0.8,939,755,4240
v_wapping,viewpoint,sift,1_4,4,0.85,1355,926,4240
v_wapping,viewpoint,sift,1_4,4,0.9,2172,1135,4240
v_wapping,viewpoint,sift,1_4,4,0.95,3923,1320,4240
v_wapping,viewpoint,sift,1_4,4,0.99,7477,1472,4240
v_wapping,viewpoint,sift,1_5,5,0.5,22,21,2753
v_wapping,viewpoint,sift,1_5,5,0.55,40,37,2753
v_wapping,viewpoint,sift,1_5,5,0.6,70,62,2753
v_wapping,viewpoint,sift,1_5,5,0.65,111,95,2753
v_wapping,viewpoint,sift,1_5,5,0.7,164,124,2753
v_wapping,viewpoint,sift,1_5,5,0.75,269,162,2753
v_wapping,viewpoint,sift,1_5,5,0.8,414,203,2753
v_wapping,viewpoint,sift,1_5,5,0.85,707,239,2753
v_wapping,viewpoint,sift,1_5,5,0.9,1396,286,2753
v_wapping,viewpoint,sift,1_5,5,0.95,3272,361,2753
v_wapping,viewpoint,sift,1_5,5,0.99,7223,412,2753
v_wapping,viewpoint,sift,1_6,6,0.5,2,1,2158
v_wapping,viewpoint,sift,1_6,6,0.55,4,2,2158
v_wapping,viewpoint,sift,1_6,6,0.6,9,5,2158
v_wapping,viewpoint,sift,1_6,6,0.65,20,9,2158
v_wapping,viewpoint,sift,1_6,6,0.7,38,15,2158
v_wapping,viewpoint,sift,1_6,6,0.75,93,23,2158
v_wapping,viewpoint,sift,1_6,6,0.8,203,34,2158
v_wapping,viewpoint,sift,1_6,6,0.85,456,45,2158
v_wapping,viewpoint,sift,1_6,6,0.9,1206,71,2158
v_wapping,viewpoint,sift,1_6,6,0.95,3120,92,2158
v_wapping,viewpoint,sift,1_6,6,0.99,7251,116,2158
v_wapping,viewpoint,orb,1_2,2,0.5,39,36,1206
v_wapping,viewpoint,orb,1_2,2,0.55,73,67,1206
v_wapping,viewpoint,orb,1_2,2,0.6,114,104,1206
v_wapping,viewpoint,orb,1_2,2,0.65,174,157,1206
v_wapping,viewpoint,orb,1_2,2,0.7,243,219,1206
v_wapping,viewpoint,orb,1_2,2,0.75,315,276,1206
v_wapping,viewpoint,orb,1_2,2,0.8,431,361,1206
v_wapping,viewpoint,orb,1_2,2,0.85,572,432,1206
v_wapping,viewpoint,orb,1_2,2,0.9,801,522,1206
v_wapping,viewpoint,orb,1_2,2,0.95,1182,591,1206
v_wapping,viewpoint,orb,1_2,2,0.99,1854,665,1206
v_wapping,viewpoint,orb,1_3,3,0.5,7,5,708
v_wapping,viewpoint,orb,1_3,3,0.55,14,12,708
v_wapping,viewpoint,orb,1_3,3,0.6,23,20,708
v_wapping,viewpoint,orb,1_3,3,0.65,37,31,708
v_wapping,viewpoint,orb,1_3,3,0.7,47,40,708
v_wapping,viewpoint,orb,1_3,3,0.75,69,54,708
v_wapping,viewpoint,orb,1_3,3,0.8,118,71,708
v_wapping,viewpoint,orb,1_3,3,0.85,214,90,708
v_wapping,viewpoint,orb,1_3,3,0.9,413,133,708
v_wapping,viewpoint,orb,1_3,3,0.95,899,155,708
v_wapping,viewpoint,orb,1_3,3,0.99,1785,201,708
v_wapping,viewpoint,orb,1_4,4,0.5,1,1,774
v_wapping,viewpoint,orb,1_4,4,0.55,2,2,774
v_wapping,viewpoint,orb,1_4,4,0.6,3,3,774
v_wapping,viewpoint,orb,1_4,4,0.65,11,8,774
v_wapping,viewpoint,orb,1_4,4,0.7,27,17,774
v_wapping,viewpoint,orb,1_4,4,0.75,57,30,774
v_wapping,viewpoint,orb,1_4,4,0.8,100,46,774
v_wapping,viewpoint,orb,1_4,4,0.85,213,82,774
v_wapping,viewpoint,orb,1_4,4,0.9,390,100,774
v_wapping,viewpoint,orb,1_4,4,0.95,884,140,774
v_wapping,viewpoint,orb,1_4,4,0.99,1815,185,774
v_wapping,viewpoint,orb,1_5,5,0.5,1,1,485
v_wapping,viewpoint,orb,1_5,5,0.55,4,3,485
v_wapping,viewpoint,orb,1_5,5,0.6,7,5,485
v_wapping,viewpoint,orb,1_5,5,0.65,10,7,485
v_wapping,viewpoint,orb,1_5,5,0.7,18,13,485
v_wapping,viewpoint,orb,1_5,5,0.75,33,19,485
v_wapping,viewpoint,orb,1_5,5,0.8,68,34,485
v_wapping,viewpoint,orb,1_5,5,0.85,150,49,485
v_wapping,viewpoint,orb,1_5,5,0.9,322,67,485
v_wapping,viewpoint,orb,1_5,5,0.95,802,93,485
v_wapping,viewpoint,orb,1_5,5,0.99,1787,118,485
v_wapping,viewpoint,orb,1_6,6,0.5,0,0,465
v_wapping,viewpoint,orb,1_6,6,0.55,0,0,465
v_wapping,viewpoint,orb,1_6,6,0.6,0,0,465
v_wapping,viewpoint,orb,1_6,6,0.65,2,1,465
v_wapping,viewpoint,orb,1_6,6,0.7,7,2,465
v_wapping,viewpoint,orb,1_6,6,0.75,13,3,465
v_wapping,viewpoint,orb,1_6,6,0.8,33,5,465
v_wapping,viewpoint,orb,1_6,6,0.85,111,6,465
v_wapping,viewpoint,orb,1_6,6,0.9,287,18,465
v_wapping,viewpoint,orb,1_6,6,0.95,761,34,465
v_wapping,viewpoint,orb,1_6,6,0.99,1765,46,465
v_war,viewpoint,sift,1_2,2,0.5,138,96,2063
v_war,viewpoint,sift,1_2,2,0.55,212,140,2063
v_war,viewpoint,sift,1_2,2,0.6,311,198,2063
v_war,viewpoint,sift,1_2,2,0.65,417,246,2063
v_war,viewpoint,sift,1_2,2,0.7,545,300,2063
v_war,viewpoint,sift,1_2,2,0.75,703,360,2063
v_war,viewpoint,sift,1_2,2,0.8,916,412,2063
v_war,viewpoint,sift,1_2,2,0.85,1255,461,2063
v_war,viewpoint,sift,1_2,2,0.9,1839,508,2063
v_war,viewpoint,sift,1_2,2,0.95,3032,571,2063
v_war,viewpoint,sift,1_2,2,0.99,4697,614,2063
v_war,viewpoint,sift,1_3,3,0.5,22,13,1709
v_war,viewpoint,sift,1_3,3,0.55,38,21,1709
v_war,viewpoint,sift,1_3,3,0.6,71,41,1709
v_war,viewpoint,sift,1_3,3,0.65,117,59,1709
v_war,viewpoint,sift,1_3,3,0.7,191,84,1709
v_war,viewpoint,sift,1_3,3,0.75,289,110,1709
v_war,viewpoint,sift,1_3,3,0.8,494,144,1709
v_war,viewpoint,sift,1_3,3,0.85,824,176,1709
v_war,viewpoint,sift,1_3,3,0.9,1479,221,1709
v_war,viewpoint,sift,1_3,3,0.95,2748,268,1709
v_war,viewpoint,sift,1_3,3,0.99,4633,308,1709
v_war,viewpoint,sift,1_4,4,0.5,1434,1408,2946
v_war,viewpoint,sift,1_4,4,0.55,1578,1545,2946
v_war,viewpoint,sift,1_4,4,0.6,1698,1657,2946
v_war,viewpoint,sift,1_4,4,0.65,1804,1746,2946
v_war,viewpoint,sift,1_4,4,0.7,1928,1836,2946
v_war,viewpoint,sift,1_4,4,0.75,2064,1912,2946
v_war,viewpoint,sift,1_4,4,0.8,2241,1974,2946
v_war,viewpoint,sift,1_4,4,0.85,2490,2027,2946
v_war,viewpoint,sift,1_4,4,0.9,2905,2064,2946
v_war,viewpoint,sift,1_4,4,0.95,3712,2104,2946
v_war,viewpoint,sift,1_4,4,0.99,4904,2137,2946
v_war,viewpoint,sift,1_5,5,0.5,581,521,2564
v_war,viewpoint,sift,1_5,5,0.55,737,652,2564
v_war,viewpoint,sift,1_5,5,0.6,893,785,2564
v_war,viewpoint,sift,1_5,5,0.65,1041,909,2564
v_war,viewpoint,sift,1_5,5,0.7,1209,1024,2564
v_war,viewpoint,sift,1_5,5,0.75,1411,1116,2564
v_war,viewpoint,sift,1_5,5,0.8,1643,1214,2564
v_war,viewpoint,sift,1_5,5,0.85,1987,1312,2564
v_war,viewpoint,sift,1_5,5,0.9,2530,1378,2564
v_war,viewpoint,sift,1_5,5,0.95,3498,1441,2564
v_war,viewpoint,sift,1_5,5,0.99,4840,1491,2564
v_war,viewpoint,sift,1_6,6,0.5,9,2,1673
v_war,viewpoint,sift,1_6,6,0.55,20,4,1673
v_war,viewpoint,sift,1_6,6,0.6,39,11,1673
v_war,viewpoint,sift,1_6,6,0.65,70,22,1673
v_war,viewpoint,sift,1_6,6,0.7,140,36,1673
v_war,viewpoint,sift,1_6,6,0.75,228,47,1673
v_war,viewpoint,sift,1_6,6,0.8,400,72,1673
v_war,viewpoint,sift,1_6,6,0.85,738,98,1673
v_war,viewpoint,sift,1_6,6,0.9,1387,133,1673
v_war,viewpoint,sift,1_6,6,0.95,2671,177,1673
v_war,viewpoint,sift,1_6,6,0.99,4653,217,1673
v_war,viewpoint,orb,1_2,2,0.5,21,17,1417
v_war,viewpoint,orb,1_2,2,0.55,37,30,1417
v_war,viewpoint,orb,1_2,2,0.6,69,55,1417
v_war,viewpoint,orb,1_2,2,0.65,110,87,1417
v_war,viewpoint,orb,1_2,2,0.7,147,111,1417
v_war,viewpoint,orb,1_2,2,0.75,210,148,1417
v_war,viewpoint,orb,1_2,2,0.8,304,195,1417
v_war,viewpoint,orb,1_2,2,0.85,441,245,1417
v_war,viewpoint,orb,1_2,2,0.9,680,315,1417
v_war,viewpoint,orb,1_2,2,0.95,1141,394,1417
v_war,viewpoint,orb,1_2,2,0.99,1842,462,1417
v_war,viewpoint,orb,1_3,3,0.5,1,1,1217
v_war,viewpoint,orb,1_3,3,0.55,3,1,1217
v_war,viewpoint,orb,1_3,3,0.6,8,5,1217
v_war,viewpoint,orb,1_3,3,0.65,19,10,1217
v_war,viewpoint,orb,1_3,3,0.7,40,21,1217
v_war,viewpoint,orb,1_3,3,0.75,73,37,1217
v_war,viewpoint,orb,1_3,3,0.8,115,51,1217
v_war,viewpoint,orb,1_3,3,0.85,213,86,1217
v_war,viewpoint,orb,1_3,3,0.9,457,125,1217
v_war,viewpoint,orb,1_3,3,0.95,954,195,1217
v_war,viewpoint,orb,1_3,3,0.99,1801,245,1217
v_war,viewpoint,orb,1_4,4,0.5,290,279,1919
v_war,viewpoint,orb,1_4,4,0.55,381,366,1919
v_war,viewpoint,orb,1_4,4,0.6,477,462,1919
v_war,viewpoint,orb,1_4,4,0.65,582,563,1919
v_war,viewpoint,orb,1_4,4,0.7,689,662,1919
v_war,viewpoint,orb,1_4,4,0.75,823,785,1919
v_war,viewpoint,orb,1_4,4,0.8,956,892,1919
v_war,viewpoint,orb,1_4,4,0.85,1093,998,1919
v_war,viewpoint,orb,1_4,4,0.9,1271,1080,1919
v_war,viewpoint,orb,1_4,4,0.95,1544,1173,1919
v_war,viewpoint,orb,1_4,4,0.99,1905,1253,1919
v_war,viewpoint,orb,1_5,5,0.5,75,67,1827
v_war,viewpoint,orb,1_5,5,0.55,116,103,1827
v_war,viewpoint,orb,1_5,5,0.6,168,146,1827
v_war,viewpoint,orb,1_5,5,0.65,226,194,1827
v_war,viewpoint,orb,1_5,5,0.7,287,240,1827
v_war,viewpoint,orb,1_5,5,0.75,394,325,1827
v_war,viewpoint,orb,1_5,5,0.8,517,421,1827
v_war,viewpoint,orb,1_5,5,0.85,694,531,1827
v_war,viewpoint,orb,1_5,5,0.9,912,646,1827
v_war,viewpoint,orb,1_5,5,0.95,1300,767,1827
v_war,viewpoint,orb,1_5,5,0.99,1860,864,1827
v_war,viewpoint,orb,1_6,6,0.5,0,0,1303
v_war,viewpoint,orb,1_6,6,0.55,0,0,1303
v_war,viewpoint,orb,1_6,6,0.6,0,0,1303
v_war,viewpoint,orb,1_6,6,0.65,3,0,1303
v_war,viewpoint,orb,1_6,6,0.7,9,2,1303
v_war,viewpoint,orb,1_6,6,0.75,25,7,1303
v_war,viewpoint,orb,1_6,6,0.8,58,14,1303
v_war,viewpoint,orb,1_6,6,0.85,153,30,1303
v_war,viewpoint,orb,1_6,6,0.9,371,63,1303
v_war,viewpoint,orb,1_6,6,0.95,851,94,1303
v_war,viewpoint,orb,1_6,6,0.99,1780,146,1303
v_weapons,viewpoint,sift,1_2,2,0.5,1399,1369,2686
v_weapons,viewpoint,sift,1_2,2,0.55,1556,1515,2686
v_weapons,viewpoint,sift,1_2,2,0.6,1721,1665,2686
v_weapons,viewpoint,sift,1_2,2,0.65,1851,1780,2686
v_weapons,viewpoint,sift,1_2,2,0.7,1957,1873,2686
v_weapons,viewpoint,sift,1_2,2,0.75,2072,1959,2686
v_weapons,viewpoint,sift,1_2,2,0.8,2197,2020,2686
v_weapons,viewpoint,sift,1_2,2,0.85,2371,2072,2686
v_weapons,viewpoint,sift,1_2,2,0.9,2656,2113,2686
v_weapons,viewpoint,sift,1_2,2,0.95,3224,2166,2686
v_weapons,viewpoint,sift,1_2,2,0.99,4048,2215,2686
v_weapons,viewpoint,sift,1_3,3,0.5,199,194,2381
v_weapons,viewpoint,sift,1_3,3,0.55,276,265,2381
v_weapons,viewpoint,sift,1_3,3,0.6,381,363,2381
v_weapons,viewpoint,sift,1_3,3,0.65,503,474,2381
v_weapons,viewpoint,sift,1_3,3,0.7,663,610,2381
v_weapons,viewpoint,sift,1_3,3,0.75,841,743,2381
v_weapons,viewpoint,sift,1_3,3,0.8,1032,869,2381
v_weapons,viewpoint,sift,1_3,3,0.85,1319,999,2381
v_weapons,viewpoint,sift,1_3,3,0.9,1773,1127,2381
v_weapons,viewpoint,sift,1_3,3,0.95,2612,1248,2381
v_weapons,viewpoint,sift,1_3,3,0.99,3890,1346,2381
v_weapons,viewpoint,sift,1_4,4,0.5,1221,1207,2342
v_weapons,viewpoint,sift,1_4,4,0.55,1344,1326,2342
v_weapons,viewpoint,sift,1_4,4,0.6,1471,1447,2342
v_weapons,viewpoint,sift,1_4,4,0.65,1569,1534,2342
v_weapons,viewpoint,sift,1_4,4,0.7,1667,1610,2342
v_weapons,viewpoint,sift,1_4,4,0.75,1763,1676,2342
v_weapons,viewpoint,sift,1_4,4,0.8,1890,1746,2342
v_weapons,viewpoint,sift,1_4,4,0.85,2065,1794,2342
v_weapons,viewpoint,sift,1_4,4,0.9,2392,1840,2342
v_weapons,viewpoint,sift,1_4,4,0.95,2993,1879,2342
v_weapons,viewpoint,sift,1_4,4,0.99,3993,1916,2342
v_weapons,viewpoint,sift,1_5,5,0.5,440,430,2615
v_weapons,viewpoint,sift,1_5,5,0.55,578,565,2615
v_weapons,viewpoint,sift,1_5,5,0.6,748,729,2615
v_weapons,viewpoint,sift,1_5,5,0.65,916,882,2615
v_weapons,viewpoint,sift,1_5,5,0.7,1104,1041,2615
v_weapons,viewpoint,sift,1_5,5,0.75,1279,1186,2615
v_weapons,viewpoint,sift,1_5,5,0.8,1449,1296,2615
v_weapons,viewpoint,sift,1_5,5,0.85,1681,1398,2615
v_weapons,viewpoint,sift,1_5,5,0.9,2084,1512,2615
v_weapons,viewpoint,sift,1_5,5,0.95,2853,1605,2615
v_weapons,viewpoint,sift,1_5,5,0.99,3934,1680,2615
v_weapons,viewpoint,sift,1_6,6,0.5,137,130,2396
v_weapons,viewpoint,sift,1_6,6,0.55,230,218,2396
v_weapons,viewpoint,sift,1_6,6,0.6,352,331,2396
v_weapons,viewpoint,sift,1_6,6,0.65,500,469,2396
v_weapons,viewpoint,sift,1_6,6,0.7,654,603,2396
v_weapons,viewpoint,sift,1_6,6,0.75,825,735,2396
v_weapons,viewpoint,sift,1_6,6,0.8,1066,892,2396
v_weapons,viewpoint,sift,1_6,6,0.85,1324,998,2396
v_weapons,viewpoint,sift,1_6,6,0.9,1770,1108,2396
v_weapons,viewpoint,sift,1_6,6,0.95,2583,1208,2396
v_weapons,viewpoint,sift,1_6,6,0.99,3920,1305,2396
v_weapons,viewpoint,orb,1_2,2,0.5,194,175,1211
v_weapons,viewpoint,orb,1_2,2,0.55,265,241,1211
v_weapons,viewpoint,orb,1_2,2,0.6,347,310,1211
v_weapons,viewpoint,orb,1_2,2,0.65,427,372,1211
v_weapons,viewpoint,orb,1_2,2,0.7,530,451,1211
v_weapons,viewpoint,orb,1_2,2,0.75,641,522,1211
v_weapons,viewpoint,orb,1_2,2,0.8,783,610,1211
v_weapons,viewpoint,orb,1_2,2,0.85,952,690,1211
v_weapons,viewpoint,orb,1_2,2,0.9,1184,773,1211
v_weapons,viewpoint,orb,1_2,2,0.95,1498,842,1211
v_weapons,viewpoint,orb,1_2,2,0.99,1897,906,1211
v_weapons,viewpoint,orb,1_3,3,0.5,8,8,999
v_weapons,viewpoint,orb,1_3,3,0.55,14,14,999
v_weapons,viewpoint,orb,1_3,3,0.6,25,24,999
v_weapons,viewpoint,orb,1_3,3,0.65,44,39,999
v_weapons,viewpoint,orb,1_3,3,0.7,85,71,999
v_weapons,viewpoint,orb,1_3,3,0.75,139,111,999
v_weapons,viewpoint,orb,1_3,3,0.8,226,159,999
v_weapons,viewpoint,orb,1_3,3,0.85,383,216,999
v_weapons,viewpoint,orb,1_3,3,0.9,650,292,999
v_weapons,viewpoint,orb,1_3,3,0.95,1128,377,999
v_weapons,viewpoint,orb,1_3,3,0.99,1818,446,999
v_weapons,viewpoint,orb,1_4,4,0.5,162,156,634
v_weapons,viewpoint,orb,1_4,4,0.55,203,193,634
v_weapons,viewpoint,orb,1_4,4,0.6,242,228,634
v_weapons,viewpoint,orb,1_4,4,0.65,286,269,634
v_weapons,viewpoint,orb,1_4,4,0.7,324,300,634
v_weapons,viewpoint,orb,1_4,4,0.75,382,346,634
v_weapons,viewpoint,orb,1_4,4,0.8,447,389,634
v_weapons,viewpoint,orb,1_4,4,0.85,576,427,634
v_weapons,viewpoint,orb,1_4,4,0.9,773,454,634
v_weapons,viewpoint,orb,1_4,4,0.95,1139,483,634
v_weapons,viewpoint,orb,1_4,4,0.99,1833,509,634
v_weapons,viewpoint,orb,1_5,5,0.5,27,26,1703
v_weapons,viewpoint,orb,1_5,5,0.55,52,46,1703
v_weapons,viewpoint,orb,1_5,5,0.6,98,85,1703
v_weapons,viewpoint,orb,1_5,5,0.65,144,120,1703
v_weapons,viewpoint,orb,1_5,5,0.7,211,170,1703
v_weapons,viewpoint,orb,1_5,5,0.75,299,227,1703
v_weapons,viewpoint,orb,1_5,5,0.8,412,300,1703
v_weapons,viewpoint,orb,1_5,5,0.85,596,387,1703
v_weapons,viewpoint,orb,1_5,5,0.9,866,485,1703
v_weapons,viewpoint,orb,1_5,5,0.95,1308,599,1703
v_weapons,viewpoint,orb,1_5,5,0.99,1854,690,1703
v_weapons,viewpoint,orb,1_6,6,0.5,3,2,1632
v_weapons,viewpoint,orb,1_6,6,0.55,17,13,1632
v_weapons,viewpoint,orb,1_6,6,0.6,26,21,1632
v_weapons,viewpoint,orb,1_6,6,0.65,54,45,1632
v_weapons,viewpoint,orb,1_6,6,0.7,95,76,1632
v_weapons,viewpoint,orb,1_6,6,0.75,138,105,1632
v_weapons,viewpoint,orb,1_6,6,0.8,222,145,1632
v_weapons,viewpoint,orb,1_6,6,0.85,384,215,1632
v_weapons,viewpoint,orb,1_6,6,0.9,658,292,1632
v_weapons,viewpoint,orb,1_6,6,0.95,1141,379,1632
v_weapons,viewpoint,orb,1_6,6,0.99,1793,467,1632
v_woman,viewpoint,sift,1_2,2,0.5,335,334,932
v_woman,viewpoint,sift,1_2,2,0.55,373,371,932
v_woman,viewpoint,sift,1_2,2,0.6,409,405,932
v_woman,viewpoint,sift,1_2,2,0.65,453,441,932
v_woman,viewpoint,sift,1_2,2,0.7,480,462,932
v_woman,viewpoint,sift,1_2,2,0.75,512,480,932
v_woman,viewpoint,sift,1_2,2,0.8,553,498,932
v_woman,viewpoint,sift,1_2,2,0.85,636,523,932
v_woman,viewpoint,sift,1_2,2,0.9,765,544,932
v_woman,viewpoint,sift,1_2,2,0.95,1055,556,932
v_woman,viewpoint,sift,1_2,2,0.99,1615,566,932
v_woman,viewpoint,sift,1_3,3,0.5,249,245,798
v_woman,viewpoint,sift,1_3,3,0.55,287,281,798
v_woman,viewpoint,sift,1_3,3,0.6,325,316,798
v_woman,viewpoint,sift,1_3,3,0.65,384,370,798
v_woman,viewpoint,sift,1_3,3,0.7,420,395,798
v_woman,viewpoint,sift,1_3,3,0.75,468,430,798
v_woman,viewpoint,sift,1_3,3,0.8,527,461,798
v_woman,viewpoint,sift,1_3,3,0.85,614,486,798
v_woman,viewpoint,sift,1_3,3,0.9,760,513,798
v_woman,viewpoint,sift,1_3,3,0.95,1087,535,798
v_woman,viewpoint,sift,1_3,3,0.99,1635,552,798
v_woman,viewpoint,sift,1_4,4,0.5,139,135,745
v_woman,viewpoint,sift,1_4,4,0.55,163,158,745
v_woman,viewpoint,sift,1_4,4,0.6,191,181,745
v_woman,viewpoint,sift,1_4,4,0.65,212,197,745
v_woman,viewpoint,sift,1_4,4,0.7,240,215,745
v_woman,viewpoint,sift,1_4,4,0.75,283,241,745
v_woman,viewpoint,sift,1_4,4,0.8,340,269,745
v_woman,viewpoint,sift,1_4,4,0.85,432,302,745
v_woman,viewpoint,sift,1_4,4,0.9,592,329,745
v_woman,viewpoint,sift,1_4,4,0.95,974,358,745
v_woman,viewpoint,sift,1_4,4,0.99,1622,380,745
v_woman,viewpoint,sift,1_5,5,0.5,98,96,714
v_woman,viewpoint,sift,1_5,5,0.55,127,123,714
v_woman,viewpoint,sift,1_5,5,0.6,147,142,714
v_woman,viewpoint,sift,1_5,5,0.65,171,162,714
v_woman,viewpoint,sift,1_5,5,0.7,198,186,714
v_woman,viewpoint,sift,1_5,5,0.75,237,213,714
v_woman,viewpoint,sift,1_5,5,0.8,284,240,714
v_woman,viewpoint,sift,1_5,5,0.85,374,269,714
v_woman,viewpoint,sift,1_5,5,0.9,543,294,714
v_woman,viewpoint,sift,1_5,5,0.95,912,313,714
v_woman,viewpoint,sift,1_5,5,0.99,1585,331,714
v_woman,viewpoint,sift,1_6,6,0.5,11,10,593
v_woman,viewpoint,sift,1_6,6,0.55,20,16,593
v_woman,viewpoint,sift,1_6,6,0.6,38,32,593
v_woman,viewpoint,sift,1_6,6,0.65,55,47,593
v_woman,viewpoint,sift,1_6,6,0.7,81,64,593
v_woman,viewpoint,sift,1_6,6,0.75,117,82,593
v_woman,viewpoint,sift,1_6,6,0.8,177,112,593
v_woman,viewpoint,sift,1_6,6,0.85,266,137,593
v_woman,viewpoint,sift,1_6,6,0.9,462,167,593
v_woman,viewpoint,sift,1_6,6,0.95,880,204,593
v_woman,viewpoint,sift,1_6,6,0.99,1581,227,593
v_woman,viewpoint,orb,1_2,2,0.5,44,43,743
v_woman,viewpoint,orb,1_2,2,0.55,70,69,743
v_woman,viewpoint,orb,1_2,2,0.6,99,97,743
v_woman,viewpoint,orb,1_2,2,0.65,135,131,743
v_woman,viewpoint,orb,1_2,2,0.7,160,152,743
v_woman,viewpoint,orb,1_2,2,0.75,190,177,743
v_woman,viewpoint,orb,1_2,2,0.8,257,221,743
v_woman,viewpoint,orb,1_2,2,0.85,366,260,743
v_woman,viewpoint,orb,1_2,2,0.9,571,295,743
v_woman,viewpoint,orb,1_2,2,0.95,994,324,743
v_woman,viewpoint,orb,1_2,2,0.99,1815,355,743
v_woman,viewpoint,orb,1_3,3,0.5,89,83,891
v_woman,viewpoint,orb,1_3,3,0.55,123,114,891
v_woman,viewpoint,orb,1_3,3,0.6,156,144,891
v_woman,viewpoint,orb,1_3,3,0.65,193,173,891
v_woman,viewpoint,orb,1_3,3,0.7,240,213,891
v_woman,viewpoint,orb,1_3,3,0.75,289,239,891
v_woman,viewpoint,orb,1_3,3,0.8,367,282,891
v_woman,viewpoint,orb,1_3,3,0.85,475,327,891
v_woman,viewpoint,orb,1_3,3,0.9,677,372,891
v_woman,viewpoint,orb,1_3,3,0.95,1093,436,891
v_woman,viewpoint,orb,1_3,3,0.99,1817,479,891
v_woman,viewpoint,orb,1_4,4,0.5,47,44,562
v_woman,viewpoint,orb,1_4,4,0.55,62,56,562
v_woman,viewpoint,orb,1_4,4,0.6,77,70,562
v_woman,viewpoint,orb,1_4,4,0.65,100,86,562
v_woman,viewpoint,orb,1_4,4,0.7,124,100,562
v_woman,viewpoint,orb,1_4,4,0.75,155,124,562
v_woman,viewpoint,orb,1_4,4,0.8,203,148,562
v_woman,viewpoint,orb,1_4,4,0.85,309,181,562
v_woman,viewpoint,orb,1_4,4,0.9,507,202,562
v_woman,viewpoint,orb,1_4,4,0.95,970,242,562
v_woman,viewpoint,orb,1_4,4,0.99,1791,269,562
v_woman,viewpoint,orb,1_5,5,0.5,30,30,573
v_woman,viewpoint,orb,1_5,5,0.55,38,38,573
v_woman,viewpoint,orb,1_5,5,0.6,53,53,573
v_woman,viewpoint,orb,1_5,5,0.65,72,69,573
v_woman,viewpoint,orb,1_5,5,0.7,87,83,573
v_woman,viewpoint,orb,1_5,5,0.75,120,104,573
v_woman,viewpoint,orb,1_5,5,0.8,166,126,573
v_woman,viewpoint,orb,1_5,5,0.85,265,150,573
v_woman,viewpoint,orb,1_5,5,0.9,463,177,573
v_woman,viewpoint,orb,1_5,5,0.95,989,212,573
v_woman,viewpoint,orb,1_5,5,0.99,1809,244,573
v_woman,viewpoint,orb,1_6,6,0.5,1,0,518
v_woman,viewpoint,orb,1_6,6,0.55,2,1,518
v_woman,viewpoint,orb,1_6,6,0.6,4,3,518
v_woman,viewpoint,orb,1_6,6,0.65,9,8,518
v_woman,viewpoint,orb,1_6,6,0.7,13,11,518
v_woman,viewpoint,orb,1_6,6,0.75,26,20,518
v_woman,viewpoint,orb,1_6,6,0.8,59,29,518
v_woman,viewpoint,orb,1_6,6,0.85,138,42,518
v_woman,viewpoint,orb,1_6,6,0.9,323,63,518
v_woman,viewpoint,orb,1_6,6,0.95,851,83,518
v_woman,viewpoint,orb,1_6,6,0.99,1763,108,518
v_wormhole,viewpoint,sift,1_2,2,0.5,367,355,2654
v_wormhole,viewpoint,sift,1_2,2,0.55,479,462,2654
v_wormhole,viewpoint,sift,1_2,2,0.6,610,581,2654
v_wormhole,viewpoint,sift,1_2,2,0.65,718,682,2654
v_wormhole,viewpoint,sift,1_2,2,0.7,850,793,2654
v_wormhole,viewpoint,sift,1_2,2,0.75,986,905,2654
v_wormhole,viewpoint,sift,1_2,2,0.8,1136,997,2654
v_wormhole,viewpoint,sift,1_2,2,0.85,1364,1084,2654
v_wormhole,viewpoint,sift,1_2,2,0.9,1792,1152,2654
v_wormhole,viewpoint,sift,1_2,2,0.95,2766,1210,2654
v_wormhole,viewpoint,sift,1_2,2,0.99,4316,1258,2654
v_wormhole,viewpoint,sift,1_3,3,0.5,803,748,2620
v_wormhole,viewpoint,sift,1_3,3,0.55,957,892,2620
v_wormhole,viewpoint,sift,1_3,3,0.6,1090,1018,2620
v_wormhole,viewpoint,sift,1_3,3,0.65,1232,1149,2620
v_wormhole,viewpoint,sift,1_3,3,0.7,1370,1263,2620
v_wormhole,viewpoint,sift,1_3,3,0.75,1511,1379,2620
v_wormhole,viewpoint,sift,1_3,3,0.8,1637,1471,2620
v_wormhole,viewpoint,sift,1_3,3,0.85,1860,1562,2620
v_wormhole,viewpoint,sift,1_3,3,0.9,2248,1637,2620
v_wormhole,viewpoint,sift,1_3,3,0.95,3110,1724,2620
v_wormhole,viewpoint,sift,1_3,3,0.99,4386,1766,2620
v_wormhole,viewpoint,sift,1_4,4,0.5,1604,1590,3193
v_wormhole,viewpoint,sift,1_4,4,0.55,1780,1758,3193
v_wormhole,viewpoint,sift,1_4,4,0.6,1950,1920,3193
v_wormhole,viewpoint,sift,1_4,4,0.65,2064,2023,3193
v_wormhole,viewpoint,sift,1_4,4,0.7,2189,2130,3193
v_wormhole,viewpoint,sift,1_4,4,0.75,2285,2206,3193
v_wormhole,viewpoint,sift,1_4,4,0.8,2403,2280,3193
v_wormhole,viewpoint,sift,1_4,4,0.85,2575,2340,3193
v_wormhole,viewpoint,sift,1_4,4,0.9,2868,2397,3193
v_wormhole,viewpoint,sift,1_4,4,0.95,3477,2440,3193
v_wormhole,viewpoint,sift,1_4,4,0.99,4509,2460,3193
v_wormhole,viewpoint,sift,1_5,5,0.5,221,200,2084
v_wormhole,viewpoint,sift,1_5,5,0.55,297,270,2084
v_wormhole,viewpoint,sift,1_5,5,0.6,393,359,2084
v_wormhole,viewpoint,sift,1_5,5,0.65,485,442,2084
v_wormhole,viewpoint,sift,1_5,5,0.7,600,532,2084
v_wormhole,viewpoint,sift,1_5,5,0.75,705,607,2084
v_wormhole,viewpoint,sift,1_5,5,0.8,855,686,2084
v_wormhole,viewpoint,sift,1_5,5,0.85,1091,761,2084
v_wormhole,viewpoint,sift,1_5,5,0.9,1561,833,2084
v_wormhole,viewpoint,sift,1_5,5,0.95,2544,892,2084
v_wormhole,viewpoint,sift,1_5,5,0.99,4256,941,2084
v_wormhole,viewpoint,sift,1_6,6,0.5,63,11,1576
v_wormhole,viewpoint,sift,1_6,6,0.55,78,18,1576
v_wormhole,viewpoint,sift,1_6,6,0.6,97,27,1576
v_wormhole,viewpoint,sift,1_6,6,0.65,124,43,1576
v_wormhole,viewpoint,sift,1_6,6,0.7,176,65,1576
v_wormhole,viewpoint,sift,1_6,6,0.75,237,81,1576
v_wormhole,viewpoint,sift,1_6,6,0.8,358,105,1576
v_wormhole,viewpoint,sift,1_6,6,0.85,576,122,1576
v_wormhole,viewpoint,sift,1_6,6,0.9,1055,145,1576
v_wormhole,viewpoint,sift,1_6,6,0.95,2213,165,1576
v_wormhole,viewpoint,sift,1_6,6,0.99,4134,193,1576
v_wormhole,viewpoint,orb,1_2,2,0.5,63,60,1503
v_wormhole,viewpoint,orb,1_2,2,0.55,107,102,1503
v_wormhole,viewpoint,orb,1_2,2,0.6,168,159,1503
v_wormhole,viewpoint,orb,1_2,2,0.65,236,223,1503
v_wormhole,viewpoint,orb,1_2,2,0.7,330,302,1503
v_wormhole,viewpoint,orb,1_2,2,0.75,416,377,1503
v_wormhole,viewpoint,orb,1_2,2,0.8,514,451,1503
v_wormhole,viewpoint,orb,1_2,2,0.85,668,546,1503
v_wormhole,viewpoint,orb,1_2,2,0.9,861,633,1503
v_wormhole,viewpoint,orb,1_2,2,0.95,1250,734,1503
v_wormhole,viewpoint,orb,1_2,2,0.99,1843,813,1503
v_wormhole,viewpoint,orb,1_3,3,0.5,120,92,1341
v_wormhole,viewpoint,orb,1_3,3,0.55,176,142,1341
v_wormhole,viewpoint,orb,1_3,3,0.6,216,175,1341
v_wormhole,viewpoint,orb,1_3,3,0.65,286,230,1341
v_wormhole,viewpoint,orb,1_3,3,0.7,375,303,1341
v_wormhole,viewpoint,orb,1_3,3,0.75,465,370,1341
v_wormhole,viewpoint,orb,1_3,3,0.8,576,457,1341
v_wormhole,viewpoint,orb,1_3,3,0.85,748,559,1341
v_wormhole,viewpoint,orb,1_3,3,0.9,939,659,1341
v_wormhole,viewpoint,orb,1_3,3,0.95,1300,751,1341
v_wormhole,viewpoint,orb,1_3,3,0.99,1868,839,1341
v_wormhole,viewpoint,orb,1_4,4,0.5,189,181,1690
v_wormhole,viewpoint,orb,1_4,4,0.55,271,255,1690
v_wormhole,viewpoint,orb,1_4,4,0.6,380,357,1690
v_wormhole,viewpoint,orb,1_4,4,0.65,498,467,1690
v_wormhole,viewpoint,orb,1_4,4,0.7,607,565,1690
v_wormhole,viewpoint,orb,1_4,4,0.75,715,663,1690
v_wormhole,viewpoint,orb,1_4,4,0.8,858,776,1690
v_wormhole,viewpoint,orb,1_4,4,0.85,1001,878,1690
v_wormhole,viewpoint,orb,1_4,4,0.9,1178,973,1690
v_wormhole,viewpoint,orb,1_4,4,0.95,1483,1061,1690
v_wormhole,viewpoint,orb,1_4,4,0.99,1890,1124,1690
v_wormhole,viewpoint,orb,1_5,5,0.5,12,11,1282
v_wormhole,viewpoint,orb,1_5,5,0.55,23,20,1282
v_wormhole,viewpoint,orb,1_5,5,0.6,46,36,1282
v_wormhole,viewpoint,orb,1_5,5,0.65,74,56,1282
v_wormhole,viewpoint,orb,1_5,5,0.7,114,84,1282
v_wormhole,viewpoint,orb,1_5,5,0.75,177,124,1282
v_wormhole,viewpoint,orb,1_5,5,0.8,253,166,1282
v_wormhole,viewpoint,orb,1_5,5,0.85,375,222,1282
v_wormhole,viewpoint,orb,1_5,5,0.9,598,294,1282
v_wormhole,viewpoint,orb,1_5,5,0.95,1058,384,1282
v_wormhole,viewpoint,orb,1_5,5,0.99,1811,482,1282
v_wormhole,viewpoint,orb,1_6,6,0.5,0,0,978
v_wormhole,viewpoint,orb,1_6,6,0.55,1,0,978
v_wormhole,viewpoint,orb,1_6,6,0.6,2,1,978
v_wormhole,viewpoint,orb,1_6,6,0.65,3,1,978
v_wormhole,viewpoint,orb,1_6,6,0.7,11,5,978
v_wormhole,viewpoint,orb,1_6,6,0.75,21,10,978
v_wormhole,viewpoint,orb,1_6,6,0.8,51,16,978
v_wormhole,viewpoint,orb,1_6,6,0.85,137,27,978
v_wormhole,viewpoint,orb,1_6,6,0.9,342,40,978
v_wormhole,viewpoint,orb,1_6,6,0.95,857,60,978
v_wormhole,viewpoint,orb,1_6,6,0.99,1763,76,978
v_wounded,viewpoint,sift,1_2,2,0.5,1248,1232,2463
v_wounded,viewpoint,sift,1_2,2,0.55,1402,1380,2463
v_wounded,viewpoint,sift,1_2,2,0.6,1528,1504,2463
v_wounded,viewpoint,sift,1_2,2,0.65,1627,1593,2463
v_wounded,viewpoint,sift,1_2,2,0.7,1719,1672,2463
v_wounded,viewpoint,sift,1_2,2,0.75,1810,1728,2463
v_wounded,viewpoint,sift,1_2,2,0.8,1900,1775,2463
v_wounded,viewpoint,sift,1_2,2,0.85,2033,1806,2463
v_wounded,viewpoint,sift,1_2,2,0.9,2306,1838,2463
v_wounded,viewpoint,sift,1_2,2,0.95,2898,1861,2463
v_wounded,viewpoint,sift,1_2,2,0.99,3895,1881,2463
v_wounded,viewpoint,sift,1_3,3,0.5,50,47,1827
v_wounded,viewpoint,sift,1_3,3,0.55,91,86,1827
v_wounded,viewpoint,sift,1_3,3,0.6,132,125,1827
v_wounded,viewpoint,sift,1_3,3,0.65,216,200,1827
v_wounded,viewpoint,sift,1_3,3,0.7,286,255,1827
v_wounded,viewpoint,sift,1_3,3,0.75,417,359,1827
v_wounded,viewpoint,sift,1_3,3,0.8,587,473,1827
v_wounded,viewpoint,sift,1_3,3,0.85,801,583,1827
v_wounded,viewpoint,sift,1_3,3,0.9,1222,714,1827
v_wounded,viewpoint,sift,1_3,3,0.95,2063,797,1827
v_wounded,viewpoint,sift,1_3,3,0.99,3636,878,1827
v_wounded,viewpoint,sift,1_4,4,0.5,1,0,414
v_wounded,viewpoint,sift,1_4,4,0.55,1,0,414
v_wounded,viewpoint,sift,1_4,4,0.6,8,0,414
v_wounded,viewpoint,sift,1_4,4,0.65,9,0,414
v_wounded,viewpoint,sift,1_4,4,0.7,19,0,414
v_wounded,viewpoint,sift,1_4,4,0.75,36,0,414
v_wounded,viewpoint,sift,1_4,4,0.8,90,3,414
v_wounded,viewpoint,sift,1_4,4,0.85,215,7,414
v_wounded,viewpoint,sift,1_4,4,0.9,576,14,414
v_wounded,viewpoint,sift,1_4,4,0.95,1632,23,414
v_wounded,viewpoint,sift,1_4,4,0.99,3566,30,414
v_wounded,viewpoint,sift,1_5,5,0.5,12,11,1194
v_wounded,viewpoint,sift,1_5,5,0.55,18,15,1194
v_wounded,viewpoint,sift,1_5,5,0.6,29,23,1194
v_wounded,viewpoint,sift,1_5,5,0.65,71,51,1194
v_wounded,viewpoint,sift,1_5,5,0.7,113,75,1194
v_wounded,viewpoint,sift,1_5,5,0.75,197,119,1194
v_wounded,viewpoint,sift,1_5,5,0.8,295,146,1194
v_wounded,viewpoint,sift,1_5,5,0.85,479,188,1194
v_wounded,viewpoint,sift,1_5,5,0.9,874,247,1194
v_wounded,viewpoint,sift,1_5,5,0.95,1851,293,1194
v_wounded,viewpoint,sift,1_5,5,0.99,3643,343,1194
v_wounded,viewpoint,sift,1_6,6,0.5,2,1,607
v_wounded,viewpoint,sift,1_6,6,0.55,5,1,607
v_wounded,viewpoint,sift,1_6,6,0.6,7,1,607
v_wounded,viewpoint,sift,1_6,6,0.65,12,1,607
v_wounded,viewpoint,sift,1_6,6,0.7,37,5,607
v_wounded,viewpoint,sift,1_6,6,0.75,74,7,607
v_wounded,viewpoint,sift,1_6,6,0.8,168,12,607
v_wounded,viewpoint,sift,1_6,6,0.85,368,18,607
v_wounded,viewpoint,sift,1_6,6,0.9,829,30,607
v_wounded,viewpoint,sift,1_6,6,0.95,1829,48,607
v_wounded,viewpoint,sift,1_6,6,0.99,3625,64,607
v_wounded,viewpoint,orb,1_2,2,0.5,30,29,268
v_wounded,viewpoint,orb,1_2,2,0.55,49,48,268
v_wounded,viewpoint,orb,1_2,2,0.6,61,59,268
v_wounded,viewpoint,orb,1_2,2,0.65,83,78,268
v_wounded,viewpoint,orb,1_2,2,0.7,105,89,268
v_wounded,viewpoint,orb,1_2,2,0.75,142,104,268
v_wounded,viewpoint,orb,1_2,2,0.8,214,118,268
v_wounded,viewpoint,orb,1_2,2,0.85,349,135,268
v_wounded,viewpoint,orb,1_2,2,0.9,567,148,268
v_wounded,viewpoint,orb,1_2,2,0.95,1043,161,268
v_wounded,viewpoint,orb,1_2,2,0.99,1822,171,268
v_wounded,viewpoint,orb,1_3,3,0.5,4,2,358
v_wounded,viewpoint,orb,1_3,3,0.55,9,4,358
v_wounded,viewpoint,orb,1_3,3,0.6,16,7,358
v_wounded,viewpoint,orb,1_3,3,0.65,37,9,358
v_wounded,viewpoint,orb,1_3,3,0.7,68,17,358
v_wounded,viewpoint,orb,1_3,3,0.75,131,39,358
v_wounded,viewpoint,orb,1_3,3,0.8,217,51,358
v_wounded,viewpoint,orb,1_3,3,0.85,370,61,358
v_wounded,viewpoint,orb,1_3,3,0.9,629,75,358
v_wounded,viewpoint,orb,1_3,3,0.95,1088,101,358
v_wounded,viewpoint,orb,1_3,3,0.99,1813,125,358
v_wounded,viewpoint,orb,1_4,4,0.5,0,0,202
v_wounded,viewpoint,orb,1_4,4,0.55,0,0,202
v_wounded,viewpoint,orb,1_4,4,0.6,2,0,202
v_wounded,viewpoint,orb,1_4,4,0.65,3,0,202
v_wounded,viewpoint,orb,1_4,4,0.7,3,0,202
v_wounded,viewpoint,orb,1_4,4,0.75,16,0,202
v_wounded,viewpoint,orb,1_4,4,0.8,31,0,202
v_wounded,viewpoint,orb,1_4,4,0.85,123,2,202
v_wounded,viewpoint,orb,1_4,4,0.9,321,4,202
v_wounded,viewpoint,orb,1_4,4,0.95,827,10,202
v_wounded,viewpoint,orb,1_4,4,0.99,1767,23,202
v_wounded,viewpoint,orb,1_5,5,0.5,3,0,499
v_wounded,viewpoint,orb,1_5,5,0.55,10,0,499
v_wounded,viewpoint,orb,1_5,5,0.6,15,0,499
v_wounded,viewpoint,orb,1_5,5,0.65,28,0,499
v_wounded,viewpoint,orb,1_5,5,0.7,58,6,499
v_wounded,viewpoint,orb,1_5,5,0.75,111,12,499
v_wounded,viewpoint,orb,1_5,5,0.8,212,25,499
v_wounded,viewpoint,orb,1_5,5,0.85,355,39,499
v_wounded,viewpoint,orb,1_5,5,0.9,620,61,499
v_wounded,viewpoint,orb,1_5,5,0.95,1078,77,499
v_wounded,viewpoint,orb,1_5,5,0.99,1810,109,499
v_wounded,viewpoint,orb,1_6,6,0.5,1,1,233
v_wounded,viewpoint,orb,1_6,6,0.55,1,1,233
v_wounded,viewpoint,orb,1_6,6,0.6,1,1,233
v_wounded,viewpoint,orb,1_6,6,0.65,4,1,233
v_wounded,viewpoint,orb,1_6,6,0.7,9,1,233
v_wounded,viewpoint,orb,1_6,6,0.75,27,1,233
v_wounded,viewpoint,orb,1_6,6,0.8,65,2,233
v_wounded,viewpoint,orb,1_6,6,0.85,176,7,233
v_wounded,viewpoint,orb,1_6,6,0.9,399,12,233
v_wounded,viewpoint,orb,1_6,6,0.95,873,18,233
v_wounded,viewpoint,orb,1_6,6,0.99,1762,32,233
v_yard,viewpoint,sift,1_2,2,0.5,1240,1211,5444
v_yard,viewpoint,sift,1_2,2,0.55,1635,1596,5444
v_yard,viewpoint,sift,1_2,2,0.6,2017,1963,5444
v_yard,viewpoint,sift,1_2,2,0.65,2321,2256,5444
v_yard,viewpoint,sift,1_2,2,0.7,2624,2537,5444
v_yard,viewpoint,sift,1_2,2,0.75,2894,2760,5444
v_yard,viewpoint,sift,1_2,2,0.8,3188,2967,5444
v_yard,viewpoint,sift,1_2,2,0.85,3611,3180,5444
v_yard,viewpoint,sift,1_2,2,0.9,4314,3349,5444
v_yard,viewpoint,sift,1_2,2,0.95,5895,3487,5444
v_yard,viewpoint,sift,1_2,2,0.99,8538,3590,5444
v_yard,viewpoint,sift,1_3,3,0.5,402,336,2453
v_yard,viewpoint,sift,1_3,3,0.55,546,456,2453
v_yard,viewpoint,sift,1_3,3,0.6,711,589,2453
v_yard,viewpoint,sift,1_3,3,0.65,856,696,2453
v_yard,viewpoint,sift,1_3,3,0.7,1020,818,2453
v_yard,viewpoint,sift,1_3,3,0.75,1190,919,2453
v_yard,viewpoint,sift,1_3,3,0.8,1420,1013,2453
v_yard,viewpoint,sift,1_3,3,0.85,1799,1109,2453
v_yard,viewpoint,sift,1_3,3,0.9,2607,1198,2453
v_yard,viewpoint,sift,1_3,3,0.95,4601,1273,2453
v_yard,viewpoint,sift,1_3,3,0.99,8178,1337,2453
v_yard,viewpoint,sift,1_4,4,0.5,534,485,4862
v_yard,viewpoint,sift,1_4,4,0.55,789,724,4862
v_yard,viewpoint,sift,1_4,4,0.6,1063,985,4862
v_yard,viewpoint,sift,1_4,4,0.65,1350,1249,4862
v_yard,viewpoint,sift,1_4,4,0.7,1622,1488,4862
v_yard,viewpoint,sift,1_4,4,0.75,1904,1731,4862
v_yard,viewpoint,sift,1_4,4,0.8,2229,1953,4862
v_yard,viewpoint,sift,1_4,4,0.85,2688,2148,4862
v_yard,viewpoint,sift,1_4,4,0.9,3508,2331,4862
v_yard,viewpoint,sift,1_4,4,0.95,5211,2474,4862
v_yard,viewpoint,sift,1_4,4,0.99,8344,2568,4862
v_yard,viewpoint,sift,1_5,5,0.5,108,60,3847
v_yard,viewpoint,sift,1_5,5,0.55,165,97,3847
v_yard,viewpoint,sift,1_5,5,0.6,245,151,3847
v_yard,viewpoint,sift,1_5,5,0.65,357,225,3847
v_yard,viewpoint,sift,1_5,5,0.7,495,300,3847
v_yard,viewpoint,sift,1_5,5,0.75,665,403,3847
v_yard,viewpoint,sift,1_5,5,0.8,887,498,3847
v_yard,viewpoint,sift,1_5,5,0.85,1321,626,3847
v_yard,viewpoint,sift,1_5,5,0.9,2253,769,3847
v_yard,viewpoint,sift,1_5,5,0.95,4405,897,3847
v_yard,viewpoint,sift,1_5,5,0.99,8062,1003,3847
v_yard,viewpoint,sift,1_6,6,0.5,19,13,2991
v_yard,viewpoint,sift,1_6,6,0.55,32,18,2991
v_yard,viewpoint,sift,1_6,6,0.6,60,29,2991
v_yard,viewpoint,sift,1_6,6,0.65,89,43,2991
v_yard,viewpoint,sift,1_6,6,0.7,125,54,2991
v_yard,viewpoint,sift,1_6,6,0.75,205,74,2991
v_yard,viewpoint,sift,1_6,6,0.8,369,92,2991
v_yard,viewpoint,sift,1_6,6,0.85,735,111,2991
v_yard,viewpoint,sift,1_6,6,0.9,1651,146,2991
v_yard,viewpoint,sift,1_6,6,0.95,3922,182,2991
v_yard,viewpoint,sift,1_6,6,0.99,7912,210,2991
v_yard,viewpoint,orb,1_2,2,0.5,67,62,1230
v_yard,viewpoint,orb,1_2,2,0.55,128,120,1230
v_yard,viewpoint,orb,1_2,2,0.6,187,174,1230
v_yard,viewpoint,orb,1_2,2,0.65,254,235,1230
v_yard,viewpoint,orb,1_2,2,0.7,340,315,1230
v_yard,viewpoint,orb,1_2,2,0.75,434,393,1230
v_yard,viewpoint,orb,1_2,2,0.8,532,474,1230
v_yard,viewpoint,orb,1_2,2,0.85,687,559,1230
v_yard,viewpoint,orb,1_2,2,0.9,883,628,1230
v_yard,viewpoint,orb,1_2,2,0.95,1282,707,1230
v_yard,viewpoint,orb,1_2,2,0.99,1844,759,1230
v_yard,viewpoint,orb,1_3,3,0.5,29,28,610
v_yard,viewpoint,orb,1_3,3,0.55,47,43,610
v_yard,viewpoint,orb,1_3,3,0.6,76,67,610
v_yard,viewpoint,orb,1_3,3,0.65,110,92,610
v_yard,viewpoint,orb,1_3,3,0.7,139,113,610
v_yard,viewpoint,orb,1_3,3,0.75,186,142,610
v_yard,viewpoint,orb,1_3,3,0.8,253,178,610
v_yard,viewpoint,orb,1_3,3,0.85,360,210,610
v_yard,viewpoint,orb,1_3,3,0.9,580,261,610
v_yard,viewpoint,orb,1_3,3,0.95,1023,307,610
v_yard,viewpoint,orb,1_3,3,0.99,1792,343,610
v_yard,viewpoint,orb,1_4,4,0.5,40,37,1406
v_yard,viewpoint,orb,1_4,4,0.55,71,65,1406
v_yard,viewpoint,orb,1_4,4,0.6,110,101,1406
v_yard,viewpoint,orb,1_4,4,0.65,151,139,1406
v_yard,viewpoint,orb,1_4,4,0.7,212,193,1406
v_yard,viewpoint,orb,1_4,4,0.75,308,272,1406
v_yard,viewpoint,orb,1_4,4,0.8,412,352,1406
v_yard,viewpoint,orb,1_4,4,0.85,558,436,1406
v_yard,viewpoint,orb,1_4,4,0.9,794,546,1406
v_yard,viewpoint,orb,1_4,4,0.95,1192,659,1406
v_yard,viewpoint,orb,1_4,4,0.99,1838,760,1406
v_yard,viewpoint,orb,1_5,5,0.5,11,9,1047
v_yard,viewpoint,orb,1_5,5,0.55,21,14,1047
v_yard,viewpoint,orb,1_5,5,0.6,36,25,1047
v_yard,viewpoint,orb,1_5,5,0.65,50,34,1047
v_yard,viewpoint,orb,1_5,5,0.7,76,46,1047
v_yard,viewpoint,orb,1_5,5,0.75,107,58,1047
v_yard,viewpoint,orb,1_5,5,0.8,155,78,1047
v_yard,viewpoint,orb,1_5,5,0.85,268,117,1047
v_yard,viewpoint,orb,1_5,5,0.9,480,160,1047
v_yard,viewpoint,orb,1_5,5,0.95,969,212,1047
v_yard,viewpoint,orb,1_5,5,0.99,1810,273,1047
v_yard,viewpoint,orb,1_6,6,0.5,0,0,675
v_yard,viewpoint,orb,1_6,6,0.55,0,0,675
v_yard,viewpoint,orb,1_6,6,0.6,3,1,675
v_yard,viewpoint,orb,1_6,6,0.65,5,2,675
v_yard,viewpoint,orb,1_6,6,0.7,9,3,675
v_yard,viewpoint,orb,1_6,6,0.75,27,11,675
v_yard,viewpoint,orb,1_6,6,0.8,62,18,675
v_yard,viewpoint,orb,1_6,6,0.85,151,26,675
v_yard,viewpoint,orb,1_6,6,0.9,395,42,675
v_yard,viewpoint,orb,1_6,6,0.95,915,61,675
v_yard,viewpoint,orb,1_6,6,0.99,1793,76,675
v_yuri,viewpoint,sift,1_2,2,0.5,145,138,492
v_yuri,viewpoint,sift,1_2,2,0.55,164,157,492
v_yuri,viewpoint,sift,1_2,2,0.6,187,179,492
v_yuri,viewpoint,sift,1_2,2,0.65,213,204,492
v_yuri,viewpoint,sift,1_2,2,0.7,250,233,492
v_yuri,viewpoint,sift,1_2,2,0.75,273,248,492
v_yuri,viewpoint,sift,1_2,2,0.8,313,267,492
v_yuri,viewpoint,sift,1_2,2,0.85,388,292,492
v_yuri,viewpoint,sift,1_2,2,0.9,495,316,492
v_yuri,viewpoint,sift,1_2,2,0.95,723,332,492
v_yuri,viewpoint,sift,1_2,2,0.99,1036,343,492
v_yuri,viewpoint,sift,1_3,3,0.5,87,75,413
v_yuri,viewpoint,sift,1_3,3,0.55,127,110,413
v_yuri,viewpoint,sift,1_3,3,0.6,168,141,413
v_yuri,viewpoint,sift,1_3,3,0.65,216,177,413
v_yuri,viewpoint,sift,1_3,3,0.7,257,208,413
v_yuri,viewpoint,sift,1_3,3,0.75,303,233,413
v_yuri,viewpoint,sift,1_3,3,0.8,360,264,413
v_yuri,viewpoint,sift,1_3,3,0.85,433,280,413
v_yuri,viewpoint,sift,1_3,3,0.9,559,301,413
v_yuri,viewpoint,sift,1_3,3,0.95,743,321,413
v_yuri,viewpoint,sift,1_3,3,0.99,1018,326,413
v_yuri,viewpoint,sift,1_4,4,0.5,9,5,300
v_yuri,viewpoint,sift,1_4,4,0.55,16,8,300
v_yuri,viewpoint,sift,1_4,4,0.6,23,12,300
v_yuri,viewpoint,sift,1_4,4,0.65,36,19,300
v_yuri,viewpoint,sift,1_4,4,0.7,66,32,300
v_yuri,viewpoint,sift,1_4,4,0.75,92,38,300
v_yuri,viewpoint,sift,1_4,4,0.8,139,49,300
v_yuri,viewpoint,sift,1_4,4,0.85,227,67,300
v_yuri,viewpoint,sift,1_4,4,0.9,371,88,300
v_yuri,viewpoint,sift,1_4,4,0.95,650,106,300
v_yuri,viewpoint,sift,1_4,4,0.99,996,123,300
v_yuri,viewpoint,sift,1_5,5,0.5,119,108,266
v_yuri,viewpoint,sift,1_5,5,0.55,142,125,266
v_yuri,viewpoint,sift,1_5,5,0.6,171,146,266
v_yuri,viewpoint,sift,1_5,5,0.65,189,156,266
v_yuri,viewpoint,sift,1_5,5,0.7,211,168,266
v_yuri,viewpoint,sift,1_5,5,0.75,234,176,266
v_yuri,viewpoint,sift,1_5,5,0.8,280,187,266
v_yuri,viewpoint,sift,1_5,5,0.85,350,193,266
v_yuri,viewpoint,sift,1_5,5,0.9,461,197,266
v_yuri,viewpoint,sift,1_5,5,0.95,671,200,266
v_yuri,viewpoint,sift,1_5,5,0.99,1007,206,266
v_yuri,viewpoint,sift,1_6,6,0.5,65,40,178
v_yuri,viewpoint,sift,1_6,6,0.55,77,46,178
v_yuri,viewpoint,sift,1_6,6,0.6,100,56,178
v_yuri,viewpoint,sift,1_6,6,0.65,116,64,178
v_yuri,viewpoint,sift,1_6,6,0.7,139,71,178
v_yuri,viewpoint,sift,1_6,6,0.75,165,75,178
v_yuri,viewpoint,sift,1_6,6,0.8,206,82,178
v_yuri,viewpoint,sift,1_6,6,0.85,276,88,178
v_yuri,viewpoint,sift,1_6,6,0.9,415,99,178
v_yuri,viewpoint,sift,1_6,6,0.95,670,109,178
v_yuri,viewpoint,sift,1_6,6,0.99,1015,114,178
v_yuri,viewpoint,orb,1_2,2,0.5,149,147,1093
v_yuri,viewpoint,orb,1_2,2,0.55,203,201,1093
v_yuri,viewpoint,orb,1_2,2,0.6,254,246,1093
v_yuri,viewpoint,orb,1_2,2,0.65,305,293,1093
v_yuri,viewpoint,orb,1_2,2,0.7,375,355,1093
v_yuri,viewpoint,orb,1_2,2,0.75,437,405,1093
v_yuri,viewpoint,orb,1_2,2,0.8,529,473,1093
v_yuri,viewpoint,orb,1_2,2,0.85,664,543,1093
v_yuri,viewpoint,orb,1_2,2,0.9,878,614,1093
v_yuri,viewpoint,orb,1_2,2,0.95,1257,677,1093
v_yuri,viewpoint,orb,1_2,2,0.99,1841,739,1093
v_yuri,viewpoint,orb,1_3,3,0.5,23,20,1000
v_yuri,viewpoint,orb,1_3,3,0.55,42,36,1000
v_yuri,viewpoint,orb,1_3,3,0.6,73,58,1000
v_yuri,viewpoint,orb,1_3,3,0.65,121,99,1000
v_yuri,viewpoint,orb,1_3,3,0.7,190,155,1000
v_yuri,viewpoint,orb,1_3,3,0.75,266,209,1000
v_yuri,viewpoint,orb,1_3,3,0.8,385,281,1000
v_yuri,viewpoint,orb,1_3,3,0.85,558,368,1000
v_yuri,viewpoint,orb,1_3,3,0.9,784,462,1000
v_yuri,viewpoint,orb,1_3,3,0.95,1213,566,1000
v_yuri,viewpoint,orb,1_3,3,0.99,1814,633,1000
v_yuri,viewpoint,orb,1_4,4,0.5,0,0,1005
v_yuri,viewpoint,orb,1_4,4,0.55,0,0,1005
v_yuri,viewpoint,orb,1_4,4,0.6,1,0,1005
v_yuri,viewpoint,orb,1_4,4,0.65,8,1,1005
v_yuri,viewpoint,orb,1_4,4,0.7,18,3,1005
v_yuri,viewpoint,orb,1_4,4,0.75,52,13,1005
v_yuri,viewpoint,orb,1_4,4,0.8,96,25,1005
v_yuri,viewpoint,orb,1_4,4,0.85,218,54,1005
v_yuri,viewpoint,orb,1_4,4,0.9,481,101,1005
v_yuri,viewpoint,orb,1_4,4,0.95,986,156,1005
v_yuri,viewpoint,orb,1_4,4,0.99,1767,209,1005
v_yuri,viewpoint,orb,1_5,5,0.5,89,77,1040
v_yuri,viewpoint,orb,1_5,5,0.55,125,103,1040
v_yuri,viewpoint,orb,1_5,5,0.6,161,133,1040
v_yuri,viewpoint,orb,1_5,5,0.65,232,191,1040
v_yuri,viewpoint,orb,1_5,5,0.7,299,237,1040
v_yuri,viewpoint,orb,1_5,5,0.75,365,282,1040
v_yuri,viewpoint,orb,1_5,5,0.8,477,346,1040
v_yuri,viewpoint,orb,1_5,5,0.85,624,409,1040
v_yuri,viewpoint,orb,1_5,5,0.9,859,466,1040
v_yuri,viewpoint,orb,1_5,5,0.95,1231,528,1040
v_yuri,viewpoint,orb,1_5,5,0.99,1860,584,1040
v_yuri,viewpoint,orb,1_6,6,0.5,19,7,823
v_yuri,viewpoint,orb,1_6,6,0.55,33,13,823
v_yuri,viewpoint,orb,1_6,6,0.6,49,21,823
v_yuri,viewpoint,orb,1_6,6,0.65,69,33,823
v_yuri,viewpoint,orb,1_6,6,0.7,114,54,823
v_yuri,viewpoint,orb,1_6,6,0.75,149,69,823
v_yuri,viewpoint,orb,1_6,6,0.8,228,97,823
v_yuri,viewpoint,orb,1_6,6,0.85,370,127,823
v_yuri,viewpoint,orb,1_6,6,0.9,630,177,823
v_yuri,viewpoint,orb,1_6,6,0.95,1100,223,823
v_yuri,viewpoint,orb,1_6,6,0.99,1809,270,823
