sequence,seq_type,method,pair,baseline_idx,num_kp1,num_kp2,num_matches,time_sec,correct_at_1px,num_ground_truth_at_1px,precision_at_1px,recall_at_1px,correct_at_2px,num_ground_truth_at_2px,precision_at_2px,recall_at_2px,correct_at_3px,num_ground_truth_at_3px,precision_at_3px,recall_at_3px,correct_at_5px,num_ground_truth_at_5px,precision_at_5px,recall_at_5px,correct_at_10px,num_ground_truth_at_10px,precision_at_10px,recall_at_10px
i_ajuntament,illumination,sift,1_2,2,840,780,348,0.088566255569458,219,322,0.6293103448275862,0.6801242236024845,269,429,0.7729885057471264,0.627039627039627,284,481,0.8160919540229885,0.5904365904365905,286,557,0.8218390804597702,0.5134649910233393,287,723,0.8247126436781609,0.3969571230982019
i_ajuntament,illumination,sift,1_3,3,840,417,64,0.088566255569458,2,54,0.03125,0.037037037037037035,6,96,0.09375,0.0625,12,137,0.1875,0.08759124087591241,15,221,0.234375,0.06787330316742081,21,418,0.328125,0.050239234449760764
i_ajuntament,illumination,sift,1_4,4,840,302,38,0.088566255569458,2,24,0.05263157894736842,0.08333333333333333,5,42,0.13157894736842105,0.11904761904761904,6,67,0.15789473684210525,0.08955223880597014,6,118,0.15789473684210525,0.05084745762711865,6,198,0.15789473684210525,0.030303030303030304
i_ajuntament,illumination,sift,1_5,5,840,236,79,0.088566255569458,7,23,0.08860759493670886,0.30434782608695654,8,47,0.10126582278481013,0.1702127659574468,8,69,0.10126582278481013,0.11594202898550725,8,114,0.10126582278481013,0.07017543859649122,8,192,0.10126582278481013,0.041666666666666664
i_ajuntament,illumination,sift,1_6,6,840,290,33,0.088566255569458,6,23,0.18181818181818182,0.2608695652173913,6,45,0.18181818181818182,0.13333333333333333,7,69,0.21212121212121213,0.10144927536231885,7,119,0.21212121212121213,0.058823529411764705,8,209,0.24242424242424243,0.03827751196172249
i_ajuntament,illumination,orb,1_2,2,1942,1944,803,0.2236175060272217,576,1366,0.7173100871731009,0.4216691068814056,692,1669,0.8617683686176837,0.41461953265428403,733,1766,0.912826899128269,0.4150622876557191,747,1858,0.9302615193026152,0.40204520990312165,752,1902,0.9364881693648817,0.3953732912723449
i_ajuntament,illumination,orb,1_3,3,1942,1364,66,0.2236175060272217,21,523,0.3181818181818182,0.040152963671128104,26,779,0.3939393939393939,0.03337612323491656,35,917,0.5303030303030303,0.03816793893129771,37,1109,0.5606060606060606,0.033363390441839495,38,1396,0.5757575757575758,0.027220630372492838
i_ajuntament,illumination,orb,1_4,4,1942,1346,16,0.2236175060272217,2,294,0.125,0.006802721088435374,3,442,0.1875,0.006787330316742082,5,549,0.3125,0.009107468123861567,7,614,0.4375,0.011400651465798045,8,719,0.5,0.011126564673157162
i_ajuntament,illumination,orb,1_5,5,1942,1242,30,0.2236175060272217,4,293,0.13333333333333333,0.013651877133105802,6,443,0.2,0.013544018058690745,6,551,0.2,0.010889292196007259,9,646,0.3,0.01393188854489164,11,755,0.36666666666666664,0.01456953642384106
i_ajuntament,illumination,orb,1_6,6,1942,1365,26,0.2236175060272217,4,305,0.15384615384615385,0.013114754098360656,7,467,0.2692307692307692,0.014989293361884369,7,587,0.2692307692307692,0.01192504258943782,8,662,0.3076923076923077,0.012084592145015106,11,752,0.4230769230769231,0.014627659574468085
i_autannes,illumination,sift,1_2,2,2677,2770,641,0.7277737617492676,598,842,0.9329173166926678,0.7102137767220903,616,930,0.9609984399375975,0.6623655913978495,619,1031,0.9656786271450858,0.600387972841901,619,1401,0.9656786271450858,0.44182726623840113,624,1872,0.9734789391575663,0.3333333333333333
i_autannes,illumination,sift,1_3,3,2677,3686,456,0.7277737617492676,410,676,0.8991228070175439,0.606508875739645,426,772,0.9342105263157895,0.5518134715025906,429,877,0.9407894736842105,0.48916761687571264,430,1285,0.9429824561403509,0.3346303501945525,432,1787,0.9473684210526315,0.2417459429210968
i_autannes,illumination,sift,1_4,4,2677,8449,72,0.7277737617492676,2,132,0.027777777777777776,0.015151515151515152,16,529,0.2222222222222222,0.030245746691871456,27,977,0.375,0.027635619242579325,59,1674,0.8194444444444444,0.03524492234169654,61,2395,0.8472222222222222,0.02546972860125261
i_autannes,illumination,sift,1_5,5,2677,7792,69,0.7277737617492676,38,409,0.5507246376811594,0.09290953545232274,48,745,0.6956521739130435,0.06442953020134229,50,1039,0.7246376811594203,0.04812319538017324,50,1703,0.7246376811594203,0.029359953024075163,52,2404,0.7536231884057971,0.021630615640599003
i_autannes,illumination,sift,1_6,6,2677,3236,250,0.7277737617492676,125,490,0.5,0.25510204081632654,220,828,0.88,0.26570048309178745,231,1043,0.924,0.2214765100671141,236,1561,0.944,0.15118513773222295,236,2224,0.944,0.10611510791366907
i_autannes,illumination,orb,1_2,2,1986,2000,110,0.24465541839599608,85,167,0.7727272727272727,0.5089820359281437,99,247,0.9,0.4008097165991903,101,314,0.9181818181818182,0.321656050955414,104,408,0.9454545454545454,0.2549019607843137,105,630,0.9545454545454546,0.16666666666666666
i_autannes,illumination,orb,1_3,3,1986,2000,38,0.24465541839599608,23,106,0.6052631578947368,0.2169811320754717,26,158,0.6842105263157895,0.16455696202531644,29,212,0.7631578947368421,0.13679245283018868,30,319,0.7894736842105263,0.09404388714733543,31,442,0.8157894736842105,0.07013574660633484
i_autannes,illumination,orb,1_4,4,1986,2000,34,0.24465541839599608,11,154,0.3235294117647059,0.07142857142857142,17,337,0.5,0.050445103857566766,26,491,0.7647058823529411,0.05295315682281059,26,678,0.7647058823529411,0.038348082595870206,29,891,0.8529411764705882,0.03254769921436588
i_autannes,illumination,orb,1_5,5,1986,2000,21,0.24465541839599608,10,281,0.47619047619047616,0.03558718861209965,14,473,0.6666666666666666,0.02959830866807611,14,594,0.6666666666666666,0.02356902356902357,15,785,0.7142857142857143,0.01910828025477707,16,1055,0.7619047619047619,0.015165876777251185
i_autannes,illumination,orb,1_6,6,1986,1962,230,0.24465541839599608,98,926,0.4260869565217391,0.10583153347732181,175,1443,0.7608695652173914,0.12127512127512127,210,1649,0.9130434782608695,0.12734990903577925,222,1804,0.9652173913043478,0.12305986696230599,224,1902,0.9739130434782609,0.11777076761303891
i_bologna,illumination,sift,1_2,2,264,573,97,0.0568997859954834,91,163,0.9381443298969072,0.558282208588957,94,191,0.9690721649484536,0.49214659685863876,94,203,0.9690721649484536,0.4630541871921182,94,230,0.9690721649484536,0.40869565217391307,95,258,0.979381443298969,0.3682170542635659
i_bologna,illumination,sift,1_3,3,264,786,82,0.0568997859954834,70,129,0.8536585365853658,0.5426356589147286,75,165,0.9146341463414634,0.45454545454545453,76,180,0.926829268292683,0.4222222222222222,76,217,0.926829268292683,0.35023041474654376,76,257,0.926829268292683,0.29571984435797666
i_bologna,illumination,sift,1_4,4,264,909,82,0.0568997859954834,70,125,0.8536585365853658,0.56,75,152,0.9146341463414634,0.4934210526315789,78,173,0.9512195121951219,0.4508670520231214,78,216,0.9512195121951219,0.3611111111111111,78,258,0.9512195121951219,0.3023255813953488
i_bologna,illumination,sift,1_5,5,264,1174,71,0.0568997859954834,58,122,0.8169014084507042,0.47540983606557374,62,157,0.8732394366197183,0.39490445859872614,64,176,0.9014084507042254,0.36363636363636365,65,229,0.9154929577464789,0.2838427947598253,65,261,0.9154929577464789,0.24904214559386972
i_bologna,illumination,sift,1_6,6,264,1214,47,0.0568997859954834,41,116,0.8723404255319149,0.35344827586206895,42,146,0.8936170212765957,0.2876712328767123,44,163,0.9361702127659575,0.26993865030674846,44,217,0.9361702127659575,0.20276497695852536,44,261,0.9361702127659575,0.1685823754789272
i_bologna,illumination,orb,1_2,2,1035,1719,201,0.12149457931518555,133,604,0.6616915422885572,0.22019867549668873,175,724,0.8706467661691543,0.24171270718232044,185,777,0.9203980099502488,0.23809523809523808,189,826,0.9402985074626866,0.2288135593220339,192,891,0.9552238805970149,0.21548821548821548
i_bologna,illumination,orb,1_3,3,1035,1870,104,0.12149457931518555,70,519,0.6730769230769231,0.1348747591522158,87,660,0.8365384615384616,0.1318181818181818,95,724,0.9134615384615384,0.13121546961325967,97,795,0.9326923076923077,0.1220125786163522,97,858,0.9326923076923077,0.11305361305361306
i_bologna,illumination,orb,1_4,4,1035,1908,117,0.12149457931518555,80,532,0.6837606837606838,0.15037593984962405,99,678,0.8461538461538461,0.14601769911504425,104,745,0.8888888888888888,0.1395973154362416,108,816,0.9230769230769231,0.1323529411764706,109,891,0.9316239316239316,0.122334455667789
i_bologna,illumination,orb,1_5,5,1035,1934,101,0.12149457931518555,59,493,0.5841584158415841,0.11967545638945233,85,639,0.8415841584158416,0.13302034428794993,94,716,0.9306930693069307,0.13128491620111732,97,836,0.9603960396039604,0.11602870813397129,97,907,0.9603960396039604,0.10694597574421169
i_bologna,illumination,orb,1_6,6,1035,1922,95,0.12149457931518555,60,485,0.631578947368421,0.12371134020618557,82,648,0.8631578947368421,0.12654320987654322,89,717,0.9368421052631579,0.12412831241283125,91,854,0.9578947368421052,0.10655737704918032,91,940,0.9578947368421052,0.09680851063829787
i_books,illumination,sift,1_2,2,972,504,326,0.1526130199432373,272,339,0.8343558282208589,0.8023598820058997,278,356,0.852760736196319,0.7808988764044944,280,370,0.8588957055214724,0.7567567567567568,280,435,0.8588957055214724,0.6436781609195402,283,518,0.8680981595092024,0.5463320463320464
i_books,illumination,sift,1_3,3,972,1774,522,0.1526130199432373,465,661,0.8908045977011494,0.7034795763993948,476,689,0.9118773946360154,0.690856313497823,476,724,0.9118773946360154,0.6574585635359116,478,826,0.9157088122605364,0.5786924939467313,481,899,0.921455938697318,0.5350389321468298
i_books,illumination,sift,1_4,4,972,1584,549,0.1526130199432373,475,637,0.8652094717668488,0.7456828885400314,483,664,0.8797814207650273,0.7274096385542169,486,691,0.8852459016393442,0.703328509406657,487,799,0.8870673952641166,0.609511889862328,490,876,0.8925318761384335,0.5593607305936074
i_books,illumination,sift,1_5,5,972,1343,593,0.1526130199432373,526,676,0.8870151770657673,0.7781065088757396,534,702,0.9005059021922428,0.7606837606837606,539,728,0.9089376053962901,0.7403846153846154,541,811,0.9123102866779089,0.6670776818742293,545,865,0.9190556492411467,0.630057803468208
i_books,illumination,sift,1_6,6,972,707,506,0.1526130199432373,409,503,0.808300395256917,0.8131212723658051,411,516,0.8122529644268774,0.7965116279069767,414,552,0.8181818181818182,0.75,414,651,0.8181818181818182,0.6359447004608295,417,742,0.8241106719367589,0.5619946091644205
i_books,illumination,orb,1_2,2,1961,1846,946,0.2445460319519043,852,1361,0.9006342494714588,0.6260102865540044,891,1496,0.9418604651162791,0.5955882352941176,913,1553,0.9651162790697675,0.587894397939472,923,1610,0.9756871035940803,0.5732919254658385,928,1696,0.9809725158562368,0.5471698113207547
i_books,illumination,orb,1_3,3,1961,2000,499,0.2445460319519043,409,974,0.8196392785571143,0.419917864476386,433,1150,0.8677354709418837,0.3765217391304348,448,1289,0.8977955911823647,0.3475562451512801,459,1450,0.9198396793587175,0.31655172413793103,460,1536,0.9218436873747495,0.2994791666666667
i_books,illumination,orb,1_4,4,1961,2000,661,0.2445460319519043,568,1153,0.859304084720121,0.49262792714657416,593,1324,0.897125567322239,0.4478851963746224,609,1420,0.9213313161875946,0.4288732394366197,621,1548,0.9394856278366112,0.4011627906976744,629,1647,0.9515885022692889,0.381906496660595
i_books,illumination,orb,1_5,5,1961,1998,856,0.2445460319519043,761,1352,0.889018691588785,0.5628698224852071,792,1524,0.9252336448598131,0.5196850393700787,809,1597,0.9450934579439252,0.506574827802129,825,1697,0.9637850467289719,0.48615203299941073,831,1786,0.9707943925233645,0.4652855543113102
i_books,illumination,orb,1_6,6,1961,1923,1141,0.2445460319519043,1082,1588,0.9482909728308502,0.681360201511335,1112,1693,0.9745836985100789,0.6568222090962788,1121,1727,0.9824715162138475,0.6491024898668211,1124,1768,0.9851007887817704,0.6357466063348416,1131,1802,0.9912357581069238,0.6276359600443951
i_boutique,illumination,sift,1_2,2,3833,3242,1059,0.69595947265625,770,1811,0.7271010387157696,0.4251794588625069,856,2088,0.8083097261567517,0.4099616858237548,879,2318,0.830028328611898,0.37920621225194134,886,2889,0.8366383380547686,0.3066805122879889,894,3391,0.8441926345609065,0.26363904452963727
i_boutique,illumination,sift,1_3,3,3833,3634,433,0.69595947265625,264,1026,0.6096997690531177,0.2573099415204678,328,1477,0.7575057736720554,0.22207176709546378,348,1822,0.8036951501154734,0.19099890230515917,357,2708,0.8244803695150116,0.13183161004431315,359,3581,0.8290993071593533,0.10025132644512706
i_boutique,illumination,sift,1_4,4,3833,3187,453,0.69595947265625,266,973,0.58719646799117,0.2733812949640288,302,1368,0.6666666666666666,0.22076023391812866,312,1760,0.6887417218543046,0.17727272727272728,321,2582,0.7086092715231788,0.12432223082881487,329,3472,0.7262693156732892,0.09475806451612903
i_boutique,illumination,sift,1_5,5,3833,3401,87,0.69595947265625,21,341,0.2413793103448276,0.06158357771260997,28,692,0.3218390804597701,0.04046242774566474,31,1129,0.3563218390804598,0.02745792736935341,35,1927,0.40229885057471265,0.01816294758692268,38,2836,0.4367816091954023,0.013399153737658674
i_boutique,illumination,sift,1_6,6,3833,3222,72,0.69595947265625,18,305,0.25,0.05901639344262295,23,643,0.3194444444444444,0.03576982892690513,26,1042,0.3611111111111111,0.02495201535508637,32,1722,0.4444444444444444,0.018583042973286876,34,2562,0.4722222222222222,0.01327088212334114
i_boutique,illumination,orb,1_2,2,2000,2000,627,0.23785920143127443,423,1083,0.6746411483253588,0.39058171745152354,499,1345,0.79585326953748,0.37100371747211897,530,1451,0.8452950558213717,0.36526533425223984,550,1589,0.8771929824561403,0.3461296412838263,555,1710,0.8851674641148325,0.32456140350877194
i_boutique,illumination,orb,1_3,3,2000,2000,162,0.23785920143127443,70,846,0.43209876543209874,0.08274231678486997,94,1201,0.5802469135802469,0.07826810990840966,111,1433,0.6851851851851852,0.07745987438939288,119,1645,0.7345679012345679,0.07234042553191489,122,1888,0.7530864197530864,0.0646186440677966
i_boutique,illumination,orb,1_4,4,2000,2000,195,0.23785920143127443,92,770,0.4717948717948718,0.11948051948051948,118,1058,0.6051282051282051,0.11153119092627599,138,1215,0.7076923076923077,0.11358024691358025,148,1389,0.7589743589743589,0.10655147588192944,149,1641,0.764102564102564,0.09079829372333943
i_boutique,illumination,orb,1_5,5,2000,2000,19,0.23785920143127443,0,327,0.0,0.0,5,610,0.2631578947368421,0.00819672131147541,5,809,0.2631578947368421,0.006180469715698393,5,1036,0.2631578947368421,0.004826254826254826,5,1299,0.2631578947368421,0.003849114703618168
i_boutique,illumination,orb,1_6,6,2000,2000,32,0.23785920143127443,3,331,0.09375,0.00906344410876133,7,590,0.21875,0.011864406779661017,7,765,0.21875,0.009150326797385621,8,993,0.25,0.008056394763343404,8,1238,0.25,0.006462035541195477
i_bridger,illumination,sift,1_2,2,10625,11175,1546,2.6986087799072265,1091,2997,0.7056921086675291,0.3640306973640307,1367,4554,0.8842173350582148,0.3001756697408871,1403,5971,0.907503234152652,0.2349690169150896,1432,8602,0.926261319534282,0.16647291327598232,1453,10317,0.9398447606727037,0.14083551419986431
i_bridger,illumination,sift,1_3,3,10625,9424,934,2.6986087799072265,675,2367,0.7226980728051392,0.28517110266159695,808,3711,0.8650963597430407,0.21773106979250875,825,4875,0.8832976445396146,0.16923076923076924,830,7160,0.8886509635974305,0.11592178770949721,841,8881,0.9004282655246253,0.09469654318207409
i_bridger,illumination,sift,1_4,4,10625,5119,632,2.6986087799072265,425,1528,0.6724683544303798,0.2781413612565445,498,2228,0.7879746835443038,0.22351885098743268,509,2936,0.805379746835443,0.1733651226158038,524,4769,0.8291139240506329,0.10987628433633885,532,7407,0.8417721518987342,0.07182395031726745
i_bridger,illumination,sift,1_5,5,10625,2057,286,2.6986087799072265,121,598,0.4230769230769231,0.20234113712374582,147,881,0.513986013986014,0.16685584562996594,155,1183,0.541958041958042,0.13102282333051563,161,1977,0.5629370629370629,0.08143651997976732,164,3569,0.5734265734265734,0.04595124684785654
i_bridger,illumination,sift,1_6,6,10625,364,121,2.6986087799072265,28,108,0.23140495867768596,0.25925925925925924,35,159,0.2892561983471074,0.22012578616352202,36,196,0.2975206611570248,0.1836734693877551,36,310,0.2975206611570248,0.11612903225806452,37,552,0.30578512396694213,0.06702898550724638
i_bridger,illumination,orb,1_2,2,2000,2000,474,0.22670483589172363,266,993,0.5611814345991561,0.2678751258811682,388,1341,0.8185654008438819,0.28933631618195377,440,1477,0.9282700421940928,0.2979011509817197,452,1614,0.9535864978902954,0.28004956629491945,462,1772,0.9746835443037974,0.26072234762979685
i_bridger,illumination,orb,1_3,3,2000,2000,521,0.22670483589172363,374,1044,0.7178502879078695,0.35823754789272033,447,1311,0.8579654510556622,0.34096109839816935,493,1435,0.946257197696737,0.34355400696864113,509,1548,0.9769673704414588,0.32881136950904394,514,1694,0.9865642994241842,0.30342384887839435
i_bridger,illumination,orb,1_4,4,2000,2000,289,0.22670483589172363,180,834,0.6228373702422145,0.2158273381294964,229,1128,0.7923875432525952,0.20301418439716312,269,1241,0.9307958477508651,0.21676067687348913,280,1339,0.9688581314878892,0.20911127707244212,286,1450,0.9896193771626297,0.19724137931034483
i_bridger,illumination,orb,1_5,5,2000,2000,165,0.22670483589172363,96,655,0.5818181818181818,0.1465648854961832,117,896,0.7090909090909091,0.13058035714285715,142,1013,0.8606060606060606,0.140177690029615,154,1154,0.9333333333333333,0.13344887348353554,159,1328,0.9636363636363636,0.1197289156626506
i_bridger,illumination,orb,1_6,6,2000,510,16,0.22670483589172363,0,61,0.0,0.0,1,117,0.0625,0.008547008547008548,3,160,0.1875,0.01875,3,249,0.1875,0.012048192771084338,5,362,0.3125,0.013812154696132596
i_brooklyn,illumination,sift,1_2,2,7614,8616,962,2.421861982345581,645,2129,0.6704781704781705,0.30295913574448097,779,3177,0.8097713097713097,0.24519987409505822,794,3930,0.8253638253638254,0.2020356234096692,806,5645,0.8378378378378378,0.14278122232063772,814,7014,0.8461538461538461,0.11605360707157114
i_brooklyn,illumination,sift,1_3,3,7614,6463,2390,2.421861982345581,10,342,0.0041841004184100415,0.029239766081871343,22,1167,0.009205020920502092,0.018851756640959727,229,2523,0.09581589958158995,0.090764962346413,2187,5529,0.9150627615062762,0.3955507325013565,2218,6810,0.9280334728033472,0.325697503671072
i_brooklyn,illumination,sift,1_4,4,7614,6522,407,2.421861982345581,8,198,0.019656019656019656,0.04040404040404041,21,902,0.051597051597051594,0.02328159645232816,238,2634,0.5847665847665847,0.09035687167805619,267,4236,0.6560196560196561,0.06303116147308782,273,6447,0.6707616707616708,0.04234527687296417
i_brooklyn,illumination,sift,1_5,5,7614,6921,2659,2.421861982345581,14,378,0.0052651372696502444,0.037037037037037035,17,1243,0.006393380970289583,0.013676588897827836,60,2445,0.022564874012786763,0.024539877300613498,2430,5726,0.9138773975178639,0.4243800209570381,2466,7087,0.9274163219255359,0.3479610554536475
i_brooklyn,illumination,sift,1_6,6,7614,8147,1012,2.421861982345581,2,334,0.001976284584980237,0.005988023952095809,4,1244,0.003952569169960474,0.003215434083601286,39,2499,0.038537549407114624,0.015606242496998799,858,5461,0.8478260869565217,0.1571140816700238,874,6993,0.8636363636363636,0.12498212498212498
i_brooklyn,illumination,orb,1_2,2,2000,2000,398,0.25498342514038086,219,953,0.550251256281407,0.229800629590766,303,1268,0.7613065326633166,0.23895899053627762,335,1423,0.8417085427135679,0.2354181307097681,348,1572,0.8743718592964824,0.22137404580152673,353,1725,0.8869346733668342,0.2046376811594203
i_brooklyn,illumination,orb,1_3,3,2000,2000,809,0.25498342514038086,4,211,0.004944375772558714,0.018957345971563982,9,567,0.011124845488257108,0.015873015873015872,254,1127,0.31396786155747836,0.225377107364685,740,1729,0.9147095179233622,0.42799305957200695,775,1890,0.957972805933251,0.41005291005291006
i_brooklyn,illumination,orb,1_4,4,2000,2000,47,0.25498342514038086,0,74,0.0,0.0,5,237,0.10638297872340426,0.02109704641350211,17,385,0.3617021276595745,0.04415584415584416,27,483,0.574468085106383,0.055900621118012424,28,640,0.5957446808510638,0.04375
i_brooklyn,illumination,orb,1_5,5,2000,2000,744,0.25498342514038086,1,186,0.0013440860215053765,0.005376344086021506,1,471,0.0013440860215053765,0.0021231422505307855,84,884,0.11290322580645161,0.09502262443438914,634,1691,0.8521505376344086,0.37492607924305144,697,1852,0.9368279569892473,0.37634989200863933
i_brooklyn,illumination,orb,1_6,6,2000,2000,362,0.25498342514038086,1,164,0.0027624309392265192,0.006097560975609756,2,441,0.0055248618784530384,0.0045351473922902496,60,872,0.16574585635359115,0.06880733944954129,295,1411,0.8149171270718232,0.2090715804394047,316,1600,0.8729281767955801,0.1975
i_castle,illumination,sift,1_2,2,1628,1560,56,0.16778817176818847,35,203,0.625,0.1724137931034483,39,356,0.6964285714285714,0.10955056179775281,41,496,0.7321428571428571,0.08266129032258064,41,927,0.7321428571428571,0.04422869471413161,42,1464,0.75,0.028688524590163935
i_castle,illumination,sift,1_3,3,1628,1198,180,0.16778817176818847,132,345,0.7333333333333333,0.3826086956521739,142,451,0.7888888888888889,0.3148558758314856,143,573,0.7944444444444444,0.24956369982547993,149,870,0.8277777777777777,0.17126436781609194,151,1289,0.8388888888888889,0.11714507370054306
i_castle,illumination,sift,1_4,4,1628,686,136,0.16778817176818847,87,224,0.6397058823529411,0.38839285714285715,105,313,0.7720588235294118,0.3354632587859425,106,368,0.7794117647058824,0.28804347826086957,113,531,0.8308823529411765,0.2128060263653484,114,948,0.8382352941176471,0.12025316455696203
i_castle,illumination,sift,1_5,5,1628,654,64,0.16778817176818847,35,144,0.546875,0.24305555555555555,40,214,0.625,0.18691588785046728,41,277,0.640625,0.148014440433213,42,466,0.65625,0.09012875536480687,44,887,0.6875,0.0496054114994363
i_castle,illumination,sift,1_6,6,1628,1002,57,0.16778817176818847,31,213,0.543859649122807,0.14553990610328638,38,308,0.6666666666666666,0.12337662337662338,39,406,0.6842105263157895,0.0960591133004926,41,687,0.7192982456140351,0.05967976710334789,43,1120,0.7543859649122807,0.038392857142857145
i_castle,illumination,orb,1_2,2,2000,2000,33,0.2243072509765625,13,346,0.3939393939393939,0.03757225433526012,18,630,0.5454545454545454,0.02857142857142857,23,865,0.696969696969697,0.026589595375722544,26,1167,0.7878787878787878,0.022279348757497857,26,1574,0.7878787878787878,0.016518424396442185
i_castle,illumination,orb,1_3,3,2000,1983,49,0.2243072509765625,28,570,0.5714285714285714,0.04912280701754386,35,862,0.7142857142857143,0.04060324825986079,43,1059,0.8775510204081632,0.04060434372049103,44,1321,0.8979591836734694,0.033308099924299776,45,1716,0.9183673469387755,0.026223776223776224
i_castle,illumination,orb,1_4,4,2000,1768,69,0.2243072509765625,30,540,0.43478260869565216,0.05555555555555555,42,867,0.6086956521739131,0.04844290657439446,53,1094,0.7681159420289855,0.048446069469835464,60,1347,0.8695652173913043,0.044543429844097995,62,1661,0.8985507246376812,0.03732691149909693
i_castle,illumination,orb,1_5,5,2000,1942,7,0.2243072509765625,3,291,0.42857142857142855,0.010309278350515464,3,534,0.42857142857142855,0.0056179775280898875,3,700,0.42857142857142855,0.004285714285714286,4,967,0.5714285714285714,0.004136504653567736,4,1361,0.5714285714285714,0.0029390154298310064
i_castle,illumination,orb,1_6,6,2000,2000,18,0.2243072509765625,4,370,0.2222222222222222,0.010810810810810811,6,620,0.3333333333333333,0.00967741935483871,7,805,0.3888888888888889,0.008695652173913044,8,1042,0.4444444444444444,0.007677543186180422,8,1273,0.4444444444444444,0.006284367635506678
i_chestnuts,illumination,sift,1_2,2,2034,2674,864,0.34077916145324705,790,1084,0.9143518518518519,0.7287822878228782,818,1236,0.9467592592592593,0.6618122977346278,824,1380,0.9537037037037037,0.5971014492753624,829,1736,0.9594907407407407,0.47753456221198154,831,1985,0.9618055555555556,0.418639798488665
i_chestnuts,illumination,sift,1_3,3,2034,2707,839,0.34077916145324705,786,1090,0.9368295589988082,0.7211009174311926,809,1235,0.964243146603099,0.6550607287449393,812,1366,0.9678188319427891,0.5944363103953147,818,1714,0.9749702026221693,0.47724620770128356,819,1976,0.9761620977353993,0.4144736842105263
i_chestnuts,illumination,sift,1_4,4,2034,2492,853,0.34077916145324705,798,1054,0.9355216881594373,0.7571157495256167,815,1199,0.9554513481828839,0.6797331109257715,823,1359,0.9648300117233294,0.6055923473142016,824,1705,0.9660023446658851,0.48328445747800586,826,1943,0.9683470105509965,0.4251158003088008
i_chestnuts,illumination,sift,1_5,5,2034,2030,705,0.34077916145324705,652,935,0.924822695035461,0.6973262032085561,670,1076,0.950354609929078,0.6226765799256505,674,1234,0.9560283687943263,0.546191247974068,675,1597,0.9574468085106383,0.4226675015654352,676,1917,0.9588652482269504,0.3526343244653104
i_chestnuts,illumination,sift,1_6,6,2034,1754,440,0.34077916145324705,387,654,0.8795454545454545,0.591743119266055,403,782,0.9159090909090909,0.5153452685421995,405,934,0.9204545454545454,0.4336188436830835,406,1289,0.9227272727272727,0.31497284716834756,408,1769,0.9272727272727272,0.23063877897117016
i_chestnuts,illumination,orb,1_2,2,2000,2000,119,0.23324437141418458,96,781,0.8067226890756303,0.12291933418693982,101,1066,0.8487394957983193,0.0947467166979362,110,1311,0.9243697478991597,0.08390541571319603,114,1571,0.957983193277311,0.07256524506683641,117,1829,0.9831932773109243,0.06396938217605248
i_chestnuts,illumination,orb,1_3,3,2000,2000,119,0.23324437141418458,84,792,0.7058823529411765,0.10606060606060606,93,1071,0.7815126050420168,0.08683473389355742,103,1341,0.865546218487395,0.07680835197613721,111,1607,0.9327731092436975,0.06907280647168637,114,1887,0.957983193277311,0.06041335453100159
i_chestnuts,illumination,orb,1_4,4,2000,2000,163,0.23324437141418458,113,844,0.6932515337423313,0.1338862559241706,132,1110,0.8098159509202454,0.11891891891891893,143,1344,0.8773006134969326,0.10639880952380952,150,1624,0.9202453987730062,0.09236453201970443,155,1923,0.950920245398773,0.08060322412896516
i_chestnuts,illumination,orb,1_5,5,2000,2000,113,0.23324437141418458,78,840,0.6902654867256637,0.09285714285714286,92,1124,0.8141592920353983,0.08185053380782918,102,1363,0.9026548672566371,0.0748349229640499,109,1661,0.9646017699115044,0.06562311860325105,110,1876,0.9734513274336283,0.05863539445628998
i_chestnuts,illumination,orb,1_6,6,2000,2000,47,0.23324437141418458,35,719,0.7446808510638298,0.048678720445062586,37,984,0.7872340425531915,0.037601626016260166,38,1178,0.8085106382978723,0.03225806451612903,41,1473,0.8723404255319149,0.027834351663272233,41,1775,0.8723404255319149,0.023098591549295774
i_contruction,illumination,sift,1_2,2,5388,5425,4034,1.9698834896087647,3879,4143,0.9615765989092712,0.9362780593772628,3960,4290,0.9816559246405553,0.9230769230769231,3982,4364,0.9871095686663361,0.9124656278643446,3998,4626,0.9910758552305404,0.8642455685257242,4002,5134,0.9920674268715914,0.7795091546552396
i_contruction,illumination,sift,1_3,3,5388,5390,3995,1.9698834896087647,3822,4109,0.9566958698372966,0.9301533219761499,3931,4275,0.9839799749687109,0.9195321637426901,3946,4319,0.9877346683354192,0.9136374160685344,3957,4580,0.9904881101376721,0.8639737991266375,3962,5067,0.9917396745932415,0.7819222419577659
i_contruction,illumination,sift,1_4,4,5388,5474,2936,1.9698834896087647,2702,3227,0.920299727520436,0.8373101952277657,2826,3506,0.9625340599455041,0.8060467769537935,2870,3662,0.9775204359673024,0.7837247405789186,2890,4035,0.9843324250681199,0.7162329615861215,2897,4823,0.986716621253406,0.6006634874559403
i_contruction,illumination,sift,1_5,5,5388,10620,555,1.9698834896087647,356,1459,0.6414414414414414,0.24400274160383825,471,2190,0.8486486486486486,0.21506849315068494,506,2627,0.9117117117117117,0.19261515036162924,528,3468,0.9513513513513514,0.1522491349480969,530,4795,0.954954954954955,0.1105318039624609
i_contruction,illumination,sift,1_6,6,5388,10174,219,1.9698834896087647,117,891,0.5342465753424658,0.13131313131313133,164,1554,0.7488584474885844,0.10553410553410554,184,2030,0.8401826484018264,0.09064039408866995,192,2911,0.8767123287671232,0.06595671590518722,195,4318,0.8904109589041096,0.045159796201945344
i_contruction,illumination,orb,1_2,2,2000,2000,1466,0.28325519561767576,1319,1663,0.8997271487039563,0.7931449188214071,1419,1852,0.9679399727148704,0.7661987041036717,1454,1921,0.9918144611186903,0.7568974492451848,1462,1950,0.9972714870395635,0.7497435897435898,1463,1969,0.9979536152796725,0.7430167597765364
i_contruction,illumination,orb,1_3,3,2000,2000,1403,0.28325519561767576,1270,1650,0.9052031361368497,0.7696969696969697,1359,1857,0.9686386315039202,0.7318255250403877,1388,1904,0.9893086243763364,0.7289915966386554,1398,1933,0.9964362081254454,0.7232281427832384,1399,1957,0.9971489665003563,0.71486969851814
i_contruction,illumination,orb,1_4,4,2000,2000,684,0.28325519561767576,560,1282,0.8187134502923976,0.43681747269890797,637,1566,0.9312865497076024,0.40676883780332057,664,1702,0.9707602339181286,0.3901292596944771,673,1797,0.9839181286549707,0.3745130773511408,675,1859,0.9868421052631579,0.3630984400215169
i_contruction,illumination,orb,1_5,5,2000,2000,119,0.28325519561767576,60,477,0.5042016806722689,0.12578616352201258,80,741,0.6722689075630253,0.10796221322537113,92,949,0.773109243697479,0.09694415173867228,96,1197,0.8067226890756303,0.08020050125313283,97,1442,0.8151260504201681,0.06726768377253814
i_contruction,illumination,orb,1_6,6,2000,2000,57,0.28325519561767576,14,259,0.24561403508771928,0.05405405405405406,20,461,0.3508771929824561,0.04338394793926247,26,631,0.45614035087719296,0.04120443740095087,35,870,0.6140350877192983,0.040229885057471264,39,1170,0.6842105263157895,0.03333333333333333
i_crownday,illumination,sift,1_2,2,2439,2728,114,0.49772868156433103,74,375,0.6491228070175439,0.19733333333333333,86,562,0.7543859649122807,0.15302491103202848,93,721,0.8157894736842105,0.1289875173370319,95,1095,0.8333333333333334,0.0867579908675799,96,1738,0.8421052631578947,0.05523590333716916
i_crownday,illumination,sift,1_3,3,2439,2497,217,0.49772868156433103,136,527,0.6267281105990783,0.25806451612903225,157,738,0.7235023041474654,0.2127371273712737,166,884,0.7649769585253456,0.18778280542986425,171,1232,0.7880184331797235,0.1387987012987013,175,1857,0.8064516129032258,0.0942380183091007
i_crownday,illumination,sift,1_4,4,2439,2530,369,0.49772868156433103,271,703,0.7344173441734417,0.38549075391180654,311,918,0.8428184281842819,0.33877995642701525,321,1043,0.8699186991869918,0.3077660594439118,330,1403,0.8943089430894309,0.23521026372059872,337,1968,0.9132791327913279,0.17123983739837398
i_crownday,illumination,sift,1_5,5,2439,2447,655,0.49772868156433103,460,814,0.7022900763358778,0.5651105651105651,567,1100,0.8656488549618321,0.5154545454545455,590,1246,0.9007633587786259,0.47351524879614765,607,1582,0.9267175572519084,0.3836915297092288,621,2076,0.9480916030534351,0.2991329479768786
i_crownday,illumination,sift,1_6,6,2439,2442,128,0.49772868156433103,63,371,0.4921875,0.16981132075471697,86,561,0.671875,0.1532976827094474,91,707,0.7109375,0.12871287128712872,94,1089,0.734375,0.08631772268135904,94,1716,0.734375,0.054778554778554776
i_crownday,illumination,orb,1_2,2,2000,2000,43,0.24713487625122071,24,529,0.5581395348837209,0.045368620037807186,29,747,0.6744186046511628,0.038821954484605084,30,839,0.6976744186046512,0.03575685339690107,32,950,0.7441860465116279,0.03368421052631579,33,1064,0.7674418604651163,0.03101503759398496
i_crownday,illumination,orb,1_3,3,2000,2000,108,0.24713487625122071,71,751,0.6574074074074074,0.09454061251664447,80,987,0.7407407407407407,0.08105369807497467,88,1105,0.8148148148148148,0.07963800904977375,91,1256,0.8425925925925926,0.07245222929936306,94,1431,0.8703703703703703,0.06568832983927324
i_crownday,illumination,orb,1_4,4,2000,2000,280,0.24713487625122071,180,956,0.6428571428571429,0.18828451882845187,231,1207,0.825,0.19138359569179786,248,1313,0.8857142857142857,0.18888042650418888,258,1434,0.9214285714285714,0.1799163179916318,265,1577,0.9464285714285714,0.16804058338617628
i_crownday,illumination,orb,1_5,5,2000,2000,548,0.24713487625122071,362,1135,0.6605839416058394,0.31894273127753303,463,1457,0.8448905109489051,0.3177762525737817,517,1591,0.9434306569343066,0.3249528598365808,534,1712,0.9744525547445255,0.3119158878504673,541,1842,0.9872262773722628,0.2937024972855592
i_crownday,illumination,orb,1_6,6,2000,2000,48,0.24713487625122071,24,479,0.5,0.05010438413361169,30,711,0.625,0.04219409282700422,35,803,0.7291666666666666,0.043586550435865505,37,921,0.7708333333333334,0.04017372421281216,38,1061,0.7916666666666666,0.03581526861451461
i_crownnight,illumination,sift,1_2,2,7698,6437,811,1.8379015445709228,589,1501,0.7262638717632552,0.3924050632911392,703,2199,0.8668310727496917,0.3196907685311505,726,2713,0.8951911220715166,0.2676004423147807,740,4047,0.9124537607891492,0.1828514949345194,750,5947,0.9247842170160296,0.1261140070623844
i_crownnight,illumination,sift,1_3,3,7698,6013,758,1.8379015445709228,553,1406,0.7295514511873351,0.3933143669985775,660,2102,0.8707124010554089,0.3139866793529971,680,2640,0.8970976253298153,0.25757575757575757,693,3990,0.9142480211081794,0.1736842105263158,697,5832,0.9195250659630607,0.1195130315500686
i_crownnight,illumination,sift,1_4,4,7698,6202,718,1.8379015445709228,537,1368,0.7479108635097493,0.3925438596491228,613,2025,0.8537604456824512,0.30271604938271607,628,2571,0.8746518105849582,0.24426293271100738,643,3892,0.8955431754874652,0.16521068859198357,650,5786,0.9052924791086351,0.1123401313515382
i_crownnight,illumination,sift,1_5,5,7698,4597,537,1.8379015445709228,379,1032,0.7057728119180633,0.36724806201550386,448,1556,0.8342644320297952,0.2879177377892031,466,2003,0.8677839851024208,0.2326510234648028,470,3058,0.8752327746741154,0.15369522563767168,476,4681,0.8864059590316573,0.10168767357402264
i_crownnight,illumination,sift,1_6,6,7698,1237,91,1.8379015445709228,0,26,0.0,0.0,1,62,0.01098901098901099,0.016129032258064516,1,99,0.01098901098901099,0.010101010101010102,1,210,0.01098901098901099,0.004761904761904762,1,463,0.01098901098901099,0.0021598272138228943
i_crownnight,illumination,orb,1_2,2,2000,2000,182,0.24839062690734864,112,683,0.6153846153846154,0.16398243045387995,147,924,0.8076923076923077,0.1590909090909091,164,1042,0.9010989010989011,0.15738963531669867,170,1202,0.9340659340659341,0.14143094841930118,172,1406,0.945054945054945,0.12233285917496443
i_crownnight,illumination,orb,1_3,3,2000,2000,157,0.24839062690734864,86,588,0.5477707006369427,0.14625850340136054,117,829,0.7452229299363057,0.1411338962605549,132,982,0.8407643312101911,0.13441955193482688,140,1136,0.89171974522293,0.12323943661971831,143,1356,0.910828025477707,0.10545722713864307
i_crownnight,illumination,orb,1_4,4,2000,2000,126,0.24839062690734864,69,563,0.5476190476190477,0.12255772646536411,99,776,0.7857142857142857,0.12757731958762886,109,910,0.8650793650793651,0.11978021978021978,114,1086,0.9047619047619048,0.10497237569060773,114,1316,0.9047619047619048,0.08662613981762918
i_crownnight,illumination,orb,1_5,5,2000,2000,71,0.24839062690734864,41,415,0.5774647887323944,0.09879518072289156,52,611,0.7323943661971831,0.0851063829787234,59,730,0.8309859154929577,0.08082191780821918,60,856,0.8450704225352113,0.07009345794392523,62,1044,0.8732394366197183,0.05938697318007663
i_crownnight,illumination,orb,1_6,6,2000,1920,7,0.24839062690734864,0,12,0.0,0.0,0,37,0.0,0.0,0,55,0.0,0.0,0,77,0.0,0.0,0,142,0.0,0.0
i_dc,illumination,sift,1_2,2,18451,15687,943,22.78541588783264,560,3469,0.5938494167550371,0.1614298068607668,661,5143,0.7009544008483564,0.1285242076608983,672,6433,0.7126193001060446,0.1044613710554951,682,9243,0.7232237539766702,0.07378556745645354,700,12394,0.7423117709437964,0.05647894142326933
i_dc,illumination,sift,1_3,3,18451,25684,1028,22.78541588783264,191,1677,0.1857976653696498,0.1138938580799046,729,6533,0.7091439688715954,0.11158732588397367,757,8595,0.7363813229571985,0.08807446189645142,768,11589,0.7470817120622568,0.06626973854517215,794,14855,0.7723735408560312,0.05345001682935039
i_dc,illumination,sift,1_4,4,18451,39689,1076,22.78541588783264,26,812,0.024163568773234202,0.03201970443349754,668,7043,0.620817843866171,0.09484594632968905,795,10390,0.7388475836431226,0.07651588065447545,816,13755,0.758364312267658,0.05932388222464558,844,16761,0.7843866171003717,0.05035499075234175
i_dc,illumination,sift,1_5,5,18451,43337,1090,22.78541588783264,3,782,0.0027522935779816515,0.0038363171355498722,240,5037,0.22018348623853212,0.047647409172126266,794,10538,0.728440366972477,0.07534636553425697,829,14144,0.7605504587155963,0.058611425339366516,851,17053,0.7807339449541284,0.0499032428311734
i_dc,illumination,sift,1_6,6,18451,43524,1353,22.78541588783264,4,890,0.0029563932002956393,0.0044943820224719105,138,4483,0.10199556541019955,0.030782957840731654,983,10870,0.7265336289726534,0.09043238270469181,1065,14735,0.7871396895787139,0.07227689175432643,1096,17574,0.8100517368810052,0.06236485717537271
i_dc,illumination,orb,1_2,2,2000,2000,98,0.30254592895507815,55,343,0.5612244897959183,0.16034985422740525,69,491,0.7040816326530612,0.14052953156822812,80,554,0.8163265306122449,0.1444043321299639,85,661,0.8673469387755102,0.12859304084720122,86,829,0.8775510204081632,0.1037394451145959
i_dc,illumination,orb,1_3,3,2000,2000,41,0.30254592895507815,9,146,0.21951219512195122,0.06164383561643835,13,262,0.3170731707317073,0.04961832061068702,21,334,0.5121951219512195,0.06287425149700598,25,407,0.6097560975609756,0.06142506142506143,26,566,0.6341463414634146,0.045936395759717315
i_dc,illumination,orb,1_4,4,2000,2000,66,0.30254592895507815,12,130,0.18181818181818182,0.09230769230769231,27,337,0.4090909090909091,0.08011869436201781,46,501,0.696969696969697,0.09181636726546906,52,644,0.7878787878787878,0.08074534161490683,52,886,0.7878787878787878,0.05869074492099323
i_dc,illumination,orb,1_5,5,2000,2000,76,0.30254592895507815,6,95,0.07894736842105263,0.06315789473684211,11,264,0.14473684210526316,0.041666666666666664,35,484,0.4605263157894737,0.07231404958677685,44,645,0.5789473684210527,0.06821705426356589,49,841,0.6447368421052632,0.05826397146254459
i_dc,illumination,orb,1_6,6,2000,2000,81,0.30254592895507815,7,83,0.08641975308641975,0.08433734939759036,11,238,0.13580246913580246,0.046218487394957986,45,476,0.5555555555555556,0.09453781512605042,59,644,0.7283950617283951,0.09161490683229814,62,837,0.7654320987654321,0.07407407407407407
i_dome,illumination,sift,1_2,2,6573,5470,1854,1.8421477794647216,1581,2926,0.8527508090614887,0.5403280929596719,1646,3296,0.8878101402373247,0.4993932038834951,1650,3676,0.889967637540453,0.44885745375408054,1660,4880,0.895361380798274,0.3401639344262295,1667,5902,0.8991370010787486,0.2824466282616062
i_dome,illumination,sift,1_3,3,6573,6290,114,1.8421477794647216,16,805,0.14035087719298245,0.01987577639751553,30,1623,0.2631578947368421,0.018484288354898338,30,2390,0.2631578947368421,0.012552301255230125,32,3857,0.2807017543859649,0.008296603577910292,33,5222,0.2894736842105263,0.006319417847567982
i_dome,illumination,sift,1_4,4,6573,6288,153,1.8421477794647216,36,846,0.23529411764705882,0.0425531914893617,43,1689,0.28104575163398693,0.02545885139135583,43,2473,0.28104575163398693,0.017387788111605337,43,3972,0.28104575163398693,0.0108257804632427,43,5292,0.28104575163398693,0.008125472411186697
i_dome,illumination,sift,1_5,5,6573,6419,142,1.8421477794647216,38,915,0.2676056338028169,0.041530054644808745,43,1706,0.3028169014084507,0.025205158264947247,44,2495,0.30985915492957744,0.017635270541082163,45,3994,0.31690140845070425,0.011266900350525789,46,5330,0.323943661971831,0.008630393996247656
i_dome,illumination,sift,1_6,6,6573,7057,459,1.8421477794647216,308,1684,0.6710239651416122,0.1828978622327791,349,2420,0.7603485838779956,0.14421487603305785,353,3133,0.7690631808278867,0.11267156080434089,355,4780,0.7734204793028322,0.07426778242677824,360,5990,0.7843137254901961,0.06010016694490818
i_dome,illumination,orb,1_2,2,2000,2000,384,0.2558736801147461,317,1020,0.8255208333333334,0.3107843137254902,343,1250,0.8932291666666666,0.2744,357,1333,0.9296875,0.2678169542385596,368,1422,0.9583333333333334,0.2587904360056259,370,1565,0.9635416666666666,0.2364217252396166
i_dome,illumination,orb,1_3,3,2000,2000,27,0.2558736801147461,4,417,0.14814814814814814,0.009592326139088728,5,777,0.18518518518518517,0.006435006435006435,9,977,0.3333333333333333,0.009211873080859774,11,1170,0.4074074074074074,0.009401709401709401,11,1373,0.4074074074074074,0.008011653313911144
i_dome,illumination,orb,1_4,4,2000,2000,32,0.2558736801147461,8,437,0.25,0.018306636155606407,11,773,0.34375,0.014230271668822769,16,985,0.5,0.016243654822335026,16,1163,0.5,0.013757523645743766,16,1369,0.5,0.01168736303871439
i_dome,illumination,orb,1_5,5,2000,2000,36,0.2558736801147461,9,438,0.25,0.02054794520547945,16,771,0.4444444444444444,0.020752269779507133,19,979,0.5277777777777778,0.01940755873340143,20,1183,0.5555555555555556,0.0169061707523246,23,1378,0.6388888888888888,0.016690856313497822
i_dome,illumination,orb,1_6,6,2000,2000,77,0.2558736801147461,33,644,0.42857142857142855,0.05124223602484472,49,998,0.6363636363636364,0.04909819639278557,56,1183,0.7272727272727273,0.047337278106508875,57,1391,0.7402597402597403,0.040977713874910136,59,1583,0.7662337662337663,0.037271004421983576
i_duda,illumination,sift,1_2,2,2095,1897,1425,0.2892779350280762,1340,1515,0.9403508771929825,0.8844884488448845,1361,1556,0.9550877192982457,0.8746786632390745,1367,1611,0.9592982456140351,0.8485412787088765,1374,1825,0.9642105263157895,0.7528767123287671,1386,2038,0.9726315789473684,0.6800785083415113
i_duda,illumination,sift,1_3,3,2095,1601,1052,0.2892779350280762,966,1196,0.9182509505703422,0.8076923076923077,991,1272,0.9420152091254753,0.7790880503144654,998,1334,0.9486692015209125,0.7481259370314842,1000,1635,0.9505703422053232,0.6116207951070336,1017,1960,0.9667300380228137,0.5188775510204081
i_duda,illumination,sift,1_4,4,2095,1239,664,0.2892779350280762,553,841,0.8328313253012049,0.6575505350772889,580,924,0.8734939759036144,0.6277056277056277,583,977,0.8780120481927711,0.5967246673490276,593,1303,0.8930722891566265,0.4551036070606293,604,1730,0.9096385542168675,0.3491329479768786
i_duda,illumination,sift,1_5,5,2095,969,450,0.2892779350280762,352,588,0.7822222222222223,0.5986394557823129,377,675,0.8377777777777777,0.5585185185185185,378,737,0.84,0.5128900949796472,383,1001,0.8511111111111112,0.3826173826173826,392,1407,0.8711111111111111,0.27860696517412936
i_duda,illumination,sift,1_6,6,2095,615,197,0.2892779350280762,147,319,0.7461928934010152,0.4608150470219436,160,382,0.8121827411167513,0.418848167539267,164,417,0.8324873096446701,0.3932853717026379,165,609,0.8375634517766497,0.270935960591133,170,865,0.8629441624365483,0.19653179190751446
i_duda,illumination,orb,1_2,2,2000,2000,1132,0.2436530590057373,860,1492,0.7597173144876325,0.5764075067024129,1019,1781,0.9001766784452296,0.5721504772599663,1086,1880,0.9593639575971732,0.5776595744680851,1115,1931,0.984982332155477,0.5774210253754531,1123,1963,0.9920494699646644,0.5720835455934794
i_duda,illumination,orb,1_3,3,2000,1988,719,0.2436530590057373,472,1242,0.6564673157162726,0.38003220611916266,607,1579,0.8442280945757997,0.3844205193160228,671,1713,0.933240611961057,0.3917104495037945,698,1837,0.9707927677329624,0.3799673380511704,711,1922,0.9888734353268428,0.36992715920915714
i_duda,illumination,orb,1_4,4,2000,1953,487,0.2436530590057373,327,1074,0.6714579055441479,0.30446927374301674,415,1403,0.8521560574948666,0.29579472558802566,438,1556,0.8993839835728953,0.2814910025706941,463,1690,0.9507186858316222,0.2739644970414201,472,1838,0.9691991786447639,0.25680087051142547
i_duda,illumination,orb,1_5,5,2000,1915,291,0.2436530590057373,165,870,0.5670103092783505,0.1896551724137931,231,1221,0.7938144329896907,0.1891891891891892,253,1389,0.8694158075601375,0.18214542836573075,272,1538,0.9347079037800687,0.17685305591677503,278,1688,0.9553264604810997,0.1646919431279621
i_duda,illumination,orb,1_6,6,2000,1794,114,0.2436530590057373,75,638,0.6578947368421053,0.11755485893416928,89,803,0.7807017543859649,0.11083437110834371,93,895,0.8157894736842105,0.10391061452513967,94,1029,0.8245614035087719,0.0913508260447036,96,1229,0.8421052631578947,0.07811228641171684
i_fenis,illumination,sift,1_2,2,1359,1457,406,0.15200381278991698,355,585,0.874384236453202,0.6068376068376068,380,696,0.9359605911330049,0.5459770114942529,386,803,0.9507389162561576,0.4806973848069738,389,1047,0.958128078817734,0.37153772683858644,393,1291,0.9679802955665024,0.3044151820294346
i_fenis,illumination,sift,1_3,3,1359,1412,177,0.15200381278991698,139,346,0.7853107344632768,0.40173410404624277,149,489,0.8418079096045198,0.3047034764826176,152,597,0.8587570621468926,0.254606365159129,152,890,0.8587570621468926,0.1707865168539326,154,1261,0.8700564971751412,0.12212529738302934
i_fenis,illumination,sift,1_4,4,1359,1149,86,0.15200381278991698,51,109,0.5930232558139535,0.46788990825688076,55,214,0.6395348837209303,0.2570093457943925,58,342,0.6744186046511628,0.1695906432748538,58,582,0.6744186046511628,0.09965635738831616,59,1054,0.686046511627907,0.055977229601518026
i_fenis,illumination,sift,1_5,5,1359,753,82,0.15200381278991698,50,95,0.6097560975609756,0.5263157894736842,56,166,0.6829268292682927,0.3373493975903614,57,230,0.6951219512195121,0.24782608695652175,57,424,0.6951219512195121,0.13443396226415094,58,792,0.7073170731707317,0.07323232323232323
i_fenis,illumination,sift,1_6,6,1359,710,72,0.15200381278991698,47,110,0.6527777777777778,0.42727272727272725,47,184,0.6527777777777778,0.2554347826086957,47,247,0.6527777777777778,0.1902834008097166,48,419,0.6666666666666666,0.11455847255369929,49,823,0.6805555555555556,0.05953827460510328
i_fenis,illumination,orb,1_2,2,1963,1969,553,0.21736154556274415,403,1213,0.72875226039783,0.3322341302555647,477,1527,0.8625678119349005,0.31237721021611004,523,1685,0.945750452079566,0.3103857566765579,543,1826,0.9819168173598554,0.2973713033953998,547,1919,0.9891500904159132,0.2850442939030745
i_fenis,illumination,orb,1_3,3,1963,1974,43,0.21736154556274415,22,818,0.5116279069767442,0.02689486552567237,30,1200,0.6976744186046512,0.025,32,1445,0.7441860465116279,0.022145328719723183,37,1660,0.8604651162790697,0.022289156626506025,37,1859,0.8604651162790697,0.019903173749327596
i_fenis,illumination,orb,1_4,4,1963,1926,3,0.21736154556274415,0,252,0.0,0.0,0,618,0.0,0.0,0,935,0.0,0.0,0,1295,0.0,0.0,0,1708,0.0,0.0
i_fenis,illumination,orb,1_5,5,1963,1734,4,0.21736154556274415,0,156,0.0,0.0,1,381,0.25,0.0026246719160104987,1,607,0.25,0.0016474464579901153,1,952,0.25,0.0010504201680672268,1,1402,0.25,0.0007132667617689016
i_fenis,illumination,orb,1_6,6,1963,1689,7,0.21736154556274415,0,247,0.0,0.0,0,560,0.0,0.0,0,810,0.0,0.0,0,1142,0.0,0.0,0,1540,0.0,0.0
i_fog,illumination,sift,1_2,2,1335,944,318,0.1263209342956543,301,412,0.9465408805031447,0.7305825242718447,313,463,0.9842767295597484,0.6760259179265659,315,503,0.9905660377358491,0.6262425447316103,315,649,0.9905660377358491,0.48536209553158705,315,1007,0.9905660377358491,0.3128103277060576
i_fog,illumination,sift,1_3,3,1335,675,202,0.1263209342956543,199,282,0.9851485148514851,0.7056737588652482,200,297,0.9900990099009901,0.6734006734006734,200,332,0.9900990099009901,0.6024096385542169,200,417,0.9900990099009901,0.47961630695443647,200,657,0.9900990099009901,0.30441400304414
i_fog,illumination,sift,1_4,4,1335,513,153,0.1263209342956543,148,199,0.9673202614379085,0.7437185929648241,149,218,0.9738562091503268,0.6834862385321101,149,240,0.9738562091503268,0.6208333333333333,149,320,0.9738562091503268,0.465625,150,546,0.9803921568627451,0.27472527472527475
i_fog,illumination,sift,1_5,5,1335,451,115,0.1263209342956543,103,146,0.8956521739130435,0.7054794520547946,107,168,0.9304347826086956,0.6369047619047619,107,196,0.9304347826086956,0.5459183673469388,107,267,0.9304347826086956,0.40074906367041196,108,406,0.9391304347826087,0.2660098522167488
i_fog,illumination,sift,1_6,6,1335,405,112,0.1263209342956543,99,137,0.8839285714285714,0.7226277372262774,107,159,0.9553571428571429,0.6729559748427673,108,177,0.9642857142857143,0.6101694915254238,108,227,0.9642857142857143,0.47577092511013214,108,346,0.9642857142857143,0.31213872832369943
i_fog,illumination,orb,1_2,2,1819,1618,158,0.17548341751098634,126,425,0.7974683544303798,0.2964705882352941,142,597,0.8987341772151899,0.23785594639865998,149,757,0.9430379746835443,0.19682959048877147,151,964,0.9556962025316456,0.1566390041493776,152,1253,0.9620253164556962,0.12130885873902633
i_fog,illumination,orb,1_3,3,1819,1539,101,0.17548341751098634,91,215,0.900990099009901,0.4232558139534884,97,255,0.9603960396039604,0.3803921568627451,99,270,0.9801980198019802,0.36666666666666664,99,315,0.9801980198019802,0.3142857142857143,99,471,0.9801980198019802,0.21019108280254778
i_fog,illumination,orb,1_4,4,1819,1457,103,0.17548341751098634,85,212,0.8252427184466019,0.4009433962264151,93,264,0.9029126213592233,0.3522727272727273,95,280,0.9223300970873787,0.3392857142857143,95,347,0.9223300970873787,0.2737752161383285,95,524,0.9223300970873787,0.18129770992366412
i_fog,illumination,orb,1_5,5,1819,1322,93,0.17548341751098634,75,142,0.8064516129032258,0.528169014084507,85,186,0.9139784946236559,0.45698924731182794,87,208,0.9354838709677419,0.4182692307692308,87,229,0.9354838709677419,0.3799126637554585,87,285,0.9354838709677419,0.30526315789473685
i_fog,illumination,orb,1_6,6,1819,1268,79,0.17548341751098634,58,112,0.7341772151898734,0.5178571428571429,73,156,0.9240506329113924,0.46794871794871795,73,175,0.9240506329113924,0.41714285714285715,73,200,0.9240506329113924,0.365,74,266,0.9367088607594937,0.2781954887218045
i_fruits,illumination,sift,1_2,2,522,557,408,0.07396445274353028,373,431,0.9142156862745098,0.8654292343387471,391,450,0.9583333333333334,0.8688888888888889,394,457,0.9656862745098039,0.862144420131291,396,473,0.9705882352941176,0.8372093023255814,397,505,0.9730392156862745,0.7861386138613862
i_fruits,illumination,sift,1_3,3,522,533,343,0.07396445274353028,301,380,0.8775510204081632,0.7921052631578948,328,415,0.956268221574344,0.7903614457831325,331,421,0.9650145772594753,0.7862232779097387,334,442,0.9737609329446064,0.755656108597285,335,494,0.9766763848396501,0.6781376518218624
i_fruits,illumination,sift,1_4,4,522,529,330,0.07396445274353028,287,361,0.8696969696969697,0.7950138504155124,309,394,0.9363636363636364,0.7842639593908629,316,403,0.9575757575757575,0.7841191066997518,319,424,0.9666666666666667,0.7523584905660378,320,490,0.9696969696969697,0.6530612244897959
i_fruits,illumination,sift,1_5,5,522,610,314,0.07396445274353028,259,354,0.8248407643312102,0.731638418079096,280,398,0.89171974522293,0.7035175879396985,286,410,0.910828025477707,0.697560975609756,291,432,0.9267515923566879,0.6736111111111112,293,502,0.9331210191082803,0.5836653386454184
i_fruits,illumination,sift,1_6,6,522,594,347,0.07396445274353028,281,360,0.8097982708933718,0.7805555555555556,316,407,0.9106628242074928,0.7764127764127764,319,414,0.9193083573487032,0.7705314009661836,325,440,0.9365994236311239,0.7386363636363636,328,504,0.9452449567723343,0.6507936507936508
i_fruits,illumination,orb,1_2,2,1167,1200,779,0.12581486701965333,689,981,0.8844672657252889,0.7023445463812437,742,1102,0.9525032092426188,0.6733212341197822,758,1117,0.9730423620025674,0.6786034019695614,762,1135,0.9781771501925546,0.6713656387665198,764,1152,0.9807445442875481,0.6631944444444444
i_fruits,illumination,orb,1_3,3,1167,1153,543,0.12581486701965333,449,939,0.8268876611418048,0.47816826411075614,493,1051,0.9079189686924494,0.46907706945765937,514,1100,0.9465930018416207,0.4672727272727273,520,1124,0.9576427255985267,0.4626334519572954,522,1147,0.9613259668508287,0.45510026155187444
i_fruits,illumination,orb,1_4,4,1167,1278,482,0.12581486701965333,389,944,0.8070539419087137,0.4120762711864407,440,1072,0.9128630705394191,0.41044776119402987,458,1113,0.950207468879668,0.4115004492362983,459,1132,0.9522821576763485,0.40547703180212014,462,1158,0.9585062240663901,0.39896373056994816
i_fruits,illumination,orb,1_5,5,1167,1488,392,0.12581486701965333,282,944,0.7193877551020408,0.298728813559322,338,1079,0.8622448979591837,0.3132530120481928,366,1117,0.9336734693877551,0.3276633840644584,368,1134,0.9387755102040817,0.32451499118165783,371,1158,0.9464285714285714,0.32037996545768566
i_fruits,illumination,orb,1_6,6,1167,1487,486,0.12581486701965333,362,954,0.7448559670781894,0.37945492662473795,431,1089,0.8868312757201646,0.3957759412304867,456,1130,0.9382716049382716,0.40353982300884955,460,1150,0.9465020576131687,0.4,461,1157,0.948559670781893,0.39844425237683667
i_gonnenberg,illumination,sift,1_2,2,1340,1418,603,0.17524404525756837,542,656,0.8988391376451078,0.8262195121951219,573,716,0.9502487562189055,0.8002793296089385,579,780,0.9601990049751243,0.7423076923076923,580,977,0.9618573797678275,0.593654042988741,585,1251,0.9701492537313433,0.4676258992805755
i_gonnenberg,illumination,sift,1_3,3,1340,1392,536,0.17524404525756837,486,615,0.9067164179104478,0.7902439024390244,511,679,0.9533582089552238,0.7525773195876289,519,765,0.9682835820895522,0.6784313725490196,521,999,0.9720149253731343,0.5215215215215215,521,1263,0.9720149253731343,0.41250989707046715
i_gonnenberg,illumination,sift,1_4,4,1340,1353,400,0.17524404525756837,344,503,0.86,0.68389662027833,372,590,0.93,0.6305084745762712,381,674,0.9525,0.5652818991097923,381,912,0.9525,0.41776315789473684,386,1234,0.965,0.31280388978930307
i_gonnenberg,illumination,sift,1_5,5,1340,1164,408,0.17524404525756837,350,469,0.8578431372549019,0.746268656716418,378,541,0.9264705882352942,0.6987060998151571,387,620,0.9485294117647058,0.6241935483870967,391,898,0.9583333333333334,0.4354120267260579,393,1222,0.9632352941176471,0.32160392798690673
i_gonnenberg,illumination,sift,1_6,6,1340,1292,481,0.17524404525756837,417,527,0.8669438669438669,0.7912713472485768,452,615,0.9397089397089398,0.734959349593496,457,687,0.9501039501039501,0.6652110625909753,460,920,0.9563409563409564,0.5,465,1216,0.9667359667359667,0.3824013157894737
i_gonnenberg,illumination,orb,1_2,2,1977,1988,956,0.24488720893859864,804,1316,0.8410041841004184,0.6109422492401215,887,1529,0.9278242677824268,0.5801177240026161,927,1641,0.9696652719665272,0.5648994515539305,945,1752,0.9884937238493724,0.5393835616438356,952,1852,0.99581589958159,0.5140388768898488
i_gonnenberg,illumination,orb,1_3,3,1977,1983,843,0.24488720893859864,716,1375,0.8493475682087782,0.5207272727272727,789,1601,0.9359430604982206,0.4928169893816365,820,1732,0.9727164887307236,0.47344110854503463,831,1825,0.9857651245551602,0.45534246575342463,839,1920,0.9952550415183867,0.43697916666666664
i_gonnenberg,illumination,orb,1_4,4,1977,1985,618,0.24488720893859864,466,1170,0.7540453074433657,0.39829059829059826,551,1431,0.8915857605177994,0.38504542278127185,589,1545,0.9530744336569579,0.3812297734627832,606,1666,0.9805825242718447,0.3637454981992797,612,1778,0.9902912621359223,0.344206974128234
i_gonnenberg,illumination,orb,1_5,5,1977,1950,824,0.24488720893859864,695,1336,0.8434466019417476,0.5202095808383234,767,1555,0.9308252427184466,0.4932475884244373,801,1649,0.9720873786407767,0.48574893875075803,816,1762,0.9902912621359223,0.46311010215664017,820,1879,0.9951456310679612,0.43640234167110165
i_gonnenberg,illumination,orb,1_6,6,1977,1972,950,0.24488720893859864,798,1295,0.84,0.6162162162162163,889,1551,0.9357894736842105,0.5731785944551901,932,1660,0.9810526315789474,0.5614457831325301,945,1770,0.9947368421052631,0.5338983050847458,947,1889,0.9968421052631579,0.5013234515616728
i_greenhouse,illumination,sift,1_2,2,2714,2363,316,0.459747314453125,260,658,0.8227848101265823,0.3951367781155015,283,877,0.8955696202531646,0.322690992018244,286,1069,0.9050632911392406,0.2675397567820393,287,1665,0.9082278481012658,0.17237237237237238,290,2386,0.9177215189873418,0.12154233025984912
i_greenhouse,illumination,sift,1_3,3,2714,2971,339,0.459747314453125,276,712,0.8141592920353983,0.38764044943820225,307,1002,0.9056047197640118,0.3063872255489022,313,1238,0.9233038348082596,0.252827140549273,317,1844,0.9351032448377581,0.17190889370932755,317,2612,0.9351032448377581,0.12136294027565084
i_greenhouse,illumination,sift,1_4,4,2714,3017,267,0.459747314453125,195,606,0.7303370786516854,0.3217821782178218,228,928,0.8539325842696629,0.24568965517241378,235,1161,0.8801498127340824,0.20241171403962102,239,1804,0.8951310861423221,0.13248337028824833,239,2572,0.8951310861423221,0.09292379471228616
i_greenhouse,illumination,sift,1_5,5,2714,3272,225,0.459747314453125,139,537,0.6177777777777778,0.25884543761638734,195,934,0.8666666666666667,0.20877944325481798,197,1206,0.8755555555555555,0.16334991708126037,197,1829,0.8755555555555555,0.10770913067249863,200,2612,0.8888888888888888,0.07656967840735068
i_greenhouse,illumination,sift,1_6,6,2714,3359,167,0.459747314453125,88,383,0.5269461077844312,0.2297650130548303,132,766,0.7904191616766467,0.17232375979112272,140,1082,0.8383233532934131,0.12939001848428835,143,1750,0.8562874251497006,0.08171428571428571,145,2576,0.8682634730538922,0.0562888198757764
i_greenhouse,illumination,orb,1_2,2,2000,2000,119,0.23214287757873536,88,720,0.7394957983193278,0.12222222222222222,103,1022,0.865546218487395,0.10078277886497064,106,1235,0.8907563025210085,0.08582995951417004,111,1480,0.9327731092436975,0.075,112,1754,0.9411764705882353,0.06385404789053592
i_greenhouse,illumination,orb,1_3,3,2000,2000,138,0.23214287757873536,77,776,0.5579710144927537,0.09922680412371133,103,1175,0.7463768115942029,0.0876595744680851,118,1430,0.855072463768116,0.08251748251748252,123,1739,0.8913043478260869,0.07073030477285797,130,1915,0.9420289855072463,0.06788511749347259
i_greenhouse,illumination,orb,1_4,4,2000,2000,89,0.23214287757873536,44,702,0.4943820224719101,0.06267806267806268,65,1115,0.7303370786516854,0.05829596412556054,80,1381,0.898876404494382,0.05792903692976104,83,1680,0.9325842696629213,0.0494047619047619,83,1887,0.9325842696629213,0.04398516163222046
i_greenhouse,illumination,orb,1_5,5,2000,2000,65,0.23214287757873536,19,595,0.2923076923076923,0.031932773109243695,44,1014,0.676923076923077,0.04339250493096647,51,1290,0.7846153846153846,0.03953488372093023,53,1613,0.8153846153846154,0.0328580285182889,54,1938,0.8307692307692308,0.02786377708978328
i_greenhouse,illumination,orb,1_6,6,2000,2000,32,0.23214287757873536,12,443,0.375,0.02708803611738149,18,848,0.5625,0.02122641509433962,24,1107,0.75,0.02168021680216802,24,1454,0.75,0.016506189821182942,26,1824,0.8125,0.01425438596491228
i_greentea,illumination,sift,1_2,2,4204,3278,1735,0.8819222927093506,1667,2107,0.960806916426513,0.791172282866635,1676,2168,0.9659942363112392,0.7730627306273062,1681,2306,0.9688760806916427,0.7289679098005204,1681,2789,0.9688760806916427,0.6027249910362137,1686,3104,0.9717579250720461,0.5431701030927835
i_greentea,illumination,sift,1_3,3,4204,4977,2461,0.8819222927093506,2376,3070,0.9654611946363267,0.7739413680781759,2399,3187,0.9748069890288501,0.7527455287103859,2416,3392,0.9817147501015847,0.7122641509433962,2419,3904,0.982933766761479,0.6196209016393442,2422,4138,0.9841527834213735,0.5853069115514742
i_greentea,illumination,sift,1_4,4,4204,4786,2506,0.8819222927093506,2426,3058,0.9680766161213089,0.7933289731850883,2452,3174,0.9784517158818835,0.7725267800882167,2468,3381,0.9848363926576217,0.7299615498373262,2473,3890,0.9868316041500399,0.63573264781491,2478,4136,0.9888268156424581,0.5991295938104448
i_greentea,illumination,sift,1_5,5,4204,3893,2244,0.8819222927093506,2162,2733,0.9634581105169341,0.7910720819612148,2193,2845,0.9772727272727273,0.7708260105448155,2199,3061,0.9799465240641712,0.7183926821300228,2203,3842,0.981729055258467,0.5733992712129099,2210,4111,0.9848484848484849,0.5375820968134274
i_greentea,illumination,sift,1_6,6,4204,2605,1311,0.8819222927093506,1221,1667,0.931350114416476,0.7324535092981403,1245,1743,0.9496567505720824,0.7142857142857143,1250,1916,0.9534706331045004,0.6524008350730689,1251,2760,0.954233409610984,0.4532608695652174,1259,3522,0.9603356216628528,0.3574673480976718
i_greentea,illumination,orb,1_2,2,2000,2000,480,0.24745264053344726,438,1061,0.9125,0.412818096135721,456,1191,0.95,0.38287153652392947,463,1288,0.9645833333333333,0.359472049689441,470,1381,0.9791666666666666,0.3403330919623461,473,1550,0.9854166666666667,0.30516129032258066
i_greentea,illumination,orb,1_3,3,2000,2000,667,0.24745264053344726,592,1258,0.8875562218890555,0.47058823529411764,621,1415,0.9310344827586207,0.43886925795053006,633,1497,0.9490254872563718,0.4228456913827655,643,1597,0.9640179910044977,0.4026299311208516,655,1715,0.9820089955022488,0.3819241982507289
i_greentea,illumination,orb,1_4,4,2000,2000,736,0.24745264053344726,651,1275,0.8845108695652174,0.5105882352941177,684,1428,0.9293478260869565,0.4789915966386555,707,1496,0.9605978260869565,0.47259358288770054,718,1595,0.9755434782608695,0.45015673981191223,727,1715,0.9877717391304348,0.4239067055393586
i_greentea,illumination,orb,1_5,5,2000,2000,701,0.24745264053344726,625,1195,0.891583452211127,0.5230125523012552,659,1363,0.9400855920114123,0.483492296404989,675,1439,0.9629101283880172,0.46907574704656013,687,1538,0.9800285306704708,0.4466840052015605,691,1716,0.985734664764622,0.4026806526806527
i_greentea,illumination,orb,1_6,6,2000,2000,274,0.24745264053344726,220,824,0.8029197080291971,0.2669902912621359,238,992,0.8686131386861314,0.2399193548387097,251,1111,0.916058394160584,0.22592259225922592,261,1258,0.9525547445255474,0.20747217806041335,263,1438,0.9598540145985401,0.18289290681502085
i_indiana,illumination,sift,1_2,2,5664,7153,564,2.071288251876831,449,1464,0.7960992907801419,0.30669398907103823,504,2126,0.8936170212765957,0.23706491063029161,514,2698,0.9113475177304965,0.1905114899925871,522,4017,0.925531914893617,0.1299477221807319,527,5063,0.9343971631205674,0.10408848508789255
i_indiana,illumination,sift,1_3,3,5664,8400,375,2.071288251876831,267,1335,0.712,0.2,313,2034,0.8346666666666667,0.15388397246804325,327,2660,0.872,0.12293233082706767,333,4056,0.888,0.08210059171597633,336,5273,0.896,0.06372084202541248
i_indiana,illumination,sift,1_4,4,5664,8901,222,2.071288251876831,144,1074,0.6486486486486487,0.1340782122905028,169,1857,0.7612612612612613,0.09100700053850296,176,2507,0.7927927927927928,0.0702034303948943,180,3942,0.8108108108108109,0.045662100456621,184,5272,0.8288288288288288,0.03490136570561457
i_indiana,illumination,sift,1_5,5,5664,9220,176,2.071288251876831,100,982,0.5681818181818182,0.10183299389002037,127,1808,0.7215909090909091,0.0702433628318584,129,2479,0.7329545454545454,0.05203711173860428,132,3868,0.75,0.03412616339193381,133,5256,0.7556818181818182,0.02530441400304414
i_indiana,illumination,sift,1_6,6,5664,9382,112,2.071288251876831,70,934,0.625,0.07494646680942184,84,1737,0.75,0.04835924006908463,86,2450,0.7678571428571429,0.03510204081632653,87,3921,0.7767857142857143,0.02218821729150727,87,5279,0.7767857142857143,0.016480394014017807
i_indiana,illumination,orb,1_2,2,2000,2000,255,0.242141056060791,165,916,0.6470588235294118,0.18013100436681223,207,1206,0.8117647058823529,0.17164179104477612,230,1361,0.9019607843137255,0.16899338721528287,238,1555,0.9333333333333333,0.15305466237942122,240,1762,0.9411764705882353,0.1362088535754824
i_indiana,illumination,orb,1_3,3,2000,2000,135,0.242141056060791,74,795,0.5481481481481482,0.0930817610062893,100,1103,0.7407407407407407,0.09066183136899365,115,1293,0.8518518518518519,0.08894044856921887,121,1479,0.8962962962962963,0.08181203515889114,123,1726,0.9111111111111111,0.0712630359212051
i_indiana,illumination,orb,1_4,4,2000,2000,48,0.242141056060791,29,554,0.6041666666666666,0.052346570397111915,34,853,0.7083333333333334,0.03985932004689332,35,1055,0.7291666666666666,0.03317535545023697,36,1256,0.75,0.028662420382165606,37,1577,0.7708333333333334,0.023462270133164237
i_indiana,illumination,orb,1_5,5,2000,2000,28,0.242141056060791,17,471,0.6071428571428571,0.036093418259023353,19,722,0.6785714285714286,0.02631578947368421,19,916,0.6785714285714286,0.02074235807860262,19,1129,0.6785714285714286,0.01682905225863596,19,1483,0.6785714285714286,0.012811867835468645
i_indiana,illumination,orb,1_6,6,2000,2000,30,0.242141056060791,8,391,0.26666666666666666,0.020460358056265986,9,644,0.3,0.013975155279503106,9,836,0.3,0.01076555023923445,11,1108,0.36666666666666664,0.009927797833935019,11,1445,0.36666666666666664,0.007612456747404845
i_kions,illumination,sift,1_2,2,2070,2726,162,0.2792359352111816,33,222,0.2037037037037037,0.14864864864864866,106,746,0.654320987654321,0.14209115281501342,113,999,0.6975308641975309,0.11311311311311312,114,1468,0.7037037037037037,0.0776566757493188,114,1936,0.7037037037037037,0.058884297520661155
i_kions,illumination,sift,1_3,3,2070,2059,170,0.2792359352111816,69,477,0.40588235294117647,0.14465408805031446,83,730,0.48823529411764705,0.1136986301369863,88,959,0.5176470588235295,0.09176225234619395,89,1398,0.5235294117647059,0.06366237482117311,94,1862,0.5529411764705883,0.050483351235230935
i_kions,illumination,sift,1_4,4,2070,997,75,0.2792359352111816,5,114,0.06666666666666667,0.043859649122807015,13,293,0.17333333333333334,0.04436860068259386,22,444,0.29333333333333333,0.04954954954954955,25,725,0.3333333333333333,0.034482758620689655,27,1230,0.36,0.02195121951219512
i_kions,illumination,sift,1_5,5,2070,837,64,0.2792359352111816,7,86,0.109375,0.08139534883720931,14,249,0.21875,0.05622489959839357,24,386,0.375,0.06217616580310881,26,646,0.40625,0.04024767801857585,28,1151,0.4375,0.02432667245873154
i_kions,illumination,sift,1_6,6,2070,2614,111,0.2792359352111816,59,521,0.5315315315315315,0.11324376199616124,61,770,0.5495495495495496,0.07922077922077922,61,1010,0.5495495495495496,0.060396039603960394,61,1485,0.5495495495495496,0.04107744107744108,61,1935,0.5495495495495496,0.03152454780361757
i_kions,illumination,orb,1_2,2,2000,2000,94,0.22679781913757324,11,482,0.11702127659574468,0.022821576763485476,36,946,0.3829787234042553,0.03805496828752643,51,1156,0.5425531914893617,0.04411764705882353,56,1348,0.5957446808510638,0.04154302670623145,58,1608,0.6170212765957447,0.036069651741293535
i_kions,illumination,orb,1_3,3,2000,2000,95,0.22679781913757324,29,808,0.30526315789473685,0.03589108910891089,45,1188,0.47368421052631576,0.03787878787878788,47,1394,0.49473684210526314,0.03371592539454806,51,1577,0.5368421052631579,0.032339885859226376,51,1783,0.5368421052631579,0.02860347728547392
i_kions,illumination,orb,1_4,4,2000,1938,74,0.22679781913757324,22,667,0.2972972972972973,0.03298350824587706,35,1120,0.47297297297297297,0.03125,39,1367,0.527027027027027,0.02852962692026335,41,1637,0.5540540540540541,0.02504581551618815,46,1890,0.6216216216216216,0.02433862433862434
i_kions,illumination,orb,1_5,5,2000,1931,81,0.22679781913757324,12,564,0.14814814814814814,0.02127659574468085,37,1101,0.4567901234567901,0.03360581289736603,46,1377,0.5679012345679012,0.03340595497458242,51,1646,0.6296296296296297,0.030984204131227218,51,1888,0.6296296296296297,0.02701271186440678
i_kions,illumination,orb,1_6,6,2000,2000,82,0.22679781913757324,39,866,0.47560975609756095,0.04503464203233257,46,1174,0.5609756097560976,0.039182282793867124,47,1343,0.573170731707317,0.034996276991809384,47,1542,0.573170731707317,0.0304798962386511,50,1765,0.6097560975609756,0.028328611898016998
i_ktirio,illumination,sift,1_2,2,1838,1860,1027,0.22547478675842286,864,1159,0.8412852969814996,0.7454702329594478,886,1227,0.8627069133398247,0.7220863895680522,891,1307,0.8675754625121713,0.6817138485080336,892,1590,0.8685491723466408,0.5610062893081761,897,1775,0.8734177215189873,0.5053521126760563
i_ktirio,illumination,sift,1_3,3,1838,1669,262,0.22547478675842286,125,558,0.4770992366412214,0.22401433691756273,145,724,0.5534351145038168,0.20027624309392264,152,908,0.5801526717557252,0.16740088105726872,159,1311,0.6068702290076335,0.12128146453089245,161,1660,0.6145038167938931,0.09698795180722891
i_ktirio,illumination,sift,1_4,4,1838,1367,119,0.22547478675842286,46,367,0.3865546218487395,0.12534059945504086,48,506,0.40336134453781514,0.09486166007905138,48,667,0.40336134453781514,0.07196401799100449,51,1035,0.42857142857142855,0.04927536231884058,52,1500,0.4369747899159664,0.034666666666666665
i_ktirio,illumination,sift,1_5,5,1838,1627,193,0.22547478675842286,88,510,0.45595854922279794,0.17254901960784313,108,686,0.5595854922279793,0.15743440233236153,114,888,0.5906735751295337,0.12837837837837837,119,1292,0.616580310880829,0.09210526315789473,121,1676,0.6269430051813472,0.07219570405727924
i_ktirio,illumination,sift,1_6,6,1838,1319,124,0.22547478675842286,28,275,0.22580645161290322,0.10181818181818182,31,409,0.25,0.07579462102689487,32,596,0.25806451612903225,0.053691275167785234,32,1009,0.25806451612903225,0.031714568880079286,32,1474,0.25806451612903225,0.021709633649932156
i_ktirio,illumination,orb,1_2,2,1988,1984,1544,0.23368983268737792,1414,1755,0.9158031088082902,0.8056980056980056,1470,1897,0.9520725388601037,0.7749077490774908,1495,1944,0.9682642487046632,0.7690329218106996,1503,1971,0.9734455958549223,0.7625570776255708,1506,1985,0.9753886010362695,0.7586901763224181
i_ktirio,illumination,orb,1_3,3,1988,1971,288,0.23368983268737792,160,953,0.5555555555555556,0.16789087093389296,197,1284,0.6840277777777778,0.15342679127725856,214,1471,0.7430555555555556,0.14547926580557444,223,1624,0.7743055555555556,0.1373152709359606,225,1814,0.78125,0.12403528114663727
i_ktirio,illumination,orb,1_4,4,1988,1922,121,0.23368983268737792,53,711,0.4380165289256198,0.07454289732770746,61,1030,0.5041322314049587,0.059223300970873784,65,1239,0.5371900826446281,0.052461662631154156,69,1498,0.5702479338842975,0.04606141522029372,71,1730,0.5867768595041323,0.041040462427745665
i_ktirio,illumination,orb,1_5,5,1988,1991,187,0.23368983268737792,92,860,0.4919786096256685,0.10697674418604651,112,1172,0.5989304812834224,0.09556313993174062,126,1354,0.6737967914438503,0.0930576070901034,132,1514,0.7058823529411765,0.08718626155878467,136,1748,0.7272727272727273,0.07780320366132723
i_ktirio,illumination,orb,1_6,6,1988,1959,65,0.23368983268737792,13,550,0.2,0.023636363636363636,19,869,0.2923076923076923,0.02186421173762946,22,1102,0.3384615384615385,0.019963702359346643,24,1360,0.36923076923076925,0.01764705882352941,25,1647,0.38461538461538464,0.015179113539769277
i_kurhaus,illumination,sift,1_2,2,9261,9232,3081,3.368744421005249,2894,4368,0.9393054203180785,0.6625457875457875,2980,4948,0.9672184355728659,0.6022635408245756,3000,5591,0.9737098344693281,0.5365766410302272,3023,7407,0.9811749432002597,0.40812744700958553,3030,8929,0.9834469328140214,0.3393437115018479
i_kurhaus,illumination,sift,1_3,3,9261,9068,2140,3.368744421005249,1961,3490,0.9163551401869159,0.5618911174785101,2044,4196,0.9551401869158879,0.4871306005719733,2063,4986,0.9640186915887851,0.4137585238668271,2079,7045,0.9714953271028037,0.2951029098651526,2089,8834,0.9761682242990655,0.23647271904007244
i_kurhaus,illumination,sift,1_4,4,9261,9067,1655,3.368744421005249,1488,2977,0.8990936555891239,0.4998320456835741,1567,3727,0.9468277945619336,0.4204453984437886,1583,4547,0.9564954682779456,0.34814163184517266,1591,6594,0.9613293051359516,0.2412799514710343,1604,8652,0.9691842900302114,0.18539066111881647
i_kurhaus,illumination,sift,1_5,5,9261,8589,1129,3.368744421005249,959,2391,0.8494242692648362,0.4010874111250523,1030,3160,0.912311780336581,0.3259493670886076,1040,3972,0.9211691762621789,0.2618328298086606,1045,6056,0.9255978742249779,0.172556142668428,1059,8299,0.9379982285208148,0.12760573563079888
i_kurhaus,illumination,sift,1_6,6,9261,8310,676,3.368744421005249,547,1859,0.8091715976331361,0.2942442173211404,603,2678,0.8920118343195266,0.2251680358476475,609,3539,0.900887573964497,0.17208250918338514,614,5609,0.908284023668639,0.1094669281511856,619,8229,0.915680473372781,0.0752217766435776
i_kurhaus,illumination,orb,1_2,2,2000,2000,1103,0.26081695556640627,985,1381,0.8930190389845875,0.7132512671976828,1047,1569,0.9492293744333635,0.6673040152963671,1074,1661,0.9737080689029919,0.6465984346779049,1087,1807,0.985494106980961,0.6015495296070835,1095,1919,0.9927470534904805,0.5706096925482022
i_kurhaus,illumination,orb,1_3,3,2000,2000,764,0.26081695556640627,634,1131,0.8298429319371727,0.5605658709106985,703,1373,0.9201570680628273,0.5120174799708667,734,1484,0.9607329842931938,0.4946091644204852,746,1646,0.9764397905759162,0.4532199270959903,754,1863,0.9869109947643979,0.404723564143854
i_kurhaus,illumination,orb,1_4,4,2000,2000,600,0.26081695556640627,474,1068,0.79,0.4438202247191011,541,1307,0.9016666666666666,0.4139250191277735,572,1426,0.9533333333333334,0.4011220196353436,587,1568,0.9783333333333334,0.37436224489795916,591,1774,0.985,0.33314543404735064
i_kurhaus,illumination,orb,1_5,5,2000,2000,434,0.26081695556640627,301,944,0.6935483870967742,0.3188559322033898,372,1215,0.8571428571428571,0.30617283950617286,400,1356,0.9216589861751152,0.2949852507374631,413,1525,0.9516129032258065,0.27081967213114755,420,1713,0.967741935483871,0.24518388791593695
i_kurhaus,illumination,orb,1_6,6,2000,2000,338,0.26081695556640627,230,824,0.6804733727810651,0.279126213592233,284,1116,0.8402366863905325,0.25448028673835127,305,1264,0.9023668639053254,0.2412974683544304,323,1431,0.9556213017751479,0.22571628232005592,327,1665,0.9674556213017751,0.1963963963963964
i_leuven,illumination,sift,1_2,2,997,1727,649,0.2247222900390625,455,541,0.7010785824345146,0.8410351201478743,608,751,0.9368258859784283,0.8095872170439414,624,793,0.9614791987673343,0.7868852459016393,628,878,0.9676425269645609,0.715261958997722,630,962,0.9707241910631741,0.6548856548856549
i_leuven,illumination,sift,1_3,3,997,2447,571,0.2247222900390625,330,437,0.5779334500875657,0.7551487414187643,495,694,0.8669001751313485,0.7132564841498559,545,785,0.9544658493870403,0.6942675159235668,550,889,0.9632224168126094,0.6186726659167604,554,966,0.9702276707530648,0.5734989648033126
i_leuven,illumination,sift,1_4,4,997,3017,405,0.2247222900390625,160,274,0.3950617283950617,0.583941605839416,343,556,0.8469135802469135,0.6169064748201439,364,672,0.8987654320987655,0.5416666666666666,375,799,0.9259259259259259,0.4693366708385482,380,944,0.9382716049382716,0.4025423728813559
i_leuven,illumination,sift,1_5,5,997,3299,215,0.2247222900390625,105,234,0.4883720930232558,0.44871794871794873,180,419,0.8372093023255814,0.4295942720763723,187,505,0.8697674418604651,0.3702970297029703,187,627,0.8697674418604651,0.2982456140350877,190,786,0.8837209302325582,0.24173027989821882
i_leuven,illumination,sift,1_6,6,997,3290,80,0.2247222900390625,6,47,0.075,0.1276595744680851,21,176,0.2625,0.11931818181818182,36,323,0.45,0.11145510835913312,41,467,0.5125,0.08779443254817987,50,668,0.625,0.0748502994011976
i_leuven,illumination,orb,1_2,2,1799,2000,1103,0.22578673362731932,670,1210,0.6074342701722575,0.5537190082644629,989,1583,0.8966455122393472,0.6247631080227416,1070,1675,0.970081595648232,0.6388059701492538,1094,1729,0.9918404351767905,0.6327356853672643,1098,1769,0.9954669084315503,0.6206896551724138
i_leuven,illumination,orb,1_3,3,1799,2000,928,0.22578673362731932,327,903,0.35237068965517243,0.36212624584717606,762,1480,0.8211206896551724,0.5148648648648648,881,1610,0.9493534482758621,0.5472049689440994,912,1691,0.9827586206896551,0.5393258426966292,919,1751,0.990301724137931,0.5248429468874929
i_leuven,illumination,orb,1_4,4,1799,2000,529,0.22578673362731932,153,709,0.2892249527410208,0.2157968970380818,403,1162,0.7618147448015122,0.346815834767642,482,1293,0.9111531190926276,0.3727764887857695,507,1437,0.9584120982986768,0.35281837160751567,521,1586,0.9848771266540642,0.32849936948297603
i_leuven,illumination,orb,1_5,5,1799,2000,229,0.22578673362731932,84,426,0.36681222707423583,0.19718309859154928,172,678,0.7510917030567685,0.2536873156342183,198,782,0.8646288209606987,0.2531969309462916,210,941,0.9170305676855895,0.22316684378320936,217,1194,0.9475982532751092,0.18174204355108878
i_leuven,illumination,orb,1_6,6,1799,2000,81,0.22578673362731932,13,140,0.16049382716049382,0.09285714285714286,35,293,0.43209876543209874,0.11945392491467577,41,370,0.5061728395061729,0.11081081081081082,56,511,0.691358024691358,0.1095890410958904,66,770,0.8148148148148148,0.08571428571428572
i_lionday,illumination,sift,1_2,2,1355,865,78,0.15876736640930175,11,45,0.14102564102564102,0.24444444444444444,30,307,0.38461538461538464,0.09771986970684039,41,404,0.5256410256410257,0.10148514851485149,45,591,0.5769230769230769,0.07614213197969544,52,886,0.6666666666666666,0.05869074492099323
i_lionday,illumination,sift,1_3,3,1355,1590,132,0.15876736640930175,30,130,0.22727272727272727,0.23076923076923078,86,406,0.6515151515151515,0.21182266009852216,96,572,0.7272727272727273,0.16783216783216784,104,790,0.7878787878787878,0.13164556962025317,107,988,0.8106060606060606,0.1082995951417004
i_lionday,illumination,sift,1_4,4,1355,783,47,0.15876736640930175,2,24,0.0425531914893617,0.08333333333333333,12,192,0.2553191489361702,0.0625,21,305,0.44680851063829785,0.06885245901639345,26,456,0.5531914893617021,0.05701754385964912,28,692,0.5957446808510638,0.04046242774566474
i_lionday,illumination,sift,1_5,5,1355,1360,73,0.15876736640930175,2,29,0.0273972602739726,0.06896551724137931,15,272,0.2054794520547945,0.05514705882352941,33,428,0.4520547945205479,0.07710280373831775,37,650,0.5068493150684932,0.05692307692307692,40,945,0.547945205479452,0.042328042328042326
i_lionday,illumination,sift,1_6,6,1355,1532,119,0.15876736640930175,11,75,0.09243697478991597,0.14666666666666667,64,370,0.5378151260504201,0.17297297297297298,78,566,0.6554621848739496,0.13780918727915195,89,783,0.7478991596638656,0.1136653895274585,96,1004,0.8067226890756303,0.09561752988047809
i_lionday,illumination,orb,1_2,2,1971,1801,86,0.21724114418029786,10,384,0.11627906976744186,0.026041666666666668,30,882,0.3488372093023256,0.034013605442176874,55,1173,0.6395348837209303,0.04688832054560955,64,1482,0.7441860465116279,0.043184885290148446,67,1717,0.7790697674418605,0.039021549213744906
i_lionday,illumination,orb,1_3,3,1971,2000,164,0.21724114418029786,41,503,0.25,0.08151093439363817,86,848,0.524390243902439,0.10141509433962265,112,1038,0.6829268292682927,0.10789980732177264,133,1234,0.8109756097560976,0.10777957860615883,142,1409,0.8658536585365854,0.10078069552874379
i_lionday,illumination,orb,1_4,4,1971,1743,20,0.21724114418029786,2,240,0.1,0.008333333333333333,11,619,0.55,0.017770597738287562,15,856,0.75,0.017523364485981307,16,1108,0.8,0.01444043321299639,16,1443,0.8,0.011088011088011088
i_lionday,illumination,orb,1_5,5,1971,1916,45,0.21724114418029786,7,199,0.15555555555555556,0.035175879396984924,19,509,0.4222222222222222,0.03732809430255403,27,710,0.6,0.038028169014084505,31,922,0.6888888888888889,0.033622559652928416,32,1245,0.7111111111111111,0.02570281124497992
i_lionday,illumination,orb,1_6,6,1971,1997,145,0.21724114418029786,27,367,0.18620689655172415,0.07356948228882834,61,805,0.4206896551724138,0.07577639751552795,90,1072,0.6206896551724138,0.08395522388059702,119,1271,0.8206896551724138,0.0936270653029111,129,1430,0.8896551724137931,0.09020979020979021
i_lionnight,illumination,sift,1_2,2,2885,3616,281,0.5066168785095215,99,446,0.35231316725978645,0.2219730941704036,189,1511,0.6725978647686833,0.12508272667107875,206,1828,0.7330960854092526,0.11269146608315099,211,2440,0.7508896797153025,0.08647540983606557,212,2880,0.7544483985765125,0.07361111111111111
i_lionnight,illumination,sift,1_3,3,2885,2777,158,0.5066168785095215,4,120,0.02531645569620253,0.03333333333333333,64,985,0.4050632911392405,0.0649746192893401,85,1454,0.5379746835443038,0.05845942228335626,91,2178,0.5759493670886076,0.04178145087235996,96,2818,0.6075949367088608,0.034066713981547196
i_lionnight,illumination,sift,1_4,4,2885,3173,585,0.5066168785095215,122,364,0.20854700854700856,0.33516483516483514,423,1723,0.7230769230769231,0.24550203134068485,463,1956,0.7914529914529914,0.2367075664621677,469,2451,0.8017094017094017,0.19135046919624643,472,2853,0.8068376068376069,0.16543988783736419
i_lionnight,illumination,sift,1_5,5,2885,3118,568,0.5066168785095215,127,279,0.22359154929577466,0.4551971326164875,471,1666,0.829225352112676,0.28271308523409366,498,2002,0.8767605633802817,0.24875124875124874,504,2516,0.8873239436619719,0.20031796502384738,506,2849,0.8908450704225352,0.1776061776061776
i_lionnight,illumination,sift,1_6,6,2885,3151,407,0.5066168785095215,52,228,0.12776412776412777,0.22807017543859648,272,1395,0.6683046683046683,0.1949820788530466,309,1785,0.7592137592137592,0.173109243697479,314,2395,0.7714987714987716,0.13110647181628393,315,2866,0.773955773955774,0.1099092812281926
i_lionnight,illumination,orb,1_2,2,2000,2000,297,0.23880453109741212,66,815,0.2222222222222222,0.08098159509202454,93,1362,0.31313131313131315,0.06828193832599119,119,1663,0.4006734006734007,0.07155742633794347,130,1874,0.4377104377104377,0.06937033084311633,133,1940,0.4478114478114478,0.06855670103092784
i_lionnight,illumination,orb,1_3,3,2000,2000,201,0.23880453109741212,34,644,0.1691542288557214,0.052795031055900624,54,1209,0.26865671641791045,0.04466501240694789,82,1580,0.4079601990049751,0.05189873417721519,107,1797,0.5323383084577115,0.05954368391764051,110,1895,0.5472636815920398,0.05804749340369393
i_lionnight,illumination,orb,1_4,4,2000,2000,362,0.23880453109741212,63,836,0.17403314917127072,0.07535885167464115,124,1306,0.3425414364640884,0.09494640122511486,167,1545,0.4613259668508287,0.1080906148867314,181,1670,0.5,0.10838323353293414,188,1748,0.5193370165745856,0.10755148741418764
i_lionnight,illumination,orb,1_5,5,2000,2000,281,0.23880453109741212,46,639,0.16370106761565836,0.07198748043818466,73,1348,0.2597864768683274,0.05415430267062315,97,1696,0.34519572953736655,0.057193396226415096,114,1809,0.40569395017793597,0.06301824212271974,120,1880,0.42704626334519574,0.06382978723404255
i_lionnight,illumination,orb,1_6,6,2000,2000,281,0.23880453109741212,64,755,0.2277580071174377,0.0847682119205298,94,1314,0.33451957295373663,0.0715372907153729,127,1649,0.45195729537366547,0.07701637355973318,144,1859,0.5124555160142349,0.07746100053792361,148,1955,0.5266903914590747,0.07570332480818415
i_londonbridge,illumination,sift,1_2,2,4038,4470,1809,1.260667371749878,3,138,0.001658374792703151,0.021739130434782608,44,565,0.024322830292979547,0.07787610619469026,169,1304,0.09342177998894417,0.12960122699386503,1703,3371,0.941404090657822,0.5051913378819342,1729,3955,0.9557766721945826,0.43716814159292033
i_londonbridge,illumination,sift,1_3,3,4038,7747,1131,1.260667371749878,8,163,0.007073386383731211,0.049079754601226995,99,863,0.08753315649867374,0.11471610660486674,579,2227,0.5119363395225465,0.2599910193084867,1038,3433,0.9177718832891246,0.3023594523740169,1053,3960,0.9310344827586207,0.26590909090909093
i_londonbridge,illumination,sift,1_4,4,4038,7661,989,1.260667371749878,1,194,0.0010111223458038423,0.005154639175257732,13,783,0.01314459049544995,0.016602809706257982,216,1743,0.21840242669362994,0.12392426850258176,796,3196,0.8048533872598584,0.2490613266583229,892,3934,0.9019211324570273,0.22674123029994916
i_londonbridge,illumination,sift,1_5,5,4038,4741,232,1.260667371749878,0,116,0.0,0.0,0,462,0.0,0.0,0,985,0.0,0.0,0,1889,0.0,0.0,172,3224,0.7413793103448276,0.05334987593052109
i_londonbridge,illumination,sift,1_6,6,4038,8032,144,1.260667371749878,2,128,0.013888888888888888,0.015625,64,1074,0.4444444444444444,0.0595903165735568,83,1831,0.5763888888888888,0.04533042053522665,87,2680,0.6041666666666666,0.03246268656716418,89,3599,0.6180555555555556,0.024729091414281746
i_londonbridge,illumination,orb,1_2,2,2000,2000,941,0.27361278533935546,6,241,0.006376195536663124,0.024896265560165973,18,665,0.019128586609989374,0.02706766917293233,186,1223,0.19766206163655686,0.15208503679476695,854,1839,0.9075451647183846,0.46438281674823273,933,1947,0.9914984059511158,0.47919876733436056
i_londonbridge,illumination,orb,1_3,3,2000,2000,373,0.27361278533935546,11,175,0.029490616621983913,0.06285714285714286,20,543,0.05361930294906166,0.03683241252302026,150,991,0.40214477211796246,0.15136226034308778,331,1346,0.8873994638069705,0.24591381872213966,352,1623,0.9436997319034852,0.21688231669747382
i_londonbridge,illumination,orb,1_4,4,2000,2000,243,0.27361278533935546,3,197,0.012345679012345678,0.015228426395939087,12,512,0.04938271604938271,0.0234375,57,950,0.2345679012345679,0.06,168,1579,0.691358024691358,0.10639645345155162,219,1821,0.9012345679012346,0.12026359143327842
i_londonbridge,illumination,orb,1_5,5,2000,2000,61,0.27361278533935546,0,82,0.0,0.0,0,227,0.0,0.0,0,404,0.0,0.0,1,782,0.01639344262295082,0.0012787723785166241,44,1494,0.7213114754098361,0.029451137884872823
i_londonbridge,illumination,orb,1_6,6,2000,2000,51,0.27361278533935546,4,106,0.0784313725490196,0.03773584905660377,10,230,0.19607843137254902,0.043478260869565216,21,341,0.4117647058823529,0.06158357771260997,28,474,0.5490196078431373,0.05907172995780591,30,727,0.5882352941176471,0.04126547455295736
i_melon,illumination,sift,1_2,2,1020,1137,605,0.15370421409606932,525,640,0.8677685950413223,0.8203125,570,715,0.9421487603305785,0.7972027972027972,582,762,0.9619834710743802,0.7637795275590551,592,888,0.9785123966942149,0.6666666666666666,596,988,0.9851239669421488,0.6032388663967612
i_melon,illumination,sift,1_3,3,1020,1016,310,0.15370421409606932,252,439,0.8129032258064516,0.5740318906605922,278,543,0.896774193548387,0.5119705340699816,286,618,0.9225806451612903,0.4627831715210356,293,781,0.9451612903225807,0.37516005121638923,300,925,0.967741935483871,0.32432432432432434
i_melon,illumination,sift,1_4,4,1020,783,41,0.15370421409606932,22,165,0.5365853658536586,0.13333333333333333,26,277,0.6341463414634146,0.09386281588447654,30,369,0.7317073170731707,0.08130081300813008,31,530,0.7560975609756098,0.05849056603773585,33,780,0.8048780487804879,0.04230769230769231
i_melon,illumination,sift,1_5,5,1020,1153,313,0.15370421409606932,240,392,0.7667731629392971,0.6122448979591837,286,529,0.9137380191693291,0.5406427221172023,295,627,0.9424920127795527,0.4704944178628389,297,793,0.9488817891373802,0.3745271122320303,299,958,0.9552715654952076,0.31210855949895616
i_melon,illumination,sift,1_6,6,1020,1018,223,0.15370421409606932,171,346,0.7668161434977578,0.49421965317919075,198,481,0.8878923766816144,0.41164241164241167,204,565,0.9147982062780269,0.36106194690265486,208,750,0.9327354260089686,0.2773333333333333,211,916,0.9461883408071748,0.23034934497816595
i_melon,illumination,orb,1_2,2,2000,2000,935,0.24736738204956055,770,1391,0.8235294117647058,0.5535585909417685,836,1617,0.8941176470588236,0.5170068027210885,885,1730,0.946524064171123,0.5115606936416185,918,1826,0.9818181818181818,0.5027382256297919,927,1932,0.9914438502673797,0.4798136645962733
i_melon,illumination,orb,1_3,3,2000,2000,405,0.24736738204956055,277,1055,0.6839506172839506,0.26255924170616113,314,1354,0.7753086419753087,0.23190546528803546,360,1524,0.8888888888888888,0.23622047244094488,389,1724,0.9604938271604938,0.22563805104408352,403,1922,0.9950617283950617,0.20967741935483872
i_melon,illumination,orb,1_4,4,2000,2000,55,0.24736738204956055,23,597,0.41818181818181815,0.038525963149078725,29,954,0.5272727272727272,0.03039832285115304,34,1147,0.6181818181818182,0.02964254577157803,43,1380,0.7818181818181819,0.031159420289855074,47,1654,0.8545454545454545,0.028415961305925032
i_melon,illumination,orb,1_5,5,2000,2000,382,0.24736738204956055,277,1009,0.725130890052356,0.2745292368681863,312,1349,0.8167539267015707,0.2312824314306894,346,1503,0.9057591623036649,0.23020625415834997,362,1655,0.9476439790575916,0.21873111782477342,372,1850,0.9738219895287958,0.20108108108108108
i_melon,illumination,orb,1_6,6,2000,2000,266,0.24736738204956055,169,956,0.6353383458646616,0.17677824267782427,211,1277,0.793233082706767,0.16523101018010963,238,1436,0.8947368421052632,0.16573816155988857,245,1629,0.9210526315789473,0.15039901780233272,253,1870,0.9511278195488722,0.13529411764705881
i_miniature,illumination,sift,1_2,2,3755,3556,1453,0.6175150871276855,1189,2030,0.8183069511355816,0.5857142857142857,1304,2336,0.8974535443909153,0.5582191780821918,1324,2583,0.9112181693048864,0.5125822686798297,1338,3167,0.9208534067446662,0.4224818440164193,1342,3645,0.9236063317274604,0.3681755829903978
i_miniature,illumination,sift,1_3,3,3755,2992,485,0.6175150871276855,341,1150,0.7030927835051546,0.2965217391304348,381,1593,0.7855670103092783,0.2391713747645951,389,1896,0.8020618556701031,0.205168776371308,401,2675,0.8268041237113402,0.14990654205607476,404,3419,0.8329896907216495,0.1181632056156771
i_miniature,illumination,sift,1_4,4,3755,2208,141,0.6175150871276855,83,621,0.5886524822695035,0.13365539452495975,90,954,0.6382978723404256,0.09433962264150944,93,1243,0.6595744680851063,0.07481898632341111,95,1796,0.6737588652482269,0.05289532293986637,96,2671,0.6808510638297872,0.035941594908274054
i_miniature,illumination,sift,1_5,5,3755,1285,97,0.6175150871276855,37,290,0.38144329896907214,0.12758620689655173,47,523,0.4845360824742268,0.08986615678776291,48,700,0.4948453608247423,0.06857142857142857,49,1036,0.5051546391752577,0.0472972972972973,49,1567,0.5051546391752577,0.031269942565411615
i_miniature,illumination,sift,1_6,6,3755,3012,461,0.6175150871276855,335,1186,0.7266811279826464,0.2824620573355818,374,1642,0.8112798264642083,0.22777101096224117,391,1933,0.8481561822125814,0.20227625452664252,394,2649,0.8546637744034707,0.1487353718384296,396,3373,0.8590021691973969,0.1174029054254373
i_miniature,illumination,orb,1_2,2,2000,2000,721,0.2424715518951416,554,1247,0.768377253814147,0.4442662389735365,617,1478,0.855755894590846,0.4174560216508796,654,1589,0.9070735090152566,0.4115796098174953,677,1724,0.9389736477115118,0.39269141531322505,684,1880,0.9486823855755895,0.3638297872340426
i_miniature,illumination,orb,1_3,3,2000,2000,147,0.2424715518951416,103,775,0.7006802721088435,0.1329032258064516,115,1003,0.782312925170068,0.11465603190428714,131,1124,0.891156462585034,0.11654804270462633,136,1282,0.9251700680272109,0.1060842433697348,138,1574,0.9387755102040817,0.08767471410419314
i_miniature,illumination,orb,1_4,4,2000,2000,31,0.2424715518951416,14,397,0.45161290322580644,0.03526448362720403,19,538,0.6129032258064516,0.03531598513011153,21,624,0.6774193548387096,0.03365384615384615,22,735,0.7096774193548387,0.029931972789115645,22,989,0.7096774193548387,0.022244691607684528
i_miniature,illumination,orb,1_5,5,2000,2000,11,0.2424715518951416,2,171,0.18181818181818182,0.011695906432748537,3,247,0.2727272727272727,0.012145748987854251,3,289,0.2727272727272727,0.010380622837370242,3,362,0.2727272727272727,0.008287292817679558,3,482,0.2727272727272727,0.006224066390041493
i_miniature,illumination,orb,1_6,6,2000,2000,174,0.2424715518951416,112,770,0.6436781609195402,0.14545454545454545,128,1038,0.735632183908046,0.1233140655105973,141,1168,0.8103448275862069,0.12071917808219178,148,1365,0.8505747126436781,0.10842490842490843,150,1648,0.8620689655172413,0.09101941747572816
i_nescafe,illumination,sift,1_2,2,1540,1756,624,0.2541769027709961,582,741,0.9326923076923077,0.7854251012145749,589,801,0.9439102564102564,0.735330836454432,593,862,0.9503205128205128,0.6879350348027842,597,1029,0.9567307692307693,0.5801749271137027,603,1201,0.9663461538461539,0.5020815986677769
i_nescafe,illumination,sift,1_3,3,1540,2191,659,0.2541769027709961,622,843,0.9438543247344461,0.7378410438908659,633,926,0.960546282245827,0.683585313174946,637,1010,0.9666160849772383,0.6306930693069307,640,1190,0.9711684370257967,0.5378151260504201,646,1419,0.9802731411229135,0.45525017618040875
i_nescafe,illumination,sift,1_4,4,1540,1858,739,0.2541769027709961,671,860,0.9079837618403248,0.7802325581395348,689,941,0.93234100135318,0.7321997874601488,698,1017,0.9445196211096076,0.6863323500491643,707,1237,0.9566982408660352,0.5715440582053355,714,1426,0.9661705006765899,0.5007012622720898
i_nescafe,illumination,sift,1_5,5,1540,1339,521,0.2541769027709961,450,632,0.8637236084452975,0.7120253164556962,467,711,0.8963531669865643,0.6568213783403657,473,792,0.9078694817658349,0.5972222222222222,476,985,0.9136276391554703,0.483248730964467,477,1184,0.9155470249520153,0.4028716216216216
i_nescafe,illumination,sift,1_6,6,1540,2430,520,0.2541769027709961,493,666,0.948076923076923,0.7402402402402403,496,744,0.9538461538461539,0.6666666666666666,498,834,0.9576923076923077,0.5971223021582733,501,1051,0.9634615384615385,0.47668886774500474,503,1276,0.9673076923076923,0.3942006269592476
i_nescafe,illumination,orb,1_2,2,2000,2000,785,0.24929242134094237,726,1381,0.9248407643312102,0.5257060101375814,748,1528,0.9528662420382166,0.4895287958115183,759,1640,0.9668789808917198,0.4628048780487805,768,1715,0.978343949044586,0.4478134110787172,772,1771,0.9834394904458599,0.43591191417278374
i_nescafe,illumination,orb,1_3,3,2000,2000,808,0.24929242134094237,715,1368,0.8849009900990099,0.5226608187134503,755,1522,0.9344059405940595,0.49605781865965837,773,1630,0.9566831683168316,0.4742331288343558,784,1725,0.9702970297029703,0.4544927536231884,795,1827,0.9839108910891089,0.4351395730706076
i_nescafe,illumination,orb,1_4,4,2000,2000,978,0.24929242134094237,909,1414,0.9294478527607362,0.6428571428571429,935,1550,0.9560327198364008,0.603225806451613,951,1641,0.9723926380368099,0.5795246800731262,962,1730,0.983640081799591,0.5560693641618497,967,1811,0.9887525562372188,0.5339591385974599
i_nescafe,illumination,orb,1_5,5,2000,2000,705,0.24929242134094237,645,1198,0.9148936170212766,0.5383973288814691,663,1314,0.9404255319148936,0.5045662100456622,674,1421,0.9560283687943263,0.47431386347642507,683,1498,0.9687943262411347,0.4559412550066756,688,1604,0.975886524822695,0.428927680798005
i_nescafe,illumination,orb,1_6,6,2000,2000,510,0.24929242134094237,461,1112,0.903921568627451,0.414568345323741,473,1332,0.9274509803921569,0.3551051051051051,483,1494,0.9470588235294117,0.3232931726907631,490,1623,0.9607843137254902,0.30191004313000613,500,1763,0.9803921568627451,0.28360748723766305
i_nijmegen,illumination,sift,1_2,2,6811,5119,1071,1.6950576782226563,17,102,0.015873015873015872,0.16666666666666666,332,991,0.3099906629318394,0.3350151362260343,840,2422,0.7843137254901961,0.3468208092485549,929,3596,0.8674136321195145,0.2583426028921023,952,5471,0.8888888888888888,0.17400840796929262
i_nijmegen,illumination,sift,1_3,3,6811,7119,1488,1.6950576782226563,56,226,0.03763440860215054,0.24778761061946902,865,2009,0.5813172043010753,0.430562468889995,1279,3245,0.8595430107526881,0.3941448382126348,1348,4600,0.9059139784946236,0.29304347826086957,1377,6287,0.9254032258064516,0.21902338158104023
i_nijmegen,illumination,sift,1_4,4,6811,2561,160,1.6950576782226563,38,299,0.2375,0.12709030100334448,56,531,0.35,0.10546139359698682,59,806,0.36875,0.07320099255583126,64,1457,0.4,0.04392587508579272,69,2724,0.43125,0.025330396475770924
i_nijmegen,illumination,sift,1_5,5,6811,5584,1312,1.6950576782226563,111,268,0.08460365853658537,0.4141791044776119,804,1777,0.6128048780487805,0.4524479459763647,1090,2728,0.8307926829268293,0.39956011730205276,1149,3982,0.8757621951219512,0.28854846810647916,1180,5811,0.899390243902439,0.2030631560832903
i_nijmegen,illumination,sift,1_6,6,6811,5017,867,1.6950576782226563,107,354,0.12341407151095732,0.3022598870056497,616,1715,0.7104959630911188,0.35918367346938773,706,2390,0.8143021914648212,0.295397489539749,742,3505,0.8558246828143022,0.21169757489301,759,5208,0.8754325259515571,0.14573732718894009
i_nijmegen,illumination,orb,1_2,2,2000,2000,217,0.30124526023864745,14,236,0.06451612903225806,0.059322033898305086,83,601,0.3824884792626728,0.13810316139767054,168,901,0.7741935483870968,0.1864594894561598,207,1128,0.9539170506912442,0.18351063829787234,210,1358,0.967741935483871,0.15463917525773196
i_nijmegen,illumination,orb,1_3,3,2000,2000,396,0.30124526023864745,46,342,0.11616161616161616,0.13450292397660818,182,843,0.4595959595959596,0.2158956109134045,305,1208,0.7702020202020202,0.25248344370860926,371,1509,0.9368686868686869,0.24585818422796554,388,1776,0.9797979797979798,0.21846846846846846
i_nijmegen,illumination,orb,1_4,4,2000,2000,34,0.30124526023864745,10,103,0.29411764705882354,0.0970873786407767,21,216,0.6176470588235294,0.09722222222222222,25,317,0.7352941176470589,0.07886435331230283,25,445,0.7352941176470589,0.056179775280898875,26,785,0.7647058823529411,0.033121019108280254
i_nijmegen,illumination,orb,1_5,5,2000,2000,382,0.30124526023864745,56,375,0.14659685863874344,0.14933333333333335,176,892,0.4607329842931937,0.19730941704035873,303,1225,0.7931937172774869,0.2473469387755102,359,1493,0.9397905759162304,0.24045545880776958,373,1722,0.9764397905759162,0.21660859465737514
i_nijmegen,illumination,orb,1_6,6,2000,2000,278,0.30124526023864745,64,394,0.2302158273381295,0.16243654822335024,145,823,0.5215827338129496,0.17618469015795868,219,1083,0.7877697841726619,0.20221606648199447,262,1315,0.9424460431654677,0.19923954372623573,271,1520,0.9748201438848921,0.17828947368421053
i_nuts,illumination,sift,1_2,2,461,451,113,0.09072685241699219,65,111,0.5752212389380531,0.5855855855855856,78,155,0.6902654867256637,0.5032258064516129,86,187,0.7610619469026548,0.45989304812834225,89,238,0.7876106194690266,0.3739495798319328,100,350,0.8849557522123894,0.2857142857142857
i_nuts,illumination,sift,1_3,3,461,477,34,0.09072685241699219,22,77,0.6470588235294118,0.2857142857142857,24,111,0.7058823529411765,0.21621621621621623,24,138,0.7058823529411765,0.17391304347826086,24,186,0.7058823529411765,0.12903225806451613,26,326,0.7647058823529411,0.07975460122699386
i_nuts,illumination,sift,1_4,4,461,552,10,0.09072685241699219,4,58,0.4,0.06896551724137931,5,95,0.5,0.05263157894736842,5,115,0.5,0.043478260869565216,5,181,0.5,0.027624309392265192,5,328,0.5,0.01524390243902439
i_nuts,illumination,sift,1_5,5,461,569,14,0.09072685241699219,2,34,0.14285714285714285,0.058823529411764705,2,73,0.14285714285714285,0.0273972602739726,2,95,0.14285714285714285,0.021052631578947368,2,163,0.14285714285714285,0.012269938650306749,2,343,0.14285714285714285,0.0058309037900874635
i_nuts,illumination,sift,1_6,6,461,546,5,0.09072685241699219,1,26,0.2,0.038461538461538464,1,57,0.2,0.017543859649122806,1,88,0.2,0.011363636363636364,1,160,0.2,0.00625,1,323,0.2,0.0030959752321981426
i_nuts,illumination,orb,1_2,2,1027,1030,124,0.1236680030822754,67,316,0.5403225806451613,0.2120253164556962,88,443,0.7096774193548387,0.1986455981941309,96,528,0.7741935483870968,0.18181818181818182,110,668,0.8870967741935484,0.16467065868263472,116,860,0.9354838709677419,0.13488372093023257
i_nuts,illumination,orb,1_3,3,1027,1209,16,0.1236680030822754,7,196,0.4375,0.03571428571428571,7,311,0.4375,0.022508038585209004,7,410,0.4375,0.01707317073170732,8,548,0.5,0.014598540145985401,10,777,0.625,0.01287001287001287
i_nuts,illumination,orb,1_4,4,1027,1506,13,0.1236680030822754,0,151,0.0,0.0,0,239,0.0,0.0,0,338,0.0,0.0,0,479,0.0,0.0,0,788,0.0,0.0
i_nuts,illumination,orb,1_5,5,1027,1463,7,0.1236680030822754,0,94,0.0,0.0,0,184,0.0,0.0,0,283,0.0,0.0,0,429,0.0,0.0,0,761,0.0,0.0
i_nuts,illumination,orb,1_6,6,1027,1262,15,0.1236680030822754,0,83,0.0,0.0,0,151,0.0,0.0,0,259,0.0,0.0,0,416,0.0,0.0,0,705,0.0,0.0
i_objects,illumination,sift,1_2,2,7466,7621,1333,2.9730414867401125,94,462,0.07051762940735183,0.20346320346320346,1011,2860,0.7584396099024756,0.3534965034965035,1161,4069,0.8709677419354839,0.28532809043991153,1195,5708,0.8964741185296324,0.2093552908199019,1231,7092,0.9234808702175544,0.17357586012408346
i_objects,illumination,sift,1_3,3,7466,7657,983,2.9730414867401125,49,393,0.04984740590030519,0.12468193384223919,816,2776,0.8301119023397762,0.29394812680115273,863,3859,0.8779247202441506,0.22363306556102616,883,5551,0.8982706002034588,0.15907043775896235,897,7026,0.9125127161749745,0.12766865926558496
i_objects,illumination,sift,1_4,4,7466,7404,505,2.9730414867401125,11,372,0.02178217821782178,0.02956989247311828,405,2285,0.801980198019802,0.1772428884026258,417,3433,0.8257425742574257,0.12146810369938829,422,5101,0.8356435643564356,0.08272887669084493,434,6840,0.8594059405940594,0.06345029239766081
i_objects,illumination,sift,1_5,5,7466,7133,597,2.9730414867401125,13,376,0.021775544388609715,0.034574468085106384,494,2264,0.8274706867671692,0.21819787985865724,502,3275,0.8408710217755444,0.1532824427480916,510,5019,0.8542713567839196,0.10161386730424388,521,6808,0.8726968174204355,0.07652761457109283
i_objects,illumination,sift,1_6,6,7466,7902,2439,2.9730414867401125,2018,3201,0.8273882738827388,0.6304279912527335,2239,4063,0.9179991799917999,0.551070637460005,2303,4700,0.9442394423944239,0.49,2337,6088,0.958179581795818,0.3838699080157687,2364,7252,0.9692496924969249,0.32597904026475455
i_objects,illumination,orb,1_2,2,2000,2000,238,0.32411937713623046,39,381,0.1638655462184874,0.10236220472440945,142,843,0.5966386554621849,0.16844602609727166,198,1111,0.8319327731092437,0.1782178217821782,220,1302,0.9243697478991597,0.16897081413210446,226,1557,0.9495798319327731,0.14515093127809892
i_objects,illumination,orb,1_3,3,2000,2000,84,0.32411937713623046,11,302,0.13095238095238096,0.03642384105960265,45,705,0.5357142857142857,0.06382978723404255,63,917,0.75,0.06870229007633588,70,1148,0.8333333333333334,0.06097560975609756,71,1422,0.8452380952380952,0.04992967651195499
i_objects,illumination,orb,1_4,4,2000,2000,58,0.32411937713623046,5,217,0.08620689655172414,0.02304147465437788,35,537,0.603448275862069,0.06517690875232775,47,715,0.8103448275862069,0.06573426573426573,51,920,0.8793103448275862,0.05543478260869565,52,1163,0.896551724137931,0.04471195184866724
i_objects,illumination,orb,1_5,5,2000,2000,53,0.32411937713623046,2,214,0.03773584905660377,0.009345794392523364,28,496,0.5283018867924528,0.056451612903225805,41,654,0.7735849056603774,0.06269113149847094,43,828,0.8113207547169812,0.051932367149758456,43,1155,0.8113207547169812,0.03722943722943723
i_objects,illumination,orb,1_6,6,2000,2000,430,0.32411937713623046,250,901,0.5813953488372093,0.27746947835738067,335,1254,0.7790697674418605,0.2671451355661882,392,1405,0.9116279069767442,0.27900355871886123,417,1535,0.9697674418604652,0.2716612377850163,419,1691,0.9744186046511628,0.24778237729154345
i_parking,illumination,sift,1_2,2,970,1001,251,0.12637147903442383,186,316,0.7410358565737052,0.5886075949367089,219,421,0.8725099601593626,0.5201900237529691,224,487,0.8924302788844621,0.459958932238193,234,648,0.9322709163346613,0.3611111111111111,240,860,0.9561752988047809,0.27906976744186046
i_parking,illumination,sift,1_3,3,970,1153,222,0.12637147903442383,167,276,0.7522522522522522,0.605072463768116,198,370,0.8918918918918919,0.5351351351351351,204,440,0.918918918918919,0.4636363636363636,211,631,0.9504504504504504,0.33438985736925514,213,879,0.9594594594594594,0.24232081911262798
i_parking,illumination,sift,1_4,4,970,1025,112,0.12637147903442383,21,68,0.1875,0.3088235294117647,75,271,0.6696428571428571,0.2767527675276753,88,407,0.7857142857142857,0.21621621621621623,95,554,0.8482142857142857,0.17148014440433212,99,773,0.8839285714285714,0.12807244501940493
i_parking,illumination,sift,1_5,5,970,1459,81,0.12637147903442383,18,58,0.2222222222222222,0.3103448275862069,62,220,0.7654320987654321,0.2818181818181818,68,341,0.8395061728395061,0.19941348973607037,70,542,0.8641975308641975,0.12915129151291513,72,788,0.8888888888888888,0.09137055837563451
i_parking,illumination,sift,1_6,6,970,916,125,0.12637147903442383,50,105,0.4,0.47619047619047616,100,260,0.8,0.38461538461538464,108,321,0.864,0.3364485981308411,111,472,0.888,0.23516949152542374,114,721,0.912,0.15811373092926492
i_parking,illumination,orb,1_2,2,1671,1640,377,0.1835035800933838,236,916,0.6259946949602122,0.2576419213973799,305,1242,0.8090185676392573,0.24557165861513688,335,1371,0.8885941644562334,0.24434719183078046,354,1478,0.9389920424403183,0.2395128552097429,367,1606,0.9734748010610079,0.22851805728518057
i_parking,illumination,orb,1_3,3,1671,1745,319,0.1835035800933838,192,861,0.6018808777429467,0.2229965156794425,260,1195,0.8150470219435737,0.2175732217573222,286,1332,0.896551724137931,0.2147147147147147,303,1443,0.9498432601880877,0.20997920997921,311,1556,0.9749216300940439,0.19987146529562982
i_parking,illumination,orb,1_4,4,1671,1583,137,0.1835035800933838,37,389,0.27007299270072993,0.09511568123393316,74,899,0.5401459854014599,0.08231368186874305,109,1118,0.7956204379562044,0.09749552772808587,120,1320,0.8759124087591241,0.09090909090909091,123,1490,0.8978102189781022,0.0825503355704698
i_parking,illumination,orb,1_5,5,1671,1853,85,0.1835035800933838,35,333,0.4117647058823529,0.10510510510510511,57,663,0.6705882352941176,0.08597285067873303,71,823,0.8352941176470589,0.08626974483596597,74,983,0.8705882352941177,0.0752797558494405,75,1193,0.8823529411764706,0.06286672254819782
i_parking,illumination,orb,1_6,6,1671,1628,149,0.1835035800933838,63,499,0.4228187919463087,0.12625250501002003,100,822,0.6711409395973155,0.12165450121654502,128,1008,0.8590604026845637,0.12698412698412698,130,1215,0.87248322147651,0.10699588477366255,136,1456,0.912751677852349,0.09340659340659341
i_partyfood,illumination,sift,1_2,2,975,909,704,0.19449067115783691,666,723,0.9460227272727273,0.921161825726141,682,748,0.96875,0.9117647058823529,685,768,0.9730113636363636,0.8919270833333334,691,829,0.9815340909090909,0.8335343787696019,692,918,0.9829545454545454,0.7538126361655774
i_partyfood,illumination,sift,1_3,3,975,802,508,0.19449067115783691,466,575,0.9173228346456693,0.8104347826086956,486,621,0.9566929133858267,0.782608695652174,488,654,0.9606299212598425,0.746177370030581,491,737,0.9665354330708661,0.666214382632293,491,876,0.9665354330708661,0.5605022831050228
i_partyfood,illumination,sift,1_4,4,975,720,397,0.19449067115783691,345,475,0.8690176322418136,0.7263157894736842,361,521,0.9093198992443325,0.6928982725527831,363,564,0.9143576826196473,0.6436170212765957,370,658,0.9319899244332494,0.5623100303951368,370,836,0.9319899244332494,0.44258373205741625
i_partyfood,illumination,sift,1_5,5,975,685,362,0.19449067115783691,291,402,0.8038674033149171,0.7238805970149254,328,489,0.9060773480662984,0.6707566462167689,331,534,0.914364640883978,0.6198501872659176,336,620,0.9281767955801105,0.5419354838709678,336,791,0.9281767955801105,0.4247787610619469
i_partyfood,illumination,sift,1_6,6,975,632,291,0.19449067115783691,240,350,0.8247422680412371,0.6857142857142857,263,413,0.9037800687285223,0.6368038740920097,265,457,0.9106529209621993,0.5798687089715536,268,548,0.9209621993127147,0.48905109489051096,268,706,0.9209621993127147,0.37960339943342775
i_partyfood,illumination,orb,1_2,2,2000,2000,1331,0.3337557792663574,1225,1751,0.9203606311044328,0.6996002284408909,1264,1877,0.9496619083395943,0.6734150239744273,1289,1922,0.9684447783621337,0.6706555671175859,1311,1962,0.9849737039819685,0.6681957186544343,1320,1989,0.9917355371900827,0.6636500754147813
i_partyfood,illumination,orb,1_3,3,2000,2000,905,0.3337557792663574,749,1533,0.8276243093922652,0.4885844748858447,826,1729,0.912707182320442,0.4777327935222672,866,1816,0.9569060773480663,0.47687224669603523,885,1893,0.9779005524861878,0.4675118858954041,893,1944,0.9867403314917127,0.4593621399176955
i_partyfood,illumination,orb,1_4,4,2000,2000,535,0.3337557792663574,344,1271,0.6429906542056075,0.27065302911093625,452,1529,0.8448598130841122,0.29561805101373445,491,1635,0.9177570093457944,0.3003058103975535,499,1757,0.9327102803738317,0.2840068298235629,510,1834,0.9532710280373832,0.2780806979280262
i_partyfood,illumination,orb,1_5,5,2000,2000,394,0.3337557792663574,227,1138,0.5761421319796954,0.19947275922671354,347,1454,0.8807106598984772,0.23865199449793673,370,1562,0.9390862944162437,0.23687580025608196,377,1685,0.9568527918781726,0.22373887240356083,383,1767,0.9720812182741116,0.21675155631013016
i_partyfood,illumination,orb,1_6,6,2000,2000,236,0.3337557792663574,120,983,0.5084745762711864,0.12207527975584945,188,1283,0.7966101694915254,0.1465315666406859,208,1421,0.8813559322033898,0.14637579169598874,212,1583,0.8983050847457628,0.13392293114339862,214,1712,0.9067796610169492,0.125
i_pencils,illumination,sift,1_2,2,3323,4439,227,1.1257616519927978,63,388,0.2775330396475771,0.16237113402061856,108,881,0.47577092511013214,0.12258796821793416,122,1266,0.5374449339207048,0.09636650868878358,144,2001,0.6343612334801763,0.07196401799100449,155,2749,0.6828193832599119,0.05638413968715897
i_pencils,illumination,sift,1_3,3,3323,4380,130,1.1257616519927978,0,77,0.0,0.0,0,302,0.0,0.0,1,584,0.007692307692307693,0.0017123287671232876,4,1193,0.03076923076923077,0.003352891869237217,43,2335,0.33076923076923076,0.01841541755888651
i_pencils,illumination,sift,1_4,4,3323,3639,250,1.1257616519927978,0,72,0.0,0.0,0,217,0.0,0.0,0,490,0.0,0.0,0,1083,0.0,0.0,92,2309,0.368,0.03984408834993504
i_pencils,illumination,sift,1_5,5,3323,5020,146,1.1257616519927978,2,120,0.0136986301369863,0.016666666666666666,43,688,0.2945205479452055,0.0625,61,1176,0.4178082191780822,0.05187074829931973,68,1895,0.4657534246575342,0.035883905013192614,78,2753,0.5342465753424658,0.028332727933163823
i_pencils,illumination,sift,1_6,6,3323,5230,150,1.1257616519927978,3,128,0.02,0.0234375,20,544,0.13333333333333333,0.03676470588235294,66,1154,0.44,0.05719237435008666,79,1921,0.5266666666666666,0.04112441436751692,95,2804,0.6333333333333333,0.033880171184022825
i_pencils,illumination,orb,1_2,2,2000,2000,120,0.32722959518432615,46,410,0.38333333333333336,0.11219512195121951,72,644,0.6,0.11180124223602485,85,853,0.7083333333333334,0.09964830011723329,94,1078,0.7833333333333333,0.08719851576994433,96,1447,0.8,0.0663441603317208
i_pencils,illumination,orb,1_3,3,2000,2000,55,0.32722959518432615,0,45,0.0,0.0,0,136,0.0,0.0,0,250,0.0,0.0,1,466,0.01818181818181818,0.002145922746781116,7,1064,0.12727272727272726,0.006578947368421052
i_pencils,illumination,orb,1_4,4,2000,2000,157,0.32722959518432615,0,52,0.0,0.0,0,156,0.0,0.0,0,271,0.0,0.0,0,474,0.0,0.0,69,1032,0.4394904458598726,0.06686046511627906
i_pencils,illumination,orb,1_5,5,2000,2000,50,0.32722959518432615,1,198,0.02,0.005050505050505051,18,480,0.36,0.0375,22,670,0.44,0.03283582089552239,24,889,0.48,0.02699662542182227,26,1184,0.52,0.02195945945945946
i_pencils,illumination,orb,1_6,6,2000,2000,67,0.32722959518432615,0,157,0.0,0.0,4,429,0.05970149253731343,0.009324009324009324,19,678,0.2835820895522388,0.028023598820058997,31,947,0.4626865671641791,0.03273495248152059,33,1255,0.4925373134328358,0.026294820717131476
i_pinard,illumination,sift,1_2,2,943,688,332,0.14926557540893554,280,354,0.8433734939759037,0.7909604519774012,301,408,0.9066265060240963,0.7377450980392157,303,450,0.9126506024096386,0.6733333333333333,310,579,0.9337349397590361,0.5354058721934369,313,737,0.9427710843373494,0.42469470827679784
i_pinard,illumination,sift,1_3,3,943,1323,300,0.14926557540893554,273,368,0.91,0.7418478260869565,287,443,0.9566666666666667,0.6478555304740407,289,496,0.9633333333333334,0.5826612903225806,290,650,0.9666666666666667,0.4461538461538462,290,815,0.9666666666666667,0.3558282208588957
i_pinard,illumination,sift,1_4,4,943,1297,357,0.14926557540893554,310,412,0.8683473389355743,0.7524271844660194,330,484,0.9243697478991597,0.6818181818181818,334,544,0.9355742296918768,0.6139705882352942,337,696,0.9439775910364145,0.48419540229885055,339,818,0.9495798319327731,0.41442542787286063
i_pinard,illumination,sift,1_5,5,943,1164,374,0.14926557540893554,335,446,0.8957219251336899,0.7511210762331838,345,512,0.9224598930481284,0.673828125,349,576,0.9331550802139037,0.6059027777777778,352,704,0.9411764705882353,0.5,354,823,0.946524064171123,0.43013365735115433
i_pinard,illumination,sift,1_6,6,943,948,327,0.14926557540893554,281,378,0.8593272171253823,0.7433862433862434,292,439,0.8929663608562691,0.6651480637813212,297,483,0.908256880733945,0.6149068322981367,301,617,0.9204892966360856,0.4878444084278768,308,782,0.9418960244648318,0.3938618925831202
i_pinard,illumination,orb,1_2,2,1967,1872,486,0.244454288482666,374,1156,0.7695473251028807,0.3235294117647059,422,1460,0.8683127572016461,0.28904109589041094,443,1640,0.911522633744856,0.2701219512195122,466,1788,0.9588477366255144,0.2606263982102908,480,1923,0.9876543209876543,0.24960998439937598
i_pinard,illumination,orb,1_3,3,1967,2000,496,0.244454288482666,441,984,0.8891129032258065,0.4481707317073171,462,1104,0.9314516129032258,0.41847826086956524,468,1187,0.9435483870967742,0.3942712721145746,477,1308,0.9616935483870968,0.3646788990825688,481,1484,0.969758064516129,0.32412398921832886
i_pinard,illumination,orb,1_4,4,1967,2000,505,0.244454288482666,450,1027,0.8910891089108911,0.43816942551119764,469,1162,0.9287128712871288,0.4036144578313253,480,1247,0.9504950495049505,0.38492381716118684,489,1379,0.9683168316831683,0.3546047860768673,490,1557,0.9702970297029703,0.3147077713551702
i_pinard,illumination,orb,1_5,5,1967,2000,523,0.244454288482666,461,1122,0.8814531548757171,0.410873440285205,479,1246,0.9158699808795411,0.38443017656500805,489,1359,0.9349904397705545,0.3598233995584989,494,1488,0.9445506692160612,0.33198924731182794,503,1665,0.9617590822179732,0.3021021021021021
i_pinard,illumination,orb,1_6,6,1967,1999,521,0.244454288482666,449,1234,0.8618042226487524,0.36385737439222043,467,1434,0.8963531669865643,0.32566248256624825,480,1561,0.9213051823416507,0.3074951953875721,489,1682,0.9385796545105566,0.2907253269916766,501,1786,0.9616122840690979,0.280515117581187
i_pool,illumination,sift,1_2,2,1667,259,37,0.15955986976623535,5,32,0.13513513513513514,0.15625,6,60,0.16216216216216217,0.1,6,77,0.16216216216216217,0.07792207792207792,6,130,0.16216216216216217,0.046153846153846156,6,278,0.16216216216216217,0.02158273381294964
i_pool,illumination,sift,1_3,3,1667,183,15,0.15955986976623535,1,22,0.06666666666666667,0.045454545454545456,1,32,0.06666666666666667,0.03125,1,45,0.06666666666666667,0.022222222222222223,1,82,0.06666666666666667,0.012195121951219513,1,159,0.06666666666666667,0.006289308176100629
i_pool,illumination,sift,1_4,4,1667,234,25,0.15955986976623535,1,24,0.04,0.041666666666666664,1,32,0.04,0.03125,1,48,0.04,0.020833333333333332,1,81,0.04,0.012345679012345678,1,181,0.04,0.0055248618784530384
i_pool,illumination,sift,1_5,5,1667,220,44,0.15955986976623535,3,24,0.06818181818181818,0.125,3,37,0.06818181818181818,0.08108108108108109,7,51,0.1590909090909091,0.13725490196078433,7,89,0.1590909090909091,0.07865168539325842,7,206,0.1590909090909091,0.03398058252427184
i_pool,illumination,sift,1_6,6,1667,199,17,0.15955986976623535,1,27,0.058823529411764705,0.037037037037037035,4,40,0.23529411764705882,0.1,4,57,0.23529411764705882,0.07017543859649122,4,85,0.23529411764705882,0.047058823529411764,4,173,0.23529411764705882,0.023121387283236993
i_pool,illumination,orb,1_2,2,1995,1167,18,0.2420630931854248,3,226,0.16666666666666666,0.01327433628318584,3,374,0.16666666666666666,0.008021390374331552,3,470,0.16666666666666666,0.006382978723404255,3,622,0.16666666666666666,0.00482315112540193,3,910,0.16666666666666666,0.0032967032967032967
i_pool,illumination,orb,1_3,3,1995,988,20,0.2420630931854248,0,128,0.0,0.0,0,198,0.0,0.0,0,259,0.0,0.0,0,328,0.0,0.0,1,479,0.05,0.0020876826722338203
i_pool,illumination,orb,1_4,4,1995,1149,13,0.2420630931854248,0,137,0.0,0.0,0,221,0.0,0.0,0,280,0.0,0.0,0,353,0.0,0.0,0,523,0.0,0.0
i_pool,illumination,orb,1_5,5,1995,1104,12,0.2420630931854248,0,169,0.0,0.0,0,284,0.0,0.0,0,375,0.0,0.0,1,485,0.08333333333333333,0.002061855670103093,1,791,0.08333333333333333,0.0012642225031605564
i_pool,illumination,orb,1_6,6,1995,1023,15,0.2420630931854248,0,165,0.0,0.0,0,274,0.0,0.0,1,341,0.06666666666666667,0.002932551319648094,1,452,0.06666666666666667,0.0022123893805309734,2,656,0.13333333333333333,0.003048780487804878
i_porta,illumination,sift,1_2,2,1225,1162,281,0.19077577590942382,190,302,0.6761565836298933,0.6291390728476821,224,451,0.797153024911032,0.49667405764966743,232,570,0.8256227758007118,0.4070175438596491,237,874,0.8434163701067615,0.2711670480549199,247,1127,0.8790035587188612,0.2191659272404614
i_porta,illumination,sift,1_3,3,1225,1238,298,0.19077577590942382,193,315,0.6476510067114094,0.6126984126984127,231,483,0.7751677852348994,0.4782608695652174,241,646,0.8087248322147651,0.37306501547987614,248,925,0.8322147651006712,0.2681081081081081,250,1134,0.8389261744966443,0.2204585537918871
i_porta,illumination,sift,1_4,4,1225,1169,196,0.19077577590942382,116,240,0.5918367346938775,0.48333333333333334,143,371,0.7295918367346939,0.38544474393531,147,503,0.75,0.2922465208747515,156,797,0.7959183673469388,0.19573400250941028,167,1079,0.8520408163265306,0.15477293790546803
i_porta,illumination,sift,1_5,5,1225,738,124,0.19077577590942382,64,152,0.5161290322580645,0.42105263157894735,84,235,0.6774193548387096,0.3574468085106383,91,319,0.7338709677419355,0.2852664576802508,91,504,0.7338709677419355,0.18055555555555555,91,775,0.7338709677419355,0.11741935483870967
i_porta,illumination,sift,1_6,6,1225,2411,113,0.19077577590942382,75,203,0.6637168141592921,0.3694581280788177,87,319,0.7699115044247787,0.2727272727272727,89,465,0.7876106194690266,0.1913978494623656,89,683,0.7876106194690266,0.13030746705710103,90,929,0.7964601769911505,0.0968783638320775
i_porta,illumination,orb,1_2,2,1697,1713,884,0.21429543495178222,653,1058,0.7386877828054299,0.6172022684310019,791,1342,0.8947963800904978,0.589418777943368,855,1471,0.9671945701357466,0.5812372535690007,870,1572,0.9841628959276018,0.5534351145038168,873,1630,0.9875565610859729,0.5355828220858896
i_porta,illumination,orb,1_3,3,1697,1701,905,0.21429543495178222,673,1076,0.7436464088397791,0.6254646840148699,797,1323,0.8806629834254144,0.6024187452758881,870,1461,0.9613259668508287,0.5954825462012321,891,1544,0.9845303867403314,0.5770725388601037,894,1609,0.9878453038674033,0.5556246115599751
i_porta,illumination,orb,1_4,4,1697,1803,427,0.21429543495178222,250,947,0.585480093676815,0.26399155227032733,360,1282,0.8430913348946136,0.28081123244929795,397,1415,0.9297423887587822,0.280565371024735,411,1523,0.9625292740046838,0.26986211424819434,418,1612,0.9789227166276346,0.25930521091811415
i_porta,illumination,orb,1_5,5,1697,1786,322,0.21429543495178222,161,814,0.5,0.1977886977886978,258,1149,0.8012422360248447,0.2245430809399478,301,1287,0.9347826086956522,0.2338772338772339,310,1378,0.9627329192546584,0.22496371552975328,316,1482,0.9813664596273292,0.21322537112010798
i_porta,illumination,orb,1_6,6,1697,1829,352,0.21429543495178222,207,689,0.5880681818181818,0.30043541364296084,297,1002,0.84375,0.2964071856287425,336,1130,0.9545454545454546,0.2973451327433628,343,1306,0.9744318181818182,0.26263399693721284,345,1456,0.9801136363636364,0.23695054945054944
i_resort,illumination,sift,1_2,2,3539,5488,775,0.9244736671447754,638,1329,0.8232258064516129,0.4800601956358164,707,1646,0.912258064516129,0.42952612393681655,717,1883,0.9251612903225807,0.38077535847052574,727,2621,0.9380645161290323,0.2773750476917207,736,3349,0.9496774193548387,0.21976709465512093
i_resort,illumination,sift,1_3,3,3539,4041,1740,0.9244736671447754,1607,1969,0.9235632183908046,0.8161503301168106,1671,2132,0.9603448275862069,0.7837711069418386,1676,2294,0.9632183908045977,0.7306015693112468,1682,2826,0.9666666666666667,0.5951875442321303,1686,3388,0.9689655172413794,0.49763872491145217
i_resort,illumination,sift,1_4,4,3539,3491,1457,0.9244736671447754,1351,1767,0.9272477693891558,0.7645727221279004,1394,1920,0.9567604667124228,0.7260416666666667,1405,2111,0.9643102264927934,0.6655613453339649,1409,2644,0.9670555936856554,0.5329046898638427,1412,3259,0.9691146190803019,0.433261736729058
i_resort,illumination,sift,1_5,5,3539,4491,571,0.9244736671447754,425,979,0.7443082311733801,0.4341164453524004,505,1303,0.8844133099824869,0.38756715272448194,524,1564,0.9176882661996497,0.3350383631713555,537,2327,0.9404553415061296,0.23076923076923078,540,3208,0.9457092819614711,0.16832917705735662
i_resort,illumination,sift,1_6,6,3539,3508,973,0.9244736671447754,173,350,0.1778006166495375,0.4942857142857143,753,1281,0.7738951695786228,0.5878220140515222,895,1737,0.9198355601233299,0.5152561888313184,913,2321,0.9383350462487153,0.3933649289099526,924,3086,0.9496402877697842,0.29941672067401165
i_resort,illumination,orb,1_2,2,2000,2000,504,0.3377669334411621,392,1058,0.7777777777777778,0.3705103969754253,452,1375,0.8968253968253969,0.3287272727272727,482,1559,0.9563492063492064,0.30917254650416937,496,1735,0.9841269841269841,0.2858789625360231,500,1864,0.9920634920634921,0.26824034334763946
i_resort,illumination,orb,1_3,3,2000,2000,1317,0.3377669334411621,1168,1546,0.8868640850417616,0.7554980595084088,1266,1716,0.9612756264236902,0.7377622377622378,1297,1808,0.9848139711465452,0.7173672566371682,1311,1880,0.9954441913439636,0.6973404255319149,1314,1936,0.9977220956719818,0.6787190082644629
i_resort,illumination,orb,1_4,4,2000,2000,1202,0.3377669334411621,1109,1519,0.9226289517470881,0.7300855826201448,1165,1680,0.9692179700499168,0.6934523809523809,1191,1735,0.9908485856905158,0.6864553314121038,1197,1814,0.9958402662229617,0.6598676957001103,1200,1908,0.9983361064891847,0.6289308176100629
i_resort,illumination,orb,1_5,5,2000,2000,441,0.3377669334411621,277,956,0.6281179138321995,0.2897489539748954,378,1332,0.8571428571428571,0.28378378378378377,422,1500,0.9569160997732427,0.2813333333333333,433,1649,0.981859410430839,0.26258338386901153,437,1780,0.9909297052154195,0.2455056179775281
i_resort,illumination,orb,1_6,6,2000,2000,654,0.3377669334411621,146,622,0.22324159021406728,0.2347266881028939,365,1233,0.5581039755351682,0.2960259529602595,580,1483,0.8868501529051988,0.39109912339851655,637,1639,0.9740061162079511,0.3886516168395363,650,1776,0.9938837920489296,0.36599099099099097
i_salon,illumination,sift,1_2,2,5083,4587,1938,1.1753955841064454,1552,2670,0.8008255933952528,0.5812734082397004,1681,3021,0.8673890608875129,0.5564382654750083,1729,3347,0.8921568627450981,0.516582013743651,1752,4260,0.9040247678018576,0.4112676056338028,1771,4925,0.913828689370485,0.3595939086294416
i_salon,illumination,sift,1_3,3,5083,3734,607,1.1753955841064454,414,1460,0.6820428336079077,0.28356164383561644,450,1869,0.7413509060955519,0.24077046548956663,468,2280,0.771004942339374,0.20526315789473684,476,3160,0.7841845140032949,0.15063291139240506,488,4218,0.8039538714991763,0.11569464201043149
i_salon,illumination,sift,1_4,4,5083,2715,178,1.1753955841064454,100,797,0.5617977528089888,0.12547051442910917,111,1112,0.6235955056179775,0.09982014388489209,114,1446,0.6404494382022472,0.07883817427385892,117,2213,0.6573033707865169,0.05286940804338003,120,3470,0.6741573033707865,0.0345821325648415
i_salon,illumination,sift,1_5,5,5083,5046,1092,1.1753955841064454,818,2077,0.7490842490842491,0.3938372652864709,904,2678,0.8278388278388278,0.33756534727408516,924,3226,0.8461538461538461,0.2864228146311221,937,4077,0.858058608058608,0.22982585234240863,949,4709,0.8690476190476191,0.20152898704608196
i_salon,illumination,sift,1_6,6,5083,4407,507,1.1753955841064454,298,1287,0.5877712031558185,0.23154623154623155,350,1879,0.6903353057199211,0.18626929217668972,361,2563,0.7120315581854043,0.1408505657432696,370,3555,0.7297830374753451,0.10407876230661041,379,4391,0.747534516765286,0.086312912776133
i_salon,illumination,orb,1_2,2,2000,2000,934,0.3123504161834717,732,1411,0.7837259100642399,0.518781006378455,815,1621,0.8725910064239829,0.5027760641579272,860,1757,0.9207708779443254,0.48947068867387594,883,1853,0.9453961456102784,0.47652455477603883,889,1905,0.9518201284796574,0.4666666666666667
i_salon,illumination,orb,1_3,3,2000,2000,224,0.3123504161834717,140,980,0.625,0.14285714285714285,173,1188,0.7723214285714286,0.14562289562289563,185,1304,0.8258928571428571,0.1418711656441718,194,1429,0.8660714285714286,0.1357592722183345,196,1625,0.875,0.12061538461538461
i_salon,illumination,orb,1_4,4,2000,2000,66,0.3123504161834717,34,570,0.5151515151515151,0.05964912280701754,44,786,0.6666666666666666,0.05597964376590331,48,907,0.7272727272727273,0.05292171995589857,49,1077,0.7424242424242424,0.04549675023212628,49,1355,0.7424242424242424,0.03616236162361624
i_salon,illumination,orb,1_5,5,2000,2000,426,0.3123504161834717,323,1168,0.7582159624413145,0.276541095890411,356,1434,0.8356807511737089,0.2482566248256625,379,1566,0.8896713615023474,0.24201787994891444,388,1686,0.9107981220657277,0.23013048635824437,401,1817,0.9413145539906104,0.22069345074298294
i_salon,illumination,orb,1_6,6,2000,2000,178,0.3123504161834717,107,828,0.601123595505618,0.1292270531400966,126,1088,0.7078651685393258,0.11580882352941177,136,1272,0.7640449438202247,0.1069182389937107,146,1444,0.8202247191011236,0.10110803324099724,151,1659,0.848314606741573,0.09101868595539482
i_santuario,illumination,sift,1_2,2,4378,4331,820,1.1542709827423097,5,121,0.006097560975609756,0.04132231404958678,118,781,0.14390243902439023,0.15108834827144688,637,2126,0.776829268292683,0.299623706491063,722,3072,0.8804878048780488,0.23502604166666666,738,4021,0.9,0.1835364337229545
i_santuario,illumination,sift,1_3,3,4378,4420,794,1.1542709827423097,2,133,0.0025188916876574307,0.015037593984962405,31,662,0.03904282115869018,0.04682779456193353,497,1977,0.6259445843828715,0.25139099645928176,680,3057,0.8564231738035264,0.22244030094864245,693,4021,0.8727959697732998,0.17234518776423774
i_santuario,illumination,sift,1_4,4,4378,3778,511,1.1542709827423097,0,143,0.0,0.0,5,490,0.009784735812133072,0.01020408163265306,135,1271,0.26418786692759294,0.10621557828481511,406,2583,0.7945205479452054,0.15718157181571815,422,3618,0.8258317025440313,0.11663902708678828
i_santuario,illumination,sift,1_5,5,4378,4633,652,1.1542709827423097,407,1109,0.6242331288343558,0.36699729486023447,505,1665,0.7745398773006135,0.3033033033033033,515,2122,0.7898773006134969,0.24269557021677662,522,2990,0.8006134969325154,0.1745819397993311,534,3993,0.8190184049079755,0.13373403456048083
i_santuario,illumination,sift,1_6,6,4378,3301,410,1.1542709827423097,16,143,0.03902439024390244,0.11188811188811189,229,957,0.5585365853658537,0.2392894461859979,287,1461,0.7,0.19644079397672826,301,2199,0.7341463414634146,0.13688040018190087,316,3298,0.7707317073170732,0.09581564584596726
i_santuario,illumination,orb,1_2,2,2000,2000,261,0.317381477355957,9,284,0.034482758620689655,0.03169014084507042,65,743,0.24904214559386972,0.08748317631224764,196,1093,0.7509578544061303,0.17932296431838976,245,1262,0.9386973180076629,0.19413629160063392,249,1417,0.9540229885057471,0.17572335920959775
i_santuario,illumination,orb,1_3,3,2000,2000,264,0.317381477355957,9,260,0.03409090909090909,0.03461538461538462,34,696,0.12878787878787878,0.04885057471264368,177,1093,0.6704545454545454,0.16193961573650503,243,1332,0.9204545454545454,0.18243243243243243,251,1503,0.9507575757575758,0.16699933466400532
i_santuario,illumination,orb,1_4,4,2000,2000,112,0.317381477355957,3,117,0.026785714285714284,0.02564102564102564,6,335,0.05357142857142857,0.01791044776119403,48,573,0.42857142857142855,0.08376963350785341,97,837,0.8660714285714286,0.11589008363201912,100,1130,0.8928571428571429,0.08849557522123894
i_santuario,illumination,orb,1_5,5,2000,2000,153,0.317381477355957,84,622,0.5490196078431373,0.13504823151125403,117,878,0.7647058823529411,0.13325740318906606,131,1038,0.8562091503267973,0.12620423892100194,136,1215,0.8888888888888888,0.11193415637860082,142,1484,0.9281045751633987,0.09568733153638814
i_santuario,illumination,orb,1_6,6,2000,2000,59,0.317381477355957,5,198,0.0847457627118644,0.025252525252525252,37,426,0.6271186440677966,0.08685446009389672,49,543,0.8305084745762712,0.09023941068139964,49,671,0.8305084745762712,0.07302533532041729,50,896,0.847457627118644,0.05580357142857143
i_school,illumination,sift,1_2,2,1197,2100,480,0.25165691375732424,412,662,0.8583333333333333,0.622356495468278,453,786,0.94375,0.5763358778625954,458,870,0.9541666666666667,0.5264367816091954,460,1058,0.9583333333333334,0.43478260869565216,463,1177,0.9645833333333333,0.3933729821580289
i_school,illumination,sift,1_3,3,1197,1705,476,0.25165691375732424,414,649,0.8697478991596639,0.637904468412943,447,767,0.9390756302521008,0.5827900912646675,455,843,0.9558823529411765,0.5397390272835113,458,1014,0.9621848739495799,0.4516765285996055,461,1160,0.9684873949579832,0.39741379310344827
i_school,illumination,sift,1_4,4,1197,1636,185,0.25165691375732424,100,246,0.5405405405405406,0.4065040650406504,154,454,0.8324324324324325,0.3392070484581498,160,552,0.8648648648648649,0.2898550724637681,164,792,0.8864864864864865,0.20707070707070707,165,1006,0.8918918918918919,0.16401590457256462
i_school,illumination,sift,1_5,5,1197,2157,353,0.25165691375732424,180,327,0.509915014164306,0.5504587155963303,314,674,0.8895184135977338,0.4658753709198813,321,777,0.9093484419263456,0.41312741312741313,324,990,0.9178470254957507,0.32727272727272727,328,1144,0.9291784702549575,0.2867132867132867
i_school,illumination,sift,1_6,6,1197,1202,214,0.25165691375732424,6,34,0.028037383177570093,0.17647058823529413,125,340,0.5841121495327103,0.36764705882352944,162,516,0.7570093457943925,0.313953488372093,166,709,0.7757009345794392,0.23413258110014104,167,987,0.780373831775701,0.1691995947315096
i_school,illumination,orb,1_2,2,1740,1898,596,0.23887872695922852,464,1216,0.7785234899328859,0.3815789473684211,541,1416,0.9077181208053692,0.3820621468926554,577,1515,0.9681208053691275,0.3808580858085809,588,1610,0.9865771812080537,0.3652173913043478,590,1693,0.9899328859060402,0.34849379799173064
i_school,illumination,orb,1_3,3,1740,1895,607,0.23887872695922852,479,1191,0.7891268533772653,0.40218303946263645,558,1423,0.9192751235584844,0.3921293042867182,588,1519,0.9686985172981878,0.3870967741935484,598,1621,0.985172981878089,0.3689080814312153,602,1703,0.9917627677100495,0.3534938344098649
i_school,illumination,orb,1_4,4,1740,1810,109,0.23887872695922852,43,616,0.3944954128440367,0.0698051948051948,74,927,0.6788990825688074,0.07982740021574973,92,1116,0.8440366972477065,0.08243727598566308,100,1250,0.9174311926605505,0.08,100,1406,0.9174311926605505,0.07112375533428165
i_school,illumination,orb,1_5,5,1740,1893,285,0.23887872695922852,134,881,0.47017543859649125,0.15209988649262202,239,1266,0.8385964912280702,0.18878357030015797,271,1430,0.9508771929824561,0.18951048951048952,282,1534,0.9894736842105263,0.18383311603650587,282,1627,0.9894736842105263,0.17332513829133375
i_school,illumination,orb,1_6,6,1740,1768,126,0.23887872695922852,13,347,0.10317460317460317,0.037463976945244955,63,800,0.5,0.07875,103,1008,0.8174603174603174,0.10218253968253968,113,1199,0.8968253968253969,0.09424520433694746,116,1391,0.9206349206349206,0.08339324227174695
i_ski,illumination,sift,1_2,2,2343,2250,769,0.4545727252960205,679,1002,0.88296488946684,0.6776447105788423,726,1165,0.9440832249674902,0.623175965665236,737,1300,0.9583875162548765,0.566923076923077,741,1757,0.9635890767230169,0.4217416050085373,748,2258,0.9726918075422627,0.3312666076173605
i_ski,illumination,sift,1_3,3,2343,2106,477,0.4545727252960205,384,684,0.8050314465408805,0.5614035087719298,440,906,0.9224318658280922,0.4856512141280353,447,1099,0.9371069182389937,0.4067333939945405,455,1601,0.9538784067085954,0.28419737663960026,462,2200,0.9685534591194969,0.21
i_ski,illumination,sift,1_4,4,2343,2081,349,0.4545727252960205,236,519,0.6762177650429799,0.45472061657032753,312,851,0.8939828080229226,0.36662749706227965,317,1063,0.9083094555873925,0.2982126058325494,327,1552,0.9369627507163324,0.2106958762886598,331,2180,0.9484240687679083,0.1518348623853211
i_ski,illumination,sift,1_5,5,2343,2028,249,0.4545727252960205,165,426,0.6626506024096386,0.3873239436619718,220,713,0.8835341365461847,0.3085553997194951,225,945,0.9036144578313253,0.23809523809523808,229,1466,0.9196787148594378,0.15620736698499318,235,2144,0.9437751004016064,0.10960820895522388
i_ski,illumination,sift,1_6,6,2343,1810,182,0.4545727252960205,112,372,0.6153846153846154,0.3010752688172043,153,622,0.8406593406593407,0.2459807073954984,159,862,0.8736263736263736,0.18445475638051045,162,1331,0.8901098901098901,0.1217129977460556,167,2003,0.9175824175824175,0.08337493759360959
i_ski,illumination,orb,1_2,2,2000,2000,746,0.2618373394012451,519,1165,0.6957104557640751,0.4454935622317597,613,1553,0.82171581769437,0.3947198969735995,694,1746,0.9302949061662198,0.3974799541809851,733,1879,0.982573726541555,0.39010111761575306,744,1962,0.9973190348525469,0.37920489296636084
i_ski,illumination,orb,1_3,3,2000,2000,389,0.2618373394012451,216,901,0.5552699228791774,0.2397336293007769,293,1319,0.7532133676092545,0.2221379833206975,342,1576,0.8791773778920309,0.217005076142132,371,1800,0.9537275064267352,0.2061111111111111,384,1912,0.987146529562982,0.200836820083682
i_ski,illumination,orb,1_4,4,2000,2000,207,0.2618373394012451,79,712,0.38164251207729466,0.11095505617977527,127,1177,0.6135265700483091,0.10790144435004248,165,1464,0.7971014492753623,0.11270491803278689,184,1703,0.8888888888888888,0.1080446271285966,201,1870,0.9710144927536232,0.10748663101604278
i_ski,illumination,orb,1_5,5,2000,2000,128,0.2618373394012451,50,626,0.390625,0.07987220447284345,63,1086,0.4921875,0.058011049723756904,92,1340,0.71875,0.06865671641791045,107,1590,0.8359375,0.06729559748427673,120,1828,0.9375,0.06564551422319474
i_ski,illumination,orb,1_6,6,2000,2000,54,0.2618373394012451,14,530,0.25925925925925924,0.026415094339622643,23,958,0.42592592592592593,0.024008350730688934,29,1209,0.5370370370370371,0.023986765922249794,40,1491,0.7407407407407407,0.02682763246143528,46,1777,0.8518518518518519,0.025886325267304444
i_smurf,illumination,sift,1_2,2,2193,2833,778,0.4626321315765381,679,1086,0.8727506426735219,0.6252302025782689,733,1251,0.9421593830334191,0.5859312549960032,748,1377,0.961439588688946,0.5432098765432098,755,1671,0.9704370179948586,0.45182525433871934,761,2003,0.9781491002570694,0.37993010484273587
i_smurf,illumination,sift,1_3,3,2193,2904,741,0.4626321315765381,643,1055,0.8677462887989204,0.609478672985782,696,1246,0.9392712550607287,0.5585874799357945,707,1393,0.9541160593792173,0.507537688442211,715,1719,0.9649122807017544,0.41593949970913324,723,2030,0.9757085020242915,0.3561576354679803
i_smurf,illumination,sift,1_4,4,2193,2948,635,0.4626321315765381,540,988,0.8503937007874016,0.5465587044534413,586,1191,0.9228346456692913,0.4920235096557515,599,1339,0.9433070866141732,0.44734876773711724,604,1663,0.9511811023622048,0.36319903788334335,611,2008,0.9622047244094488,0.3042828685258964
i_smurf,illumination,sift,1_5,5,2193,2889,559,0.4626321315765381,471,900,0.8425760286225402,0.5233333333333333,518,1124,0.9266547406082289,0.4608540925266904,529,1269,0.9463327370304114,0.4168636721828211,533,1572,0.9534883720930233,0.339058524173028,544,1948,0.9731663685152058,0.2792607802874743
i_smurf,illumination,sift,1_6,6,2193,2519,474,0.4626321315765381,390,683,0.8227848101265823,0.5710102489019033,424,900,0.8945147679324894,0.4711111111111111,439,1063,0.9261603375527426,0.4129821260583255,449,1374,0.9472573839662447,0.326783114992722,454,1831,0.9578059071729957,0.24795193883123975
i_smurf,illumination,orb,1_2,2,2000,2000,680,0.3002443790435791,549,1147,0.8073529411764706,0.47863993025283347,602,1356,0.8852941176470588,0.443952802359882,635,1473,0.9338235294117647,0.43109300746775286,658,1618,0.9676470588235294,0.40667490729295425,668,1788,0.9823529411764705,0.37360178970917224
i_smurf,illumination,orb,1_3,3,2000,2000,510,0.3002443790435791,409,1088,0.8019607843137255,0.3759191176470588,459,1291,0.9,0.3555383423702556,485,1409,0.9509803921568627,0.34421575585521647,499,1536,0.9784313725490196,0.3248697916666667,505,1697,0.9901960784313726,0.2975839717147908
i_smurf,illumination,orb,1_4,4,2000,2000,494,0.3002443790435791,382,1041,0.7732793522267206,0.366954851104707,434,1253,0.8785425101214575,0.3463687150837989,463,1379,0.937246963562753,0.3357505438723713,478,1516,0.9676113360323887,0.3153034300791557,487,1697,0.9858299595141701,0.2869770182675309
i_smurf,illumination,orb,1_5,5,2000,2000,444,0.3002443790435791,334,988,0.7522522522522522,0.33805668016194335,382,1231,0.8603603603603603,0.3103168155970755,406,1380,0.9144144144144144,0.2942028985507246,422,1521,0.9504504504504504,0.2774490466798159,434,1677,0.9774774774774775,0.2587954680977937
i_smurf,illumination,orb,1_6,6,2000,2000,237,0.3002443790435791,162,767,0.6835443037974683,0.21121251629726207,191,1004,0.8059071729957806,0.1902390438247012,210,1169,0.8860759493670886,0.17964071856287425,223,1368,0.9409282700421941,0.16301169590643275,229,1603,0.9662447257383966,0.14285714285714285
i_steps,illumination,sift,1_2,2,1610,988,462,0.3184046268463135,304,419,0.658008658008658,0.7255369928400954,362,547,0.7835497835497836,0.6617915904936015,374,646,0.8095238095238095,0.5789473684210527,390,877,0.8441558441558441,0.44469783352337516,397,1133,0.8593073593073594,0.3503971756398941
i_steps,illumination,sift,1_3,3,1610,1503,627,0.3184046268463135,335,473,0.5342902711323764,0.7082452431289641,555,832,0.8851674641148325,0.6670673076923077,568,936,0.9059011164274322,0.6068376068376068,578,1169,0.9218500797448166,0.49443969204448246,588,1437,0.937799043062201,0.4091858037578288
i_steps,illumination,sift,1_4,4,1610,3386,613,0.3184046268463135,360,554,0.5872756933115824,0.6498194945848376,556,909,0.9070146818923328,0.6116611661166117,572,1039,0.933115823817292,0.5505293551491819,578,1321,0.9429037520391517,0.4375473126419379,584,1551,0.9526916802610114,0.3765312701482914
i_steps,illumination,sift,1_5,5,1610,3314,142,0.3184046268463135,62,225,0.43661971830985913,0.27555555555555555,118,509,0.8309859154929577,0.2318271119842829,121,628,0.852112676056338,0.1926751592356688,121,897,0.852112676056338,0.13489409141583056,122,1212,0.8591549295774648,0.10066006600660066
i_steps,illumination,sift,1_6,6,1610,3649,324,0.3184046268463135,120,290,0.37037037037037035,0.41379310344827586,274,732,0.845679012345679,0.3743169398907104,281,889,0.8672839506172839,0.3160854893138358,285,1173,0.8796296296296297,0.24296675191815856,291,1455,0.8981481481481481,0.2
i_steps,illumination,orb,1_2,2,1992,1946,906,0.31136465072631836,603,1218,0.6655629139072847,0.49507389162561577,787,1628,0.8686534216335541,0.4834152334152334,862,1799,0.9514348785871964,0.47915508615897723,888,1906,0.9801324503311258,0.46589716684155297,899,1971,0.9922737306843267,0.4561136478944698
i_steps,illumination,orb,1_3,3,1992,1994,825,0.31136465072631836,383,1088,0.46424242424242423,0.35202205882352944,640,1571,0.7757575757575758,0.40738383195416933,766,1708,0.9284848484848485,0.4484777517564403,804,1823,0.9745454545454545,0.4410312671420735,812,1905,0.9842424242424243,0.426246719160105
i_steps,illumination,orb,1_4,4,1992,2000,701,0.31136465072631836,310,1033,0.442225392296719,0.30009680542110356,537,1513,0.7660485021398002,0.3549239920687376,658,1714,0.9386590584878745,0.3838973162193699,684,1875,0.9757489300998573,0.3648,694,1950,0.9900142653352354,0.3558974358974359
i_steps,illumination,orb,1_5,5,1992,2000,71,0.31136465072631836,16,164,0.22535211267605634,0.0975609756097561,23,306,0.323943661971831,0.07516339869281045,34,424,0.4788732394366197,0.08018867924528301,40,617,0.5633802816901409,0.06482982171799027,47,929,0.6619718309859155,0.05059203444564048
i_steps,illumination,orb,1_6,6,1992,2000,237,0.31136465072631836,63,475,0.26582278481012656,0.13263157894736843,128,849,0.540084388185654,0.15076560659599528,189,1103,0.7974683544303798,0.17135086128739802,214,1391,0.9029535864978903,0.15384615384615385,228,1654,0.9620253164556962,0.13784764207980654
i_table,illumination,sift,1_2,2,7466,7621,1333,2.693906831741333,94,462,0.07051762940735183,0.20346320346320346,1011,2860,0.7584396099024756,0.3534965034965035,1161,4069,0.8709677419354839,0.28532809043991153,1195,5708,0.8964741185296324,0.2093552908199019,1231,7092,0.9234808702175544,0.17357586012408346
i_table,illumination,sift,1_3,3,7466,7657,983,2.693906831741333,49,393,0.04984740590030519,0.12468193384223919,816,2776,0.8301119023397762,0.29394812680115273,863,3859,0.8779247202441506,0.22363306556102616,883,5551,0.8982706002034588,0.15907043775896235,897,7026,0.9125127161749745,0.12766865926558496
i_table,illumination,sift,1_4,4,7466,7404,505,2.693906831741333,11,372,0.02178217821782178,0.02956989247311828,405,2285,0.801980198019802,0.1772428884026258,417,3433,0.8257425742574257,0.12146810369938829,422,5101,0.8356435643564356,0.08272887669084493,434,6840,0.8594059405940594,0.06345029239766081
i_table,illumination,sift,1_5,5,7466,7133,597,2.693906831741333,13,376,0.021775544388609715,0.034574468085106384,494,2264,0.8274706867671692,0.21819787985865724,502,3275,0.8408710217755444,0.1532824427480916,510,5019,0.8542713567839196,0.10161386730424388,521,6808,0.8726968174204355,0.07652761457109283
i_table,illumination,sift,1_6,6,7466,7902,2439,2.693906831741333,2018,3201,0.8273882738827388,0.6304279912527335,2239,4063,0.9179991799917999,0.551070637460005,2303,4700,0.9442394423944239,0.49,2337,6088,0.958179581795818,0.3838699080157687,2364,7252,0.9692496924969249,0.32597904026475455
i_table,illumination,orb,1_2,2,2000,2000,238,0.25954742431640626,39,381,0.1638655462184874,0.10236220472440945,142,843,0.5966386554621849,0.16844602609727166,198,1111,0.8319327731092437,0.1782178217821782,220,1302,0.9243697478991597,0.16897081413210446,226,1557,0.9495798319327731,0.14515093127809892
i_table,illumination,orb,1_3,3,2000,2000,84,0.25954742431640626,11,302,0.13095238095238096,0.03642384105960265,45,705,0.5357142857142857,0.06382978723404255,63,917,0.75,0.06870229007633588,70,1148,0.8333333333333334,0.06097560975609756,71,1422,0.8452380952380952,0.04992967651195499
i_table,illumination,orb,1_4,4,2000,2000,58,0.25954742431640626,5,217,0.08620689655172414,0.02304147465437788,35,537,0.603448275862069,0.06517690875232775,47,715,0.8103448275862069,0.06573426573426573,51,920,0.8793103448275862,0.05543478260869565,52,1163,0.896551724137931,0.04471195184866724
i_table,illumination,orb,1_5,5,2000,2000,53,0.25954742431640626,2,214,0.03773584905660377,0.009345794392523364,28,496,0.5283018867924528,0.056451612903225805,41,654,0.7735849056603774,0.06269113149847094,43,828,0.8113207547169812,0.051932367149758456,43,1155,0.8113207547169812,0.03722943722943723
i_table,illumination,orb,1_6,6,2000,2000,430,0.25954742431640626,250,901,0.5813953488372093,0.27746947835738067,335,1254,0.7790697674418605,0.2671451355661882,392,1405,0.9116279069767442,0.27900355871886123,417,1535,0.9697674418604652,0.2716612377850163,419,1691,0.9744186046511628,0.24778237729154345
i_tools,illumination,sift,1_2,2,2780,2267,173,0.4905086040496826,1,62,0.005780346820809248,0.016129032258064516,5,293,0.028901734104046242,0.017064846416382253,48,744,0.2774566473988439,0.06451612903225806,58,1373,0.3352601156069364,0.04224326292789512,58,2216,0.3352601156069364,0.026173285198555957
i_tools,illumination,sift,1_3,3,2780,1454,277,0.4905086040496826,0,56,0.0,0.0,11,257,0.039711191335740074,0.042801556420233464,88,648,0.3176895306859206,0.13580246913580246,126,1198,0.4548736462093863,0.10517529215358931,133,1936,0.48014440433212996,0.06869834710743801
i_tools,illumination,sift,1_4,4,2780,2254,244,0.4905086040496826,0,78,0.0,0.0,1,285,0.004098360655737705,0.0035087719298245615,50,697,0.20491803278688525,0.07173601147776183,99,1493,0.4057377049180328,0.06630944407233758,103,2344,0.42213114754098363,0.0439419795221843
i_tools,illumination,sift,1_5,5,2780,2261,561,0.4905086040496826,1,102,0.0017825311942959,0.00980392156862745,6,310,0.0106951871657754,0.01935483870967742,151,876,0.26916221033868093,0.1723744292237443,417,1655,0.7433155080213903,0.25196374622356493,425,2420,0.7575757575757576,0.1756198347107438
i_tools,illumination,sift,1_6,6,2780,2367,191,0.4905086040496826,0,79,0.0,0.0,0,297,0.0,0.0,0,674,0.0,0.0,70,1497,0.36649214659685864,0.04676018704074816,81,2334,0.42408376963350786,0.03470437017994859
i_tools,illumination,orb,1_2,2,2000,2000,33,0.2422107696533203,0,225,0.0,0.0,3,640,0.09090909090909091,0.0046875,13,1040,0.3939393939393939,0.0125,17,1324,0.5151515151515151,0.01283987915407855,18,1653,0.5454545454545454,0.010889292196007259
i_tools,illumination,orb,1_3,3,2000,2000,45,0.2422107696533203,1,72,0.022222222222222223,0.013888888888888888,10,213,0.2222222222222222,0.046948356807511735,24,332,0.5333333333333333,0.07228915662650602,33,466,0.7333333333333333,0.07081545064377683,34,624,0.7555555555555555,0.05448717948717949
i_tools,illumination,orb,1_4,4,2000,2000,18,0.2422107696533203,1,88,0.05555555555555555,0.011363636363636364,2,243,0.1111111111111111,0.00823045267489712,4,429,0.2222222222222222,0.009324009324009324,9,748,0.5,0.012032085561497326,9,1179,0.5,0.007633587786259542
i_tools,illumination,orb,1_5,5,2000,2000,431,0.2422107696533203,1,199,0.002320185614849188,0.005025125628140704,24,595,0.05568445475638051,0.040336134453781515,210,1125,0.4872389791183295,0.18666666666666668,406,1536,0.9419953596287703,0.2643229166666667,417,1799,0.9675174013921114,0.23179544191217344
i_tools,illumination,orb,1_6,6,2000,2000,47,0.2422107696533203,0,156,0.0,0.0,0,410,0.0,0.0,0,688,0.0,0.0,21,1140,0.44680851063829785,0.018421052631578946,27,1567,0.574468085106383,0.01723037651563497
i_toy,illumination,sift,1_2,2,1176,1254,670,0.19290900230407715,592,756,0.8835820895522388,0.783068783068783,638,846,0.9522388059701492,0.7541371158392435,653,898,0.9746268656716418,0.7271714922048997,663,1032,0.9895522388059701,0.6424418604651163,666,1123,0.9940298507462687,0.5930543187889582
i_toy,illumination,sift,1_3,3,1176,1388,509,0.19290900230407715,433,673,0.8506876227897839,0.6433878157503715,468,787,0.9194499017681729,0.5946632782719187,485,868,0.9528487229862476,0.5587557603686636,491,1009,0.9646365422396856,0.48662041625371655,500,1101,0.9823182711198428,0.45413260672116257
i_toy,illumination,sift,1_4,4,1176,1370,296,0.19290900230407715,257,588,0.8682432432432432,0.4370748299319728,271,698,0.9155405405405406,0.38825214899713467,279,775,0.9425675675675675,0.36,286,945,0.9662162162162162,0.30264550264550266,290,1089,0.9797297297297297,0.2662993572084481
i_toy,illumination,sift,1_5,5,1176,1431,143,0.19290900230407715,118,480,0.8251748251748252,0.24583333333333332,129,625,0.9020979020979021,0.2064,136,743,0.951048951048951,0.18304172274562583,137,943,0.958041958041958,0.14528101802757157,137,1063,0.958041958041958,0.1288805268109125
i_toy,illumination,sift,1_6,6,1176,1114,36,0.19290900230407715,24,303,0.6666666666666666,0.07920792079207921,32,490,0.8888888888888888,0.0653061224489796,33,594,0.9166666666666666,0.05555555555555555,33,820,0.9166666666666666,0.04024390243902439,34,1004,0.9444444444444444,0.03386454183266932
i_toy,illumination,orb,1_2,2,1888,1894,1161,0.2412257194519043,995,1477,0.8570198105081827,0.6736628300609343,1074,1662,0.9250645994832042,0.6462093862815884,1130,1754,0.9732988802756245,0.6442417331812998,1152,1808,0.9922480620155039,0.6371681415929203,1159,1859,0.9982773471145564,0.6234534696073157
i_toy,illumination,orb,1_3,3,1888,1891,750,0.2412257194519043,609,1348,0.812,0.45178041543026703,693,1570,0.924,0.44140127388535033,729,1682,0.972,0.4334126040428062,740,1789,0.9866666666666667,0.4136389044158748,747,1846,0.996,0.40465872156013
i_toy,illumination,orb,1_4,4,1888,1904,440,0.2412257194519043,331,1190,0.7522727272727273,0.2781512605042017,404,1449,0.9181818181818182,0.27881297446514836,428,1591,0.9727272727272728,0.2690131992457574,436,1711,0.990909090909091,0.2548217416715371,437,1811,0.9931818181818182,0.2413031474323578
i_toy,illumination,orb,1_5,5,1888,1925,188,0.2412257194519043,108,1031,0.574468085106383,0.10475266731328807,160,1369,0.851063829787234,0.1168736303871439,173,1536,0.9202127659574468,0.11263020833333333,184,1679,0.9787234042553191,0.1095890410958904,187,1789,0.9946808510638298,0.10452766908887647
i_toy,illumination,orb,1_6,6,1888,1824,41,0.2412257194519043,15,770,0.36585365853658536,0.01948051948051948,29,1203,0.7073170731707317,0.024106400665004156,35,1417,0.8536585365853658,0.024700070571630206,37,1611,0.9024390243902439,0.022967101179391682,39,1737,0.9512195121951219,0.022452504317789293
i_troulos,illumination,sift,1_2,2,706,357,126,0.103460693359375,63,134,0.5,0.4701492537313433,87,198,0.6904761904761905,0.4393939393939394,92,236,0.7301587301587301,0.3898305084745763,95,352,0.753968253968254,0.26988636363636365,98,490,0.7777777777777778,0.2
i_troulos,illumination,sift,1_3,3,706,486,96,0.103460693359375,0,28,0.0,0.0,0,97,0.0,0.0,5,193,0.052083333333333336,0.025906735751295335,58,357,0.6041666666666666,0.16246498599439776,66,484,0.6875,0.13636363636363635
i_troulos,illumination,sift,1_4,4,706,946,290,0.103460693359375,216,353,0.7448275862068966,0.6118980169971672,245,432,0.8448275862068966,0.5671296296296297,252,493,0.8689655172413793,0.5111561866125761,258,604,0.8896551724137931,0.4271523178807947,262,679,0.903448275862069,0.3858615611192931
i_troulos,illumination,sift,1_5,5,706,1811,102,0.103460693359375,34,121,0.3333333333333333,0.2809917355371901,71,324,0.696078431372549,0.2191358024691358,71,413,0.696078431372549,0.17191283292978207,71,556,0.696078431372549,0.12769784172661872,71,683,0.696078431372549,0.10395314787701318
i_troulos,illumination,sift,1_6,6,706,750,171,0.103460693359375,7,36,0.04093567251461988,0.19444444444444445,83,247,0.4853801169590643,0.3360323886639676,126,390,0.7368421052631579,0.3230769230769231,130,497,0.7602339181286549,0.26156941649899396,131,604,0.7660818713450293,0.21688741721854304
i_troulos,illumination,orb,1_2,2,1536,785,182,0.15938954353332518,90,522,0.4945054945054945,0.1724137931034483,141,759,0.7747252747252747,0.1857707509881423,160,891,0.8791208791208791,0.17957351290684623,171,1036,0.9395604395604396,0.16505791505791506,173,1173,0.9505494505494505,0.1474850809889173
i_troulos,illumination,orb,1_3,3,1536,1150,126,0.15938954353332518,0,239,0.0,0.0,0,526,0.0,0.0,26,780,0.20634920634920634,0.03333333333333333,106,1011,0.8412698412698413,0.10484668644906034,119,1183,0.9444444444444444,0.10059171597633136
i_troulos,illumination,orb,1_4,4,1536,1628,363,0.15938954353332518,265,1012,0.7300275482093664,0.2618577075098814,332,1281,0.9146005509641874,0.25917252146760345,346,1351,0.953168044077135,0.2561065877128053,355,1423,0.977961432506887,0.2494729444834856,360,1511,0.9917355371900827,0.23825281270681667
i_troulos,illumination,orb,1_5,5,1536,1971,48,0.15938954353332518,19,420,0.3958333333333333,0.04523809523809524,34,731,0.7083333333333334,0.046511627906976744,37,861,0.7708333333333334,0.0429732868757259,43,1041,0.8958333333333334,0.04130643611911623,45,1257,0.9375,0.03579952267303103
i_troulos,illumination,orb,1_6,6,1536,1637,185,0.15938954353332518,18,424,0.0972972972972973,0.04245283018867924,90,978,0.4864864864864865,0.09202453987730061,167,1158,0.9027027027027027,0.14421416234887738,178,1261,0.9621621621621622,0.14115781126090404,180,1379,0.972972972972973,0.1305293691080493
i_veggies,illumination,sift,1_2,2,2483,2520,1276,0.4876582622528076,1149,1465,0.9004702194357367,0.7843003412969284,1215,1640,0.9521943573667712,0.7408536585365854,1236,1753,0.9686520376175548,0.7050770108385624,1252,2107,0.9811912225705329,0.5942097769340294,1263,2370,0.9898119122257053,0.5329113924050632
i_veggies,illumination,sift,1_3,3,2483,2272,496,0.4876582622528076,407,940,0.8205645161290323,0.4329787234042553,444,1166,0.8951612903225806,0.38078902229845624,459,1346,0.9254032258064516,0.3410104011887073,466,1776,0.9395161290322581,0.26238738738738737,469,2184,0.9455645161290323,0.21474358974358973
i_veggies,illumination,sift,1_4,4,2483,2334,536,0.4876582622528076,446,1009,0.832089552238806,0.44202180376610506,479,1266,0.8936567164179104,0.3783570300157978,492,1452,0.917910447761194,0.33884297520661155,504,1894,0.9402985074626866,0.26610348468849,514,2311,0.9589552238805971,0.22241453916053655
i_veggies,illumination,sift,1_5,5,2483,2196,104,0.4876582622528076,50,462,0.4807692307692308,0.10822510822510822,61,779,0.5865384615384616,0.07830551989730423,64,1070,0.6153846153846154,0.059813084112149535,68,1551,0.6538461538461539,0.04384268214055448,72,2087,0.6923076923076923,0.03449928126497365
i_veggies,illumination,sift,1_6,6,2483,2117,96,0.4876582622528076,43,453,0.4479166666666667,0.09492273730684327,49,747,0.5104166666666666,0.06559571619812583,52,992,0.5416666666666666,0.05241935483870968,54,1488,0.5625,0.036290322580645164,60,2028,0.625,0.029585798816568046
i_veggies,illumination,orb,1_2,2,2000,2000,823,0.2625998020172119,603,1138,0.732685297691373,0.5298769771528998,701,1408,0.8517618469015796,0.4978693181818182,773,1596,0.9392466585662211,0.4843358395989975,812,1783,0.9866342648845686,0.4554122265844083,818,1919,0.9939246658566221,0.42626367899947887
i_veggies,illumination,orb,1_3,3,2000,2000,237,0.2625998020172119,142,614,0.5991561181434599,0.23127035830618892,173,871,0.729957805907173,0.19862227324913892,199,1035,0.8396624472573839,0.19227053140096617,215,1272,0.9071729957805907,0.1690251572327044,219,1575,0.9240506329113924,0.13904761904761906
i_veggies,illumination,orb,1_4,4,2000,2000,232,0.2625998020172119,139,792,0.5991379310344828,0.1755050505050505,171,1116,0.7370689655172413,0.1532258064516129,192,1307,0.8275862068965517,0.14690130068859986,205,1602,0.8836206896551724,0.12796504369538078,211,1877,0.9094827586206896,0.11241342567927544
i_veggies,illumination,orb,1_5,5,2000,2000,46,0.2625998020172119,14,383,0.30434782608695654,0.03655352480417755,18,686,0.391304347826087,0.026239067055393587,21,928,0.45652173913043476,0.022629310344827586,24,1306,0.5217391304347826,0.018376722817764167,26,1684,0.5652173913043478,0.015439429928741092
i_veggies,illumination,orb,1_6,6,2000,2000,26,0.2625998020172119,8,334,0.3076923076923077,0.023952095808383235,8,601,0.3076923076923077,0.013311148086522463,9,815,0.34615384615384615,0.011042944785276074,9,1135,0.34615384615384615,0.007929515418502203,10,1549,0.38461538461538464,0.006455777921239509
i_village,illumination,sift,1_2,2,1707,1055,78,0.22340474128723145,53,205,0.6794871794871795,0.25853658536585367,64,335,0.8205128205128205,0.191044776119403,66,447,0.8461538461538461,0.1476510067114094,67,748,0.8589743589743589,0.08957219251336898,67,1267,0.8589743589743589,0.05288082083662194
i_village,illumination,sift,1_3,3,1707,1491,61,0.22340474128723145,34,229,0.5573770491803278,0.14847161572052403,47,402,0.7704918032786885,0.11691542288557213,50,567,0.819672131147541,0.08818342151675485,51,941,0.8360655737704918,0.05419766206163656,52,1488,0.8524590163934426,0.03494623655913978
i_village,illumination,sift,1_4,4,1707,1297,66,0.22340474128723145,37,260,0.5606060606060606,0.1423076923076923,52,393,0.7878787878787878,0.13231552162849872,53,503,0.803030303030303,0.10536779324055666,53,866,0.803030303030303,0.061200923787528866,53,1389,0.803030303030303,0.03815694744420446
i_village,illumination,sift,1_5,5,1707,1790,431,0.22340474128723145,361,581,0.8375870069605569,0.621342512908778,403,725,0.9350348027842227,0.5558620689655173,415,840,0.962877030162413,0.49404761904761907,419,1170,0.9721577726218097,0.3581196581196581,421,1606,0.9767981438515081,0.26214196762141967
i_village,illumination,sift,1_6,6,1707,1504,86,0.22340474128723145,52,216,0.6046511627906976,0.24074074074074073,67,379,0.7790697674418605,0.17678100263852242,71,536,0.8255813953488372,0.13246268656716417,75,889,0.872093023255814,0.0843644544431946,77,1395,0.8953488372093024,0.055197132616487454
i_village,illumination,orb,1_2,2,2000,1981,64,0.3024637699127197,38,652,0.59375,0.05828220858895705,47,995,0.734375,0.04723618090452261,57,1215,0.890625,0.04691358024691358,59,1458,0.921875,0.04046639231824417,62,1800,0.96875,0.034444444444444444
i_village,illumination,orb,1_3,3,2000,2000,36,0.3024637699127197,16,570,0.4444444444444444,0.028070175438596492,24,932,0.6666666666666666,0.02575107296137339,26,1169,0.7222222222222222,0.022241231822070145,27,1485,0.75,0.01818181818181818,28,1818,0.7777777777777778,0.015401540154015401
i_village,illumination,orb,1_4,4,2000,1998,57,0.3024637699127197,22,593,0.38596491228070173,0.03709949409780776,39,957,0.6842105263157895,0.04075235109717868,44,1219,0.7719298245614035,0.03609515996718622,48,1540,0.8421052631578947,0.03116883116883117,51,1845,0.8947368421052632,0.027642276422764227
i_village,illumination,orb,1_5,5,2000,2000,389,0.3024637699127197,272,932,0.699228791773779,0.2918454935622318,325,1336,0.8354755784061697,0.2432634730538922,359,1543,0.922879177377892,0.23266364225534672,376,1758,0.9665809768637532,0.21387940841865757,380,1918,0.9768637532133676,0.1981230448383733
i_village,illumination,orb,1_6,6,2000,2000,67,0.3024637699127197,33,509,0.4925373134328358,0.06483300589390963,36,849,0.5373134328358209,0.04240282685512368,52,1078,0.7761194029850746,0.04823747680890538,56,1360,0.835820895522388,0.041176470588235294,60,1620,0.8955223880597015,0.037037037037037035
i_whitebuilding,illumination,sift,1_2,2,1750,1661,983,0.6019086360931396,865,1028,0.8799593082400814,0.8414396887159533,904,1103,0.9196337741607324,0.8195829555757026,910,1158,0.9257375381485249,0.7858376511226253,921,1331,0.9369277721261444,0.6919609316303531,929,1541,0.9450661241098678,0.6028552887735237
i_whitebuilding,illumination,sift,1_3,3,1750,1504,666,0.6019086360931396,507,667,0.7612612612612613,0.760119940029985,567,781,0.8513513513513513,0.7259923175416133,576,849,0.8648648648648649,0.6784452296819788,586,1041,0.8798798798798799,0.5629202689721422,598,1312,0.8978978978978979,0.4557926829268293
i_whitebuilding,illumination,sift,1_4,4,1750,1487,350,0.6019086360931396,212,384,0.6057142857142858,0.5520833333333334,249,491,0.7114285714285714,0.5071283095723014,266,576,0.76,0.4618055555555556,272,750,0.7771428571428571,0.3626666666666667,281,1085,0.8028571428571428,0.2589861751152074
i_whitebuilding,illumination,sift,1_5,5,1750,1705,340,0.6019086360931396,187,389,0.55,0.480719794344473,228,530,0.6705882352941176,0.43018867924528303,242,625,0.711764705882353,0.3872,251,841,0.7382352941176471,0.2984542211652794,270,1174,0.7941176470588235,0.22998296422487224
i_whitebuilding,illumination,sift,1_6,6,1750,2165,312,0.6019086360931396,178,415,0.5705128205128205,0.42891566265060244,218,612,0.6987179487179487,0.3562091503267974,230,716,0.7371794871794872,0.32122905027932963,244,958,0.782051282051282,0.2546972860125261,255,1273,0.8173076923076923,0.20031421838177532
i_whitebuilding,illumination,orb,1_2,2,2000,2000,1352,0.344861364364624,1187,1676,0.8779585798816568,0.7082338902147971,1304,1871,0.9644970414201184,0.6969535008017104,1336,1917,0.9881656804733728,0.6969222743870631,1340,1948,0.9911242603550295,0.6878850102669405,1346,1964,0.9955621301775148,0.685336048879837
i_whitebuilding,illumination,orb,1_3,3,2000,2000,737,0.344861364364624,565,1329,0.7666214382632293,0.4251316779533484,657,1588,0.8914518317503393,0.413727959697733,699,1700,0.9484396200814111,0.4111764705882353,711,1787,0.9647218453188603,0.3978735310576385,713,1826,0.9674355495251018,0.3904709748083242
i_whitebuilding,illumination,orb,1_4,4,2000,2000,195,0.344861364364624,111,737,0.5692307692307692,0.15061058344640435,146,937,0.7487179487179487,0.15581643543223053,158,1023,0.8102564102564103,0.1544477028347996,165,1122,0.8461538461538461,0.14705882352941177,167,1224,0.8564102564102564,0.136437908496732
i_whitebuilding,illumination,orb,1_5,5,2000,2000,181,0.344861364364624,112,954,0.6187845303867403,0.11740041928721175,138,1205,0.7624309392265194,0.11452282157676348,151,1303,0.8342541436464088,0.11588641596316193,156,1393,0.861878453038674,0.11198851399856424,159,1466,0.8784530386740331,0.10845839017735334
i_whitebuilding,illumination,orb,1_6,6,2000,2000,189,0.344861364364624,106,892,0.5608465608465608,0.11883408071748879,131,1132,0.6931216931216931,0.1157243816254417,145,1255,0.7671957671957672,0.11553784860557768,155,1372,0.8201058201058201,0.1129737609329446,158,1486,0.8359788359788359,0.1063257065948856
i_yellowtent,illumination,sift,1_2,2,3238,3331,1621,0.6766849994659424,1321,1961,0.8149290561381863,0.6736359000509944,1415,2193,0.8729179518815546,0.645234838121295,1452,2355,0.8957433682911783,0.6165605095541401,1464,2778,0.9031462060456509,0.5269978401727862,1476,3147,0.9105490438001234,0.4690181124880839
i_yellowtent,illumination,sift,1_3,3,3238,3019,735,0.6766849994659424,504,1190,0.6857142857142857,0.4235294117647059,572,1514,0.7782312925170068,0.37780713342140027,596,1782,0.8108843537414966,0.3344556677890011,610,2399,0.8299319727891157,0.2542726135889954,629,3029,0.85578231292517,0.20765929349620338
i_yellowtent,illumination,sift,1_4,4,3238,2296,248,0.6766849994659424,138,705,0.5564516129032258,0.19574468085106383,154,952,0.6209677419354839,0.16176470588235295,158,1182,0.6370967741935484,0.13367174280879865,163,1763,0.657258064516129,0.09245604083947816,167,2573,0.6733870967741935,0.06490478041197047
i_yellowtent,illumination,sift,1_5,5,3238,2965,399,0.6766849994659424,235,934,0.5889724310776943,0.25160599571734477,287,1310,0.7192982456140351,0.21908396946564884,297,1538,0.7443609022556391,0.1931079323797139,302,2077,0.7568922305764411,0.14540202214732786,309,2789,0.7744360902255639,0.11079239870921477
i_yellowtent,illumination,sift,1_6,6,3238,2684,205,0.6766849994659424,93,632,0.45365853658536587,0.14715189873417722,121,943,0.5902439024390244,0.1283138918345705,132,1214,0.6439024390243903,0.10873146622734761,137,1848,0.6682926829268293,0.07413419913419914,142,2647,0.6926829268292682,0.053645636569701546
i_yellowtent,illumination,orb,1_2,2,2000,2000,887,0.2471761703491211,614,1383,0.6922209695603156,0.44396240057845265,694,1635,0.7824126268320181,0.42446483180428135,752,1760,0.8478015783540023,0.42727272727272725,775,1847,0.8737316798196166,0.41959935029778017,780,1962,0.8793686583990981,0.39755351681957185
i_yellowtent,illumination,orb,1_3,3,2000,2000,349,0.2471761703491211,187,843,0.5358166189111748,0.22182680901542112,233,1059,0.667621776504298,0.22001888574126535,260,1175,0.7449856733524355,0.22127659574468084,276,1355,0.7908309455587392,0.203690036900369,279,1602,0.7994269340974212,0.17415730337078653
i_yellowtent,illumination,orb,1_4,4,2000,2000,96,0.2471761703491211,55,465,0.5729166666666666,0.11827956989247312,68,614,0.7083333333333334,0.11074918566775244,75,675,0.78125,0.1111111111111111,79,809,0.8229166666666666,0.09765142150803462,79,950,0.8229166666666666,0.08315789473684211
i_yellowtent,illumination,orb,1_5,5,2000,2000,218,0.2471761703491211,92,859,0.42201834862385323,0.10710128055878929,121,1196,0.555045871559633,0.10117056856187291,137,1365,0.6284403669724771,0.10036630036630037,137,1522,0.6284403669724771,0.0900131406044678,137,1744,0.6284403669724771,0.07855504587155963
i_yellowtent,illumination,orb,1_6,6,2000,2000,86,0.2471761703491211,18,546,0.20930232558139536,0.03296703296703297,32,773,0.37209302325581395,0.04139715394566624,37,949,0.43023255813953487,0.03898840885142255,38,1138,0.4418604651162791,0.033391915641476276,38,1417,0.4418604651162791,0.026817219477769938
i_zion,illumination,sift,1_2,2,3927,4998,1113,1.062746524810791,924,1659,0.8301886792452831,0.5569620253164557,1081,2180,0.9712488769092543,0.49587155963302754,1101,2436,0.9892183288409704,0.45197044334975367,1108,3070,0.995507637017071,0.36091205211726385,1109,3763,0.9964061096136568,0.29471166622375766
i_zion,illumination,sift,1_3,3,3927,6549,291,1.062746524810791,170,776,0.584192439862543,0.2190721649484536,267,1629,0.9175257731958762,0.16390423572744015,284,2077,0.9759450171821306,0.13673567645642754,286,2861,0.9828178694158075,0.09996504718629849,287,3785,0.9862542955326461,0.07582562747688243
i_zion,illumination,sift,1_4,4,3927,4603,123,1.062746524810791,56,513,0.45528455284552843,0.10916179337231968,106,1171,0.8617886178861789,0.09052092228864218,115,1602,0.9349593495934959,0.07178526841448189,118,2282,0.959349593495935,0.051709027169149865,119,3155,0.967479674796748,0.03771790808240887
i_zion,illumination,sift,1_5,5,3927,3421,40,1.062746524810791,18,281,0.45,0.06405693950177936,31,732,0.775,0.04234972677595628,31,1074,0.775,0.028864059590316574,31,1760,0.775,0.017613636363636363,31,2540,0.775,0.012204724409448819
i_zion,illumination,sift,1_6,6,3927,1251,18,1.062746524810791,3,115,0.16666666666666666,0.02608695652173913,8,301,0.4444444444444444,0.026578073089700997,9,458,0.5,0.019650655021834062,9,792,0.5,0.011363636363636364,9,1244,0.5,0.007234726688102894
i_zion,illumination,orb,1_2,2,2000,2000,581,0.3058896541595459,357,1038,0.6144578313253012,0.3439306358381503,493,1423,0.8485370051635112,0.34645115952213634,555,1575,0.955249569707401,0.3523809523809524,571,1726,0.9827882960413081,0.3308227114716107,576,1869,0.9913941480206541,0.30818619582664525
i_zion,illumination,orb,1_3,3,2000,2000,150,0.3058896541595459,53,539,0.35333333333333333,0.09833024118738404,99,916,0.66,0.10807860262008734,129,1127,0.86,0.11446317657497782,136,1371,0.9066666666666666,0.09919766593727207,141,1650,0.94,0.08545454545454545
i_zion,illumination,orb,1_4,4,2000,2000,72,0.3058896541595459,16,494,0.2222222222222222,0.032388663967611336,44,861,0.6111111111111112,0.05110336817653891,63,1097,0.875,0.05742935278030994,66,1334,0.9166666666666666,0.049475262368815595,67,1617,0.9305555555555556,0.04143475572047001
i_zion,illumination,orb,1_5,5,2000,2000,34,0.3058896541595459,5,387,0.14705882352941177,0.012919896640826873,15,703,0.4411764705882353,0.021337126600284494,19,941,0.5588235294117647,0.020191285866099893,20,1203,0.5882352941176471,0.01662510390689942,22,1477,0.6470588235294118,0.014895057549085985
i_zion,illumination,orb,1_6,6,2000,1961,8,0.3058896541595459,1,270,0.125,0.003703703703703704,3,494,0.375,0.006072874493927126,3,687,0.375,0.004366812227074236,3,940,0.375,0.0031914893617021275,3,1248,0.375,0.002403846153846154
v_abstract,viewpoint,sift,1_2,2,4021,3649,1531,0.9525662899017334,987,1389,0.6446766819072501,0.7105831533477321,1305,1947,0.8523840627041149,0.6702619414483821,1346,2216,0.8791639451338994,0.6074007220216606,1364,2816,0.8909209666884389,0.484375,1366,3413,0.8922273024167211,0.400234397890419
v_abstract,viewpoint,sift,1_3,3,4021,4145,1314,0.9525662899017334,677,1118,0.515220700152207,0.6055456171735242,1010,1840,0.7686453576864536,0.5489130434782609,1108,2222,0.8432267884322678,0.49864986498649866,1124,2789,0.8554033485540334,0.4030118321979204,1140,3480,0.867579908675799,0.3275862068965517
v_abstract,viewpoint,sift,1_4,4,4021,4076,437,0.9525662899017334,82,336,0.18764302059496568,0.24404761904761904,177,890,0.40503432494279173,0.19887640449438201,236,1409,0.540045766590389,0.16749467707594037,301,2178,0.6887871853546911,0.1382001836547291,311,3002,0.7116704805491991,0.10359760159893404
v_abstract,viewpoint,sift,1_5,5,4021,3561,995,0.9525662899017334,301,592,0.30251256281407035,0.5084459459459459,559,1258,0.5618090452261306,0.44435612082670906,707,1750,0.7105527638190955,0.404,795,2413,0.7989949748743719,0.3294653957728968,812,3238,0.8160804020100503,0.25077208153180974
v_abstract,viewpoint,sift,1_6,6,4021,3246,421,0.9525662899017334,67,326,0.15914489311163896,0.20552147239263804,118,833,0.28028503562945367,0.14165666266506602,190,1342,0.4513064133016627,0.14157973174366617,250,2108,0.5938242280285035,0.11859582542694497,312,2934,0.7410926365795725,0.10633946830265849
v_abstract,viewpoint,orb,1_2,2,2000,2000,714,0.3111687183380127,324,1056,0.453781512605042,0.3068181818181818,566,1520,0.7927170868347339,0.37236842105263157,650,1659,0.9103641456582633,0.39180229053646776,693,1745,0.9705882352941176,0.397134670487106,702,1819,0.9831932773109243,0.38592633315008246
v_abstract,viewpoint,orb,1_3,3,2000,2000,662,0.3111687183380127,249,970,0.37613293051359514,0.256701030927835,508,1481,0.7673716012084593,0.34301147873058746,600,1633,0.9063444108761329,0.3674219228413962,644,1741,0.972809667673716,0.36990235496840895,649,1827,0.9803625377643505,0.3552271483305966
v_abstract,viewpoint,orb,1_4,4,2000,2000,260,0.3111687183380127,44,551,0.16923076923076924,0.07985480943738657,133,1044,0.5115384615384615,0.12739463601532566,186,1320,0.7153846153846154,0.1409090909090909,231,1511,0.8884615384615384,0.1528788881535407,248,1651,0.9538461538461539,0.15021199273167776
v_abstract,viewpoint,orb,1_5,5,2000,2000,300,0.3111687183380127,64,619,0.21333333333333335,0.10339256865912763,156,1099,0.52,0.14194722474977253,208,1276,0.6933333333333334,0.16300940438871472,275,1458,0.9166666666666666,0.1886145404663923,291,1574,0.97,0.1848792884371029
v_abstract,viewpoint,orb,1_6,6,2000,2000,111,0.3111687183380127,3,411,0.02702702702702703,0.0072992700729927005,16,866,0.14414414414414414,0.018475750577367205,30,1134,0.2702702702702703,0.026455026455026454,47,1351,0.42342342342342343,0.03478904515173945,93,1537,0.8378378378378378,0.0605074821080026
v_adam,viewpoint,sift,1_2,2,642,432,273,0.0979733943939209,174,212,0.6373626373626373,0.8207547169811321,255,318,0.9340659340659341,0.8018867924528302,260,354,0.9523809523809523,0.7344632768361582,260,461,0.9523809523809523,0.5639913232104121,262,573,0.9597069597069597,0.4572425828970332
v_adam,viewpoint,sift,1_3,3,642,318,198,0.0979733943939209,98,117,0.494949494949495,0.8376068376068376,177,231,0.8939393939393939,0.7662337662337663,188,284,0.9494949494949495,0.6619718309859155,189,395,0.9545454545454546,0.47848101265822784,190,549,0.9595959595959596,0.3460837887067395
v_adam,viewpoint,sift,1_4,4,642,290,94,0.0979733943939209,16,63,0.1702127659574468,0.25396825396825395,51,160,0.5425531914893617,0.31875,63,238,0.6702127659574468,0.2647058823529412,67,385,0.7127659574468085,0.17402597402597403,69,564,0.7340425531914894,0.12234042553191489
v_adam,viewpoint,sift,1_5,5,642,318,173,0.0979733943939209,69,115,0.3988439306358382,0.6,133,230,0.7687861271676301,0.5782608695652174,143,294,0.8265895953757225,0.48639455782312924,144,424,0.8323699421965318,0.33962264150943394,150,563,0.8670520231213873,0.2664298401420959
v_adam,viewpoint,sift,1_6,6,642,291,140,0.0979733943939209,51,82,0.36428571428571427,0.6219512195121951,96,185,0.6857142857142857,0.518918918918919,118,277,0.8428571428571429,0.4259927797833935,121,384,0.8642857142857143,0.3151041666666667,123,553,0.8785714285714286,0.2224231464737794
v_adam,viewpoint,orb,1_2,2,1205,1073,342,0.12833819389343262,148,546,0.4327485380116959,0.27106227106227104,297,916,0.868421052631579,0.324235807860262,320,1032,0.935672514619883,0.31007751937984496,331,1102,0.9678362573099415,0.3003629764065336,334,1184,0.9766081871345029,0.28209459459459457
v_adam,viewpoint,orb,1_3,3,1205,1057,316,0.12833819389343262,118,461,0.37341772151898733,0.2559652928416486,260,846,0.8227848101265823,0.3073286052009456,297,975,0.939873417721519,0.3046153846153846,307,1104,0.9715189873417721,0.27807971014492755,309,1178,0.9778481012658228,0.2623089983022071
v_adam,viewpoint,orb,1_4,4,1205,811,48,0.12833819389343262,4,331,0.08333333333333333,0.012084592145015106,29,670,0.6041666666666666,0.04328358208955224,34,876,0.7083333333333334,0.03881278538812785,38,1045,0.7916666666666666,0.03636363636363636,38,1160,0.7916666666666666,0.032758620689655175
v_adam,viewpoint,orb,1_5,5,1205,861,137,0.12833819389343262,29,385,0.2116788321167883,0.07532467532467532,98,749,0.7153284671532847,0.1308411214953271,126,902,0.9197080291970803,0.13968957871396895,131,1047,0.9562043795620438,0.1251193887297039,132,1175,0.9635036496350365,0.1123404255319149
v_adam,viewpoint,orb,1_6,6,1205,897,142,0.12833819389343262,50,340,0.352112676056338,0.14705882352941177,104,682,0.7323943661971831,0.15249266862170088,131,843,0.9225352112676056,0.1553973902728351,139,995,0.9788732394366197,0.13969849246231156,140,1147,0.9859154929577465,0.12205754141238012
v_apprentices,viewpoint,sift,1_2,2,10023,9097,4754,3.6626708030700685,4151,5402,0.8731594446781658,0.7684191040355424,4442,6068,0.9343710559528818,0.7320369149637442,4475,6564,0.9413125788809423,0.6817489335770871,4485,8294,0.9434160706773244,0.5407523510971787,4495,9546,0.9455195624737064,0.47087785459878484
v_apprentices,viewpoint,sift,1_3,3,10023,9396,3177,3.6626708030700685,2049,3606,0.6449480642115203,0.5682196339434277,2786,5152,0.8769279194208373,0.5407608695652174,2895,5891,0.9112370160528801,0.4914276014259039,2923,7591,0.9200503619767075,0.38506125675141617,2946,9069,0.927289896128423,0.32484287131988093
v_apprentices,viewpoint,sift,1_4,4,10023,6596,1238,3.6626708030700685,561,2143,0.4531502423263328,0.26178254783014465,913,3690,0.7374798061389337,0.24742547425474254,996,4706,0.8045234248788369,0.21164470888227793,1027,6875,0.8295638126009693,0.14938181818181817,1044,8915,0.8432956381260097,0.117106001121705
v_apprentices,viewpoint,sift,1_5,5,10023,6511,689,3.6626708030700685,245,1630,0.3555878084179971,0.15030674846625766,403,3450,0.5849056603773585,0.11681159420289855,450,4880,0.6531204644412192,0.09221311475409837,466,7263,0.6763425253991292,0.06416081509018312,485,9069,0.7039187227866474,0.0534788841107068
v_apprentices,viewpoint,sift,1_6,6,10023,5504,896,3.6626708030700685,374,1686,0.4174107142857143,0.22182680901542112,617,3456,0.6886160714285714,0.1785300925925926,661,5025,0.7377232142857143,0.13154228855721392,676,7605,0.7544642857142857,0.08888888888888889,686,9349,0.765625,0.07337683174671088
v_apprentices,viewpoint,orb,1_2,2,2000,2000,838,0.3388839244842529,464,1134,0.5536992840095465,0.4091710758377425,711,1564,0.8484486873508353,0.45460358056265987,779,1677,0.9295942720763724,0.46451997614788315,801,1784,0.9558472553699284,0.4489910313901345,804,1883,0.9594272076372315,0.4269782262347318
v_apprentices,viewpoint,orb,1_3,3,2000,2000,435,0.3388839244842529,188,825,0.432183908045977,0.22787878787878788,338,1239,0.7770114942528735,0.27280064568200163,388,1374,0.8919540229885058,0.2823871906841339,406,1483,0.9333333333333333,0.2737693863789616,407,1590,0.9356321839080459,0.2559748427672956
v_apprentices,viewpoint,orb,1_4,4,2000,2000,172,0.3388839244842529,51,781,0.29651162790697677,0.06530089628681178,122,1254,0.7093023255813954,0.09728867623604466,138,1414,0.8023255813953488,0.09759547383309759,147,1580,0.8546511627906976,0.0930379746835443,150,1725,0.872093023255814,0.08695652173913043
v_apprentices,viewpoint,orb,1_5,5,2000,2000,58,0.3388839244842529,12,619,0.20689655172413793,0.01938610662358643,30,1045,0.5172413793103449,0.028708133971291867,34,1185,0.5862068965517241,0.02869198312236287,37,1346,0.6379310344827587,0.0274888558692422,38,1506,0.6551724137931034,0.025232403718459494
v_apprentices,viewpoint,orb,1_6,6,2000,2000,80,0.3388839244842529,22,607,0.275,0.036243822075782535,54,1020,0.675,0.052941176470588235,63,1142,0.7875,0.05516637478108581,66,1323,0.825,0.049886621315192746,66,1515,0.825,0.04356435643564356
v_artisans,viewpoint,sift,1_2,2,17804,5434,2032,5.01320595741272,1661,2560,0.8174212598425197,0.648828125,1942,4287,0.9557086614173228,0.4529974341031024,1957,6927,0.9630905511811023,0.28251768442327124,1963,12259,0.9660433070866141,0.16012725344644752,1968,17380,0.968503937007874,0.11323360184119678
v_artisans,viewpoint,sift,1_3,3,17804,6046,1864,5.01320595741272,1066,2232,0.5718884120171673,0.4775985663082437,1675,4506,0.8986051502145923,0.3717265867731913,1780,7119,0.9549356223175965,0.2500351172917545,1791,12091,0.9608369098712446,0.148126705814242,1796,17227,0.9635193133047211,0.10425494862715505
v_artisans,viewpoint,sift,1_4,4,17804,6767,2958,5.01320595741272,2055,2973,0.6947261663286004,0.6912209889001009,2813,4693,0.9509803921568627,0.599403366716386,2869,6234,0.9699121027721433,0.46021815848572345,2886,9651,0.9756592292089249,0.2990363692881567,2891,12781,0.9773495605138607,0.22619513340114233
v_artisans,viewpoint,sift,1_5,5,17804,4367,449,5.01320595741272,108,634,0.24053452115812918,0.17034700315457413,268,1592,0.5968819599109132,0.16834170854271358,318,2559,0.7082405345211581,0.1242672919109027,354,4613,0.7884187082405345,0.07673964881855626,366,7518,0.8151447661469933,0.04868316041500399
v_artisans,viewpoint,sift,1_6,6,17804,5469,2315,5.01320595741272,2190,2745,0.9460043196544277,0.7978142076502732,2236,3732,0.9658747300215983,0.5991425509110396,2243,5740,0.9688984881209504,0.3907665505226481,2248,9825,0.9710583153347733,0.22880407124681934,2250,13541,0.9719222462203023,0.16616202643822464
v_artisans,viewpoint,orb,1_2,2,2000,2000,254,0.2718490123748779,141,693,0.5551181102362205,0.20346320346320346,233,1132,0.9173228346456693,0.2058303886925795,243,1278,0.9566929133858267,0.19014084507042253,245,1383,0.9645669291338582,0.17715112075198844,246,1492,0.968503937007874,0.1648793565683646
v_artisans,viewpoint,orb,1_3,3,2000,2000,156,0.2718490123748779,80,641,0.5128205128205128,0.12480499219968799,131,1000,0.8397435897435898,0.131,145,1122,0.9294871794871795,0.12923351158645277,148,1234,0.9487179487179487,0.11993517017828201,149,1376,0.9551282051282052,0.10828488372093023
v_artisans,viewpoint,orb,1_4,4,2000,2000,371,0.2718490123748779,148,774,0.39892183288409705,0.19121447028423771,310,1167,0.8355795148247979,0.2656383890317052,344,1291,0.9272237196765498,0.2664601084430674,359,1379,0.967654986522911,0.26033357505438726,361,1536,0.9730458221024259,0.23502604166666666
v_artisans,viewpoint,orb,1_5,5,2000,2000,31,0.2718490123748779,2,95,0.06451612903225806,0.021052631578947368,7,210,0.22580645161290322,0.03333333333333333,17,305,0.5483870967741935,0.05573770491803279,20,380,0.6451612903225806,0.05263157894736842,21,449,0.6774193548387096,0.0467706013363029
v_artisans,viewpoint,orb,1_6,6,2000,2000,330,0.2718490123748779,214,756,0.6484848484848484,0.2830687830687831,303,1076,0.9181818181818182,0.2815985130111524,313,1177,0.9484848484848485,0.2659303313508921,318,1277,0.9636363636363636,0.2490211433046202,318,1430,0.9636363636363636,0.22237762237762237
v_astronautis,viewpoint,sift,1_2,2,5634,4691,1688,1.3550282001495362,1012,1689,0.5995260663507109,0.5991711071640023,1505,2631,0.8915876777251185,0.572025845686051,1588,2896,0.9407582938388626,0.5483425414364641,1624,3336,0.9620853080568721,0.486810551558753,1640,4127,0.9715639810426541,0.39738308698812697
v_astronautis,viewpoint,sift,1_3,3,5634,2470,290,1.3550282001495362,70,320,0.2413793103448276,0.21875,158,872,0.5448275862068965,0.1811926605504587,205,1249,0.7068965517241379,0.16413130504403523,219,1743,0.7551724137931034,0.12564543889845095,223,2692,0.7689655172413793,0.08283803863298662
v_astronautis,viewpoint,sift,1_4,4,5634,5308,666,1.3550282001495362,423,1540,0.6351351351351351,0.2746753246753247,567,2217,0.8513513513513513,0.2557510148849797,594,2522,0.8918918918918919,0.23552735923869944,611,3025,0.9174174174174174,0.20198347107438017,619,3836,0.9294294294294294,0.1613660062565172
v_astronautis,viewpoint,sift,1_5,5,5634,4203,169,1.3550282001495362,62,799,0.3668639053254438,0.07759699624530664,98,1433,0.5798816568047337,0.06838799720865317,108,1853,0.6390532544378699,0.05828386400431732,120,2503,0.7100591715976331,0.04794246903715541,123,3474,0.727810650887574,0.03540587219343696
v_astronautis,viewpoint,sift,1_6,6,5634,962,352,1.3550282001495362,91,219,0.2585227272727273,0.4155251141552511,203,480,0.5767045454545454,0.42291666666666666,239,641,0.6789772727272727,0.37285491419656785,271,909,0.7698863636363636,0.29812981298129815,287,1996,0.8153409090909091,0.1437875751503006
v_astronautis,viewpoint,orb,1_2,2,2000,2000,337,0.25557756423950195,108,722,0.32047477744807124,0.14958448753462603,215,1085,0.6379821958456974,0.19815668202764977,278,1228,0.8249258160237388,0.2263843648208469,314,1361,0.9317507418397626,0.230712711241734,328,1485,0.973293768545994,0.22087542087542086
v_astronautis,viewpoint,orb,1_3,3,2000,2000,84,0.25557756423950195,12,358,0.14285714285714285,0.0335195530726257,35,739,0.4166666666666667,0.04736129905277402,59,964,0.7023809523809523,0.061203319502074686,75,1193,0.8928571428571429,0.06286672254819782,79,1420,0.9404761904761905,0.05563380281690141
v_astronautis,viewpoint,orb,1_4,4,2000,2000,115,0.25557756423950195,19,482,0.16521739130434782,0.03941908713692946,64,827,0.5565217391304348,0.0773881499395405,79,949,0.6869565217391305,0.08324552160168598,88,1103,0.7652173913043478,0.07978241160471441,95,1249,0.8260869565217391,0.07606084867894315
v_astronautis,viewpoint,orb,1_5,5,2000,2000,33,0.25557756423950195,5,362,0.15151515151515152,0.013812154696132596,10,627,0.30303030303030304,0.01594896331738437,16,783,0.48484848484848486,0.020434227330779056,22,940,0.6666666666666666,0.023404255319148935,24,1140,0.7272727272727273,0.021052631578947368
v_astronautis,viewpoint,orb,1_6,6,2000,1826,212,0.25557756423950195,30,443,0.14150943396226415,0.06772009029345373,108,885,0.5094339622641509,0.12203389830508475,159,1161,0.75,0.13695090439276486,188,1424,0.8867924528301887,0.13202247191011235,197,1643,0.9292452830188679,0.1199026171637249
v_azzola,viewpoint,sift,1_2,2,13084,12032,3098,5.96242880821228,937,2064,0.302453195610071,0.45397286821705424,1871,4813,0.6039380245319561,0.38873883232910866,2379,6905,0.7679147837314396,0.3445329471397538,2849,9983,0.9196255648805681,0.2853851547630973,3024,11803,0.9761136216914138,0.2562060493094976
v_azzola,viewpoint,sift,1_3,3,13084,9884,883,5.96242880821228,37,980,0.04190260475651189,0.03775510204081633,188,3167,0.2129105322763307,0.05936217240290496,390,5720,0.4416761041902605,0.06818181818181818,614,9497,0.695356738391846,0.06465199536695798,777,11880,0.8799546998867497,0.06540404040404041
v_azzola,viewpoint,sift,1_4,4,13084,12189,5213,5.96242880821228,2717,3531,0.5211970074812967,0.7694704049844237,4169,6074,0.7997314406291962,0.6863681264405663,4792,8106,0.9192403606368693,0.5911670367628917,5062,11172,0.9710339535775945,0.4530970282849982,5136,12889,0.9852292346057933,0.39847932345410814
v_azzola,viewpoint,sift,1_5,5,13084,10296,1580,5.96242880821228,179,1132,0.11329113924050632,0.15812720848056538,592,3798,0.37468354430379747,0.15587151132174829,904,6648,0.5721518987341773,0.13598074608904934,1199,10360,0.7588607594936709,0.11573359073359073,1474,12544,0.9329113924050633,0.1175063775510204
v_azzola,viewpoint,sift,1_6,6,13084,6670,267,5.96242880821228,19,741,0.07116104868913857,0.02564102564102564,58,2803,0.21722846441947566,0.020692115590438816,86,5272,0.32209737827715357,0.016312594840667678,144,9340,0.5393258426966292,0.015417558886509636,184,12234,0.6891385767790262,0.015040052313225437
v_azzola,viewpoint,orb,1_2,2,2000,2000,339,0.2548581600189209,125,892,0.3687315634218289,0.14013452914798205,251,1422,0.7404129793510325,0.17651195499296765,289,1621,0.8525073746312685,0.1782850092535472,312,1787,0.9203539823008849,0.17459429210968103,325,1870,0.9587020648967551,0.17379679144385027
v_azzola,viewpoint,orb,1_3,3,2000,2000,53,0.2548581600189209,5,573,0.09433962264150944,0.008726003490401396,20,1087,0.37735849056603776,0.01839926402943882,23,1392,0.4339622641509434,0.016522988505747127,31,1643,0.5849056603773585,0.018867924528301886,36,1810,0.6792452830188679,0.019889502762430938
v_azzola,viewpoint,orb,1_4,4,2000,2000,803,0.2548581600189209,373,1097,0.46450809464508097,0.34001823154056515,648,1609,0.8069738480697385,0.4027346177750155,733,1752,0.912826899128269,0.41837899543379,785,1855,0.9775840597758406,0.42318059299191374,795,1928,0.9900373599003736,0.41234439834024894
v_azzola,viewpoint,orb,1_5,5,2000,2000,210,0.2548581600189209,26,528,0.12380952380952381,0.04924242424242424,93,1045,0.44285714285714284,0.08899521531100478,132,1311,0.6285714285714286,0.10068649885583524,168,1537,0.8,0.10930383864671438,201,1773,0.9571428571428572,0.11336717428087986
v_azzola,viewpoint,orb,1_6,6,2000,2000,21,0.2548581600189209,0,325,0.0,0.0,1,712,0.047619047619047616,0.0014044943820224719,1,991,0.047619047619047616,0.0010090817356205853,6,1312,0.2857142857142857,0.004573170731707317,12,1568,0.5714285714285714,0.007653061224489796
v_bark,viewpoint,sift,1_2,2,3702,3020,591,0.8281601428985595,465,816,0.7868020304568528,0.5698529411764706,571,1112,0.9661590524534687,0.5134892086330936,578,1298,0.9780033840947546,0.4453004622496148,580,1957,0.9813874788494078,0.2963719979560552,582,2953,0.9847715736040609,0.19708770741618692
v_bark,viewpoint,sift,1_3,3,3702,4047,512,0.8281601428985595,429,684,0.837890625,0.6271929824561403,508,1012,0.9921875,0.5019762845849802,509,1431,0.994140625,0.3556953179594689,510,2276,0.99609375,0.22407732864674867,510,3075,0.99609375,0.16585365853658537
v_bark,viewpoint,sift,1_4,4,3702,4781,686,0.8281601428985595,670,832,0.9766763848396501,0.8052884615384616,671,1144,0.978134110787172,0.5865384615384616,672,1779,0.9795918367346939,0.3777403035413153,672,2884,0.9795918367346939,0.23300970873786409,672,3613,0.9795918367346939,0.18599501799058954
v_bark,viewpoint,sift,1_5,5,3702,4443,445,0.8281601428985595,438,577,0.9842696629213483,0.7590987868284229,439,925,0.9865168539325843,0.4745945945945946,439,1573,0.9865168539325843,0.27908455181182457,439,2691,0.9865168539325843,0.16313638052768487,439,3629,0.9865168539325843,0.12096996417745935
v_bark,viewpoint,sift,1_6,6,3702,4626,259,0.8281601428985595,248,381,0.9575289575289575,0.6509186351706037,249,817,0.9613899613899614,0.3047735618115055,249,1419,0.9613899613899614,0.17547568710359407,249,2561,0.9613899613899614,0.0972276454509957,249,3618,0.9613899613899614,0.06882255389718077
v_bark,viewpoint,orb,1_2,2,2000,2000,323,0.2542421817779541,122,449,0.37770897832817335,0.2717149220489978,245,754,0.7585139318885449,0.3249336870026525,283,927,0.8761609907120743,0.30528586839266453,314,1209,0.9721362229102167,0.2597187758478081,315,1553,0.9752321981424149,0.20283322601416612
v_bark,viewpoint,orb,1_3,3,2000,2000,150,0.2542421817779541,56,350,0.37333333333333335,0.16,109,650,0.7266666666666667,0.1676923076923077,130,846,0.8666666666666667,0.1536643026004728,136,1147,0.9066666666666666,0.11857018308631212,137,1526,0.9133333333333333,0.08977719528178243
v_bark,viewpoint,orb,1_4,4,2000,2000,115,0.2542421817779541,65,441,0.5652173913043478,0.1473922902494331,103,807,0.8956521739130435,0.12763320941759604,109,1103,0.9478260869565217,0.09882139619220308,109,1359,0.9478260869565217,0.08020603384841796,109,1670,0.9478260869565217,0.06526946107784432
v_bark,viewpoint,orb,1_5,5,2000,2000,51,0.2542421817779541,20,370,0.39215686274509803,0.05405405405405406,40,772,0.7843137254901961,0.05181347150259067,42,1036,0.8235294117647058,0.04054054054054054,42,1342,0.8235294117647058,0.03129657228017884,42,1678,0.8235294117647058,0.025029797377830752
v_bark,viewpoint,orb,1_6,6,2000,2000,16,0.2542421817779541,2,200,0.125,0.01,5,492,0.3125,0.01016260162601626,6,718,0.375,0.008356545961002786,6,1083,0.375,0.00554016620498615,6,1560,0.375,0.0038461538461538464
v_bees,viewpoint,sift,1_2,2,4292,4915,2230,1.1436638355255127,1543,1994,0.6919282511210763,0.7738214643931796,2065,2803,0.9260089686098655,0.7367106671423475,2145,3008,0.9618834080717489,0.7130984042553191,2182,3419,0.97847533632287,0.6381983035975431,2196,3973,0.9847533632286996,0.5527309338031714
v_bees,viewpoint,sift,1_3,3,4292,5084,2486,1.1436638355255127,1581,1995,0.6359613837489944,0.7924812030075188,2320,3041,0.9332260659694288,0.76290693850707,2406,3262,0.9678197908286403,0.7375843041079092,2438,3652,0.9806918744971842,0.6675794085432639,2446,4099,0.9839098954143202,0.5967309099780435
v_bees,viewpoint,sift,1_4,4,4292,4867,2078,1.1436638355255127,1331,1814,0.6405197305101059,0.7337375964718853,1952,2803,0.9393647738209817,0.6963967178023546,2021,3066,0.9725697786333013,0.6591650358773646,2041,3548,0.9821944177093359,0.5752536640360767,2047,4111,0.9850818094321463,0.4979323765507176
v_bees,viewpoint,sift,1_5,5,4292,2320,740,1.1436638355255127,333,540,0.45,0.6166666666666667,591,1088,0.7986486486486486,0.5431985294117647,660,1359,0.8918918918918919,0.4856512141280353,689,1806,0.9310810810810811,0.3815060908084164,698,3154,0.9432432432432433,0.22130627774254916
v_bees,viewpoint,sift,1_6,6,4292,6478,1125,1.1436638355255127,367,896,0.32622222222222225,0.4095982142857143,771,2003,0.6853333333333333,0.3849226160758862,950,2681,0.8444444444444444,0.35434539350988437,1024,3469,0.9102222222222223,0.29518593254540215,1086,4124,0.9653333333333334,0.2633365664403492
v_bees,viewpoint,orb,1_2,2,2000,2000,907,0.2608583927154541,396,1083,0.43660418963616315,0.3656509695290859,750,1573,0.8269018743109151,0.47679593134138587,859,1708,0.9470782800441014,0.502927400468384,898,1817,0.9900771775082691,0.4942212438084755,901,1897,0.9933847850055126,0.4749604638903532
v_bees,viewpoint,orb,1_3,3,2000,2000,991,0.2608583927154541,453,1157,0.4571140262361251,0.3915298184961106,831,1671,0.8385469223007064,0.49730700179533216,938,1804,0.9465186680121089,0.5199556541019955,981,1904,0.9899091826437941,0.5152310924369747,986,1946,0.9949545913218971,0.5066803699897225
v_bees,viewpoint,orb,1_4,4,2000,2000,915,0.2608583927154541,453,1165,0.49508196721311476,0.3888412017167382,816,1684,0.8918032786885246,0.4845605700712589,887,1814,0.9693989071038251,0.48897464167585447,909,1886,0.9934426229508196,0.48197242841993637,911,1937,0.9956284153005465,0.4703149199793495
v_bees,viewpoint,orb,1_5,5,2000,2000,404,0.2608583927154541,162,637,0.400990099009901,0.2543171114599686,319,1050,0.7896039603960396,0.3038095238095238,366,1209,0.905940594059406,0.3027295285359802,389,1367,0.9628712871287128,0.28456474030724216,392,1566,0.9702970297029703,0.2503192848020434
v_bees,viewpoint,orb,1_6,6,2000,2000,345,0.2608583927154541,97,677,0.2811594202898551,0.1432791728212703,238,1177,0.6898550724637681,0.20220900594732372,303,1363,0.8782608695652174,0.2223037417461482,329,1512,0.9536231884057971,0.2175925925925926,338,1721,0.9797101449275363,0.19639744334689135
v_beyus,viewpoint,sift,1_2,2,2634,1256,295,0.4030214786529541,124,343,0.42033898305084744,0.36151603498542273,188,577,0.6372881355932203,0.32582322357019067,208,859,0.7050847457627119,0.2421420256111758,222,1361,0.752542372881356,0.16311535635562086,226,2043,0.7661016949152543,0.11062163485070974
v_beyus,viewpoint,sift,1_3,3,2634,1187,61,0.4030214786529541,2,163,0.03278688524590164,0.012269938650306749,7,408,0.11475409836065574,0.01715686274509804,10,716,0.16393442622950818,0.013966480446927373,13,1233,0.21311475409836064,0.010543390105433901,14,1944,0.22950819672131148,0.00720164609053498
v_beyus,viewpoint,sift,1_4,4,2634,1289,658,0.4030214786529541,498,651,0.756838905775076,0.7649769585253456,553,802,0.8404255319148937,0.6895261845386533,572,1045,0.8693009118541033,0.5473684210526316,582,1604,0.8844984802431611,0.3628428927680798,586,2180,0.8905775075987842,0.26880733944954127
v_beyus,viewpoint,sift,1_5,5,2634,1312,97,0.4030214786529541,15,160,0.15463917525773196,0.09375,25,419,0.25773195876288657,0.059665871121718374,32,678,0.32989690721649484,0.0471976401179941,38,1164,0.3917525773195876,0.03264604810996564,42,1859,0.4329896907216495,0.022592791823561054
v_beyus,viewpoint,sift,1_6,6,2634,1140,167,0.4030214786529541,49,265,0.2934131736526946,0.18490566037735848,92,613,0.5508982035928144,0.1500815660685155,101,902,0.6047904191616766,0.11197339246119734,115,1433,0.688622754491018,0.08025122121423586,119,2084,0.7125748502994012,0.05710172744721689
v_beyus,viewpoint,orb,1_2,2,2000,2000,163,0.253779935836792,47,1163,0.2883435582822086,0.040412725709372314,84,1846,0.5153374233128835,0.04550379198266522,104,1964,0.6380368098159509,0.05295315682281059,126,1977,0.7730061349693251,0.0637329286798179,135,1988,0.8282208588957055,0.06790744466800805
v_beyus,viewpoint,orb,1_3,3,2000,2000,31,0.253779935836792,0,710,0.0,0.0,0,1416,0.0,0.0,3,1648,0.0967741935483871,0.0018203883495145632,6,1731,0.1935483870967742,0.0034662045060658577,7,1794,0.22580645161290322,0.0039018952062430325
v_beyus,viewpoint,orb,1_4,4,2000,2000,479,0.253779935836792,235,1417,0.4906054279749478,0.16584333098094567,379,1920,0.791231732776618,0.19739583333333333,438,1979,0.9144050104384134,0.22132390096008084,456,1988,0.9519832985386222,0.22937625754527163,458,1990,0.9561586638830898,0.23015075376884422
v_beyus,viewpoint,orb,1_5,5,2000,2000,57,0.253779935836792,6,979,0.10526315789473684,0.006128702757916241,11,1642,0.19298245614035087,0.006699147381242387,14,1848,0.24561403508771928,0.007575757575757576,17,1912,0.2982456140350877,0.00889121338912134,23,1952,0.40350877192982454,0.0117827868852459
v_beyus,viewpoint,orb,1_6,6,2000,2000,58,0.253779935836792,11,1110,0.1896551724137931,0.00990990990990991,29,1815,0.5,0.015977961432506887,38,1932,0.6551724137931034,0.019668737060041408,43,1959,0.7413793103448276,0.021949974476773864,47,1973,0.8103448275862069,0.02382159148504815
v_bip,viewpoint,sift,1_2,2,3009,2908,1218,0.5720821857452393,1112,1383,0.9129720853858785,0.8040491684743312,1157,1525,0.9499178981937603,0.7586885245901639,1161,1802,0.9532019704433498,0.644284128745838,1162,2380,0.9540229885057471,0.48823529411764705,1165,2908,0.9564860426929392,0.4006189821182944
v_bip,viewpoint,sift,1_3,3,3009,2233,829,0.5720821857452393,743,907,0.8962605548854041,0.8191841234840133,776,1010,0.9360675512665863,0.7683168316831683,782,1255,0.9433051869722557,0.6231075697211156,783,1901,0.9445114595898673,0.4118884797475013,783,2698,0.9445114595898673,0.29021497405485547
v_bip,viewpoint,sift,1_4,4,3009,3580,1215,0.5720821857452393,1107,1534,0.9111111111111111,0.7216427640156454,1139,1711,0.9374485596707819,0.6656925774400935,1145,2058,0.9423868312757202,0.5563654033041788,1150,2615,0.9465020576131687,0.4397705544933078,1152,2976,0.9481481481481482,0.3870967741935484
v_bip,viewpoint,sift,1_5,5,3009,2199,617,0.5720821857452393,516,690,0.8363047001620746,0.7478260869565218,537,864,0.8703403565640194,0.6215277777777778,541,1240,0.8768233387358185,0.43629032258064515,543,2029,0.880064829821718,0.26761951700345,562,2841,0.9108589951377634,0.1978176698345653
v_bip,viewpoint,sift,1_6,6,3009,2363,477,0.5720821857452393,417,626,0.8742138364779874,0.6661341853035144,435,944,0.9119496855345912,0.4608050847457627,441,1535,0.9245283018867925,0.28729641693811075,441,2457,0.9245283018867925,0.1794871794871795,441,2983,0.9245283018867925,0.14783774723432785
v_bip,viewpoint,orb,1_2,2,2000,2000,470,0.2596316337585449,256,762,0.5446808510638298,0.3359580052493438,412,1175,0.8765957446808511,0.3506382978723404,441,1341,0.9382978723404255,0.3288590604026846,448,1546,0.9531914893617022,0.2897800776196636,449,1721,0.9553191489361702,0.2608948285880302
v_bip,viewpoint,orb,1_3,3,2000,2000,289,0.2596316337585449,142,609,0.4913494809688581,0.23316912972085385,244,1055,0.8442906574394463,0.23127962085308057,259,1242,0.8961937716262975,0.20853462157809985,267,1456,0.9238754325259516,0.18337912087912087,267,1663,0.9238754325259516,0.16055321707757064
v_bip,viewpoint,orb,1_4,4,2000,2000,351,0.2596316337585449,183,650,0.5213675213675214,0.2815384615384615,309,1082,0.8803418803418803,0.2855822550831793,320,1229,0.9116809116809117,0.26037428803905616,329,1408,0.9373219373219374,0.23366477272727273,330,1616,0.9401709401709402,0.2042079207920792
v_bip,viewpoint,orb,1_5,5,2000,2000,74,0.2596316337585449,37,270,0.5,0.13703703703703704,54,599,0.7297297297297297,0.09015025041736227,58,758,0.7837837837837838,0.07651715039577836,60,1004,0.8108108108108109,0.05976095617529881,62,1347,0.8378378378378378,0.04602821083890126
v_bip,viewpoint,orb,1_6,6,2000,2000,91,0.2596316337585449,50,380,0.5494505494505495,0.13157894736842105,72,829,0.7912087912087912,0.08685162846803378,74,1059,0.8131868131868132,0.06987724268177525,76,1332,0.8351648351648352,0.057057057057057055,76,1582,0.8351648351648352,0.04804045512010114
v_bird,viewpoint,sift,1_2,2,3361,3200,1117,0.7139146804809571,841,1093,0.7529095792300806,0.7694419030192132,993,1418,0.8889883616830797,0.7002820874471086,1004,1759,0.8988361683079678,0.5707788516202388,1014,2440,0.9077887197851388,0.4155737704918033,1020,3160,0.9131602506714414,0.3227848101265823
v_bird,viewpoint,sift,1_3,3,3361,2703,703,0.7139146804809571,265,558,0.37695590327169276,0.47491039426523296,511,1241,0.7268847795163584,0.4117647058823529,567,1666,0.8065433854907539,0.3403361344537815,592,2382,0.8421052631578947,0.24853064651553317,604,3046,0.8591749644381224,0.19829284307288247
v_bird,viewpoint,sift,1_4,4,3361,3708,618,0.7139146804809571,223,500,0.36084142394822005,0.446,406,1027,0.656957928802589,0.3953261927945472,491,1509,0.7944983818770227,0.32538104705102716,525,2237,0.8495145631067961,0.23468931604827895,531,2906,0.8592233009708737,0.18272539573296628
v_bird,viewpoint,sift,1_5,5,3361,4277,394,0.7139146804809571,50,348,0.12690355329949238,0.14367816091954022,135,875,0.3426395939086294,0.15428571428571428,193,1257,0.48984771573604063,0.15354017501988862,243,1857,0.616751269035533,0.1308562197092084,284,2517,0.7208121827411168,0.11283273738577672
v_bird,viewpoint,sift,1_6,6,3361,2344,109,0.7139146804809571,6,132,0.05504587155963303,0.045454545454545456,14,446,0.12844036697247707,0.03139013452914798,18,767,0.1651376146788991,0.02346805736636245,21,1424,0.1926605504587156,0.014747191011235955,34,2236,0.3119266055045872,0.01520572450805009
v_bird,viewpoint,orb,1_2,2,2000,2000,476,0.24414172172546386,249,1118,0.523109243697479,0.22271914132379247,427,1707,0.8970588235294118,0.2501464557703574,452,1802,0.9495798319327731,0.25083240843507215,457,1890,0.9600840336134454,0.2417989417989418,457,1957,0.9600840336134454,0.2335206949412366
v_bird,viewpoint,orb,1_3,3,2000,2000,239,0.24414172172546386,92,818,0.38493723849372385,0.11246943765281174,183,1469,0.7656903765690377,0.12457454050374404,219,1685,0.9163179916317992,0.12997032640949555,226,1787,0.9456066945606695,0.12646894236149972,226,1881,0.9456066945606695,0.12014885699096226
v_bird,viewpoint,orb,1_4,4,2000,2000,230,0.24414172172546386,76,890,0.33043478260869563,0.0853932584269663,160,1499,0.6956521739130435,0.1067378252168112,200,1711,0.8695652173913043,0.11689070718877849,221,1829,0.9608695652173913,0.12083105522143248,221,1905,0.9608695652173913,0.11601049868766404
v_bird,viewpoint,orb,1_5,5,2000,2000,146,0.24414172172546386,19,587,0.13013698630136986,0.03236797274275979,56,1146,0.3835616438356164,0.04886561954624782,91,1388,0.6232876712328768,0.06556195965417867,113,1580,0.773972602739726,0.07151898734177216,129,1720,0.8835616438356164,0.075
v_bird,viewpoint,orb,1_6,6,2000,2000,24,0.24414172172546386,0,332,0.0,0.0,0,786,0.0,0.0,3,1084,0.125,0.0027675276752767526,4,1318,0.16666666666666666,0.0030349013657056147,4,1523,0.16666666666666666,0.0026263952724885093
v_birdwoman,viewpoint,sift,1_2,2,12257,4482,498,3.4350332736968996,347,535,0.6967871485943775,0.6485981308411215,371,1034,0.7449799196787149,0.35880077369439073,373,1874,0.748995983935743,0.19903948772678762,374,4240,0.751004016064257,0.08820754716981132,376,9005,0.7550200803212851,0.04175458078845086
v_birdwoman,viewpoint,sift,1_3,3,12257,5443,370,3.4350332736968996,88,1025,0.23783783783783785,0.08585365853658537,130,2165,0.35135135135135137,0.06004618937644342,138,3744,0.372972972972973,0.03685897435897436,142,7297,0.3837837837837838,0.019460052076195698,147,10903,0.3972972972972973,0.013482527744657434
v_birdwoman,viewpoint,sift,1_4,4,12257,6871,1262,3.4350332736968996,824,2291,0.652931854199683,0.35966826713225664,1062,3452,0.8415213946117274,0.30764774044032445,1084,4946,0.8589540412044374,0.2191670036393045,1088,8681,0.8621236133122029,0.12533118304342816,1093,11283,0.8660855784469097,0.09687139945050076
v_birdwoman,viewpoint,sift,1_5,5,12257,7705,3337,3.4350332736968996,2954,4402,0.8852262511237639,0.6710586097228532,3130,4952,0.9379682349415642,0.6320678513731826,3143,5872,0.9418639496553791,0.5352520435967303,3148,8487,0.9433623014683847,0.37092023094143983,3149,10633,0.9436619718309859,0.29615348443524875
v_birdwoman,viewpoint,sift,1_6,6,12257,5207,1708,3.4350332736968996,1385,1856,0.8108899297423887,0.7462284482758621,1504,2621,0.8805620608899297,0.5738267836703548,1595,4194,0.9338407494145199,0.3803051979017644,1596,8183,0.9344262295081968,0.19503849443969204,1608,11663,0.9414519906323185,0.13787190259795937
v_birdwoman,viewpoint,orb,1_2,2,2000,2000,218,0.2711143970489502,132,772,0.6055045871559633,0.17098445595854922,200,1260,0.9174311926605505,0.15873015873015872,207,1529,0.9495412844036697,0.1353826030085023,209,1701,0.9587155963302753,0.12286890064667842,211,1856,0.9678899082568807,0.1136853448275862
v_birdwoman,viewpoint,orb,1_3,3,2000,2000,28,0.2711143970489502,8,606,0.2857142857142857,0.013201320132013201,16,1048,0.5714285714285714,0.015267175572519083,20,1308,0.7142857142857143,0.01529051987767584,20,1495,0.7142857142857143,0.013377926421404682,21,1682,0.75,0.01248513674197384
v_birdwoman,viewpoint,orb,1_4,4,2000,2000,230,0.2711143970489502,114,962,0.4956521739130435,0.11850311850311851,189,1430,0.8217391304347826,0.13216783216783218,202,1629,0.8782608695652174,0.1240024554941682,210,1795,0.9130434782608695,0.116991643454039,213,1931,0.9260869565217391,0.11030554117037804
v_birdwoman,viewpoint,orb,1_5,5,2000,2000,641,0.2711143970489502,382,1192,0.5959438377535101,0.32046979865771813,573,1643,0.8939157566302652,0.3487522824102252,621,1779,0.968798751950078,0.3490725126475548,629,1888,0.9812792511700468,0.3331567796610169,630,1938,0.982839313572543,0.32507739938080493
v_birdwoman,viewpoint,orb,1_6,6,2000,2000,428,0.2711143970489502,247,982,0.5771028037383178,0.2515274949083503,389,1458,0.9088785046728972,0.266803840877915,412,1667,0.9626168224299065,0.2471505698860228,420,1850,0.9813084112149533,0.22702702702702704,423,1937,0.9883177570093458,0.21837893649974188
v_blueprint,viewpoint,sift,1_2,2,13974,12245,4523,5.77322826385498,2817,4104,0.6228167145699757,0.6864035087719298,4077,6553,0.9013928808313066,0.6221577903250419,4407,8464,0.9743533053283219,0.5206758034026465,4475,11612,0.9893875746186159,0.38537719600413367,4484,13608,0.9913774043776254,0.32951205173427395
v_blueprint,viewpoint,sift,1_3,3,13974,8980,1916,5.77322826385498,484,1702,0.25260960334029225,0.28437132784958874,1104,4164,0.5762004175365344,0.26512968299711814,1463,6461,0.7635699373695198,0.22643553629469124,1846,10016,0.9634655532359081,0.18430511182108625,1863,12947,0.9723382045929019,0.14389433845678534
v_blueprint,viewpoint,sift,1_4,4,13974,11216,3924,5.77322826385498,2708,3989,0.6901121304791029,0.6788668839308097,3730,6247,0.9505606523955148,0.597086601568753,3847,7876,0.9803771661569827,0.4884459116302692,3873,11152,0.9870030581039755,0.3472919655667145,3887,13446,0.9905708460754332,0.28908225494570877
v_blueprint,viewpoint,sift,1_5,5,13974,7959,1201,5.77322826385498,591,1799,0.492089925062448,0.3285158421345192,986,3868,0.8209825145711906,0.2549120992761117,1118,5769,0.9308909242298085,0.1937944184434044,1141,9120,0.9500416319733556,0.125109649122807,1151,12307,0.958368026644463,0.09352401072560332
v_blueprint,viewpoint,sift,1_6,6,13974,5427,283,5.77322826385498,63,900,0.2226148409893993,0.07,150,2449,0.5300353356890459,0.06124948958758677,207,4142,0.7314487632508834,0.049975857073877354,224,7163,0.7915194346289752,0.031271813485969566,226,11075,0.7985865724381626,0.02040632054176072
v_blueprint,viewpoint,orb,1_2,2,2000,2000,698,0.24920048713684081,219,769,0.3137535816618911,0.2847854356306892,492,1333,0.7048710601719198,0.3690922730682671,635,1525,0.9097421203438395,0.4163934426229508,683,1635,0.9785100286532952,0.41773700305810396,693,1753,0.9928366762177651,0.3953223046206503
v_blueprint,viewpoint,orb,1_3,3,2000,2000,359,0.24920048713684081,46,458,0.12813370473537605,0.10043668122270742,135,942,0.37604456824512533,0.14331210191082802,219,1220,0.6100278551532033,0.17950819672131146,323,1444,0.8997214484679665,0.2236842105263158,346,1627,0.9637883008356546,0.21266133988936695
v_blueprint,viewpoint,orb,1_4,4,2000,2000,360,0.24920048713684081,179,752,0.49722222222222223,0.23803191489361702,304,1187,0.8444444444444444,0.2561078348778433,344,1294,0.9555555555555556,0.26584234930448225,353,1426,0.9805555555555555,0.24754558204768584,355,1656,0.9861111111111112,0.2143719806763285
v_blueprint,viewpoint,orb,1_5,5,2000,2000,59,0.24920048713684081,21,400,0.3559322033898305,0.0525,35,758,0.5932203389830508,0.04617414248021108,45,891,0.7627118644067796,0.050505050505050504,46,1034,0.7796610169491526,0.04448742746615087,48,1255,0.8135593220338984,0.03824701195219123
v_blueprint,viewpoint,orb,1_6,6,2000,2000,20,0.24920048713684081,3,266,0.15,0.011278195488721804,5,502,0.25,0.0099601593625498,7,618,0.35,0.011326860841423949,10,780,0.5,0.01282051282051282,10,998,0.5,0.01002004008016032
v_boat,viewpoint,sift,1_2,2,8849,8545,2341,2.480599784851074,1940,3118,0.8287056813327638,0.622193713919179,2236,4273,0.9551473729175566,0.5232857477182308,2271,5455,0.9700982486117044,0.41631530705774517,2288,7648,0.9773601025202905,0.29916317991631797,2293,8753,0.9794959419051688,0.26196732548840396
v_boat,viewpoint,sift,1_3,3,8849,6558,1752,2.480599784851074,1557,2480,0.8886986301369864,0.6278225806451613,1674,3296,0.9554794520547946,0.5078883495145631,1692,4760,0.9657534246575342,0.3554621848739496,1698,7148,0.9691780821917808,0.2375489647453833,1700,8647,0.9703196347031964,0.19659997687059097
v_boat,viewpoint,sift,1_4,4,8849,6888,1062,2.480599784851074,739,1575,0.6958568738229756,0.4692063492063492,963,3228,0.9067796610169492,0.2983271375464684,985,4995,0.9274952919020716,0.1971971971971972,992,7613,0.9340866290018832,0.13030342834624983,996,8796,0.9378531073446328,0.11323328785811733
v_boat,viewpoint,sift,1_5,5,8849,5269,704,2.480599784851074,409,1077,0.5809659090909091,0.3797585886722377,584,2609,0.8295454545454546,0.2238405519356075,607,4449,0.8622159090909091,0.13643515396718364,612,7168,0.8693181818181818,0.08537946428571429,618,8742,0.8778409090909091,0.07069320521619767
v_boat,viewpoint,sift,1_6,6,8849,4932,499,2.480599784851074,281,911,0.56312625250501,0.3084522502744237,406,2716,0.8136272545090181,0.14948453608247422,420,4726,0.8416833667334669,0.08887008040626322,425,7483,0.8517034068136272,0.05679540291327008,427,8752,0.8557114228456913,0.048788848263254116
v_boat,viewpoint,orb,1_2,2,2000,2000,749,0.2520042896270752,377,1103,0.5033377837116155,0.3417951042611061,649,1607,0.8664886515353805,0.40385812072184196,722,1773,0.9639519359145527,0.40721940214326,743,1882,0.9919893190921228,0.39479277364505844,745,1952,0.9946595460614153,0.38165983606557374
v_boat,viewpoint,orb,1_3,3,2000,2000,655,0.2520042896270752,373,1177,0.5694656488549619,0.3169073916737468,568,1613,0.867175572519084,0.3521388716676999,625,1762,0.9541984732824428,0.3547105561861521,647,1868,0.9877862595419847,0.34635974304068523,649,1931,0.9908396946564886,0.3360952874158467
v_boat,viewpoint,orb,1_4,4,2000,2000,424,0.2520042896270752,206,966,0.4858490566037736,0.21325051759834368,383,1499,0.9033018867924528,0.2555036691127418,416,1682,0.9811320754716981,0.2473246135552913,420,1822,0.9905660377358491,0.2305159165751921,420,1923,0.9905660377358491,0.21840873634945399
v_boat,viewpoint,orb,1_5,5,2000,2000,336,0.2520042896270752,159,880,0.4732142857142857,0.1806818181818182,294,1469,0.875,0.2001361470388019,322,1692,0.9583333333333334,0.19030732860520094,331,1833,0.9851190476190477,0.18057828696126568,331,1945,0.9851190476190477,0.17017994858611826
v_boat,viewpoint,orb,1_6,6,2000,2000,218,0.2520042896270752,104,764,0.47706422018348627,0.13612565445026178,191,1441,0.8761467889908257,0.1325468424705066,205,1702,0.9403669724770642,0.12044653349001175,208,1866,0.9541284403669725,0.11146838156484459,208,1964,0.9541284403669725,0.10590631364562118
v_bricks,viewpoint,sift,1_2,2,10356,11127,5283,4.564607906341553,5186,6434,0.9816392201400719,0.8060304631644389,5269,6817,0.9973499905356805,0.7729206395775268,5275,7388,0.9984857088775317,0.7139956686518679,5276,9038,0.9986749952678402,0.5837574684664749,5276,9792,0.9986749952678402,0.5388071895424836
v_bricks,viewpoint,sift,1_3,3,10356,11076,3955,4.564607906341553,3694,5392,0.9340075853350189,0.6850890207715133,3902,6170,0.9865992414664981,0.6324149108589951,3911,6991,0.9888748419721871,0.5594335574309827,3915,8887,0.9898862199747156,0.44053111286148305,3915,9784,0.9898862199747156,0.4001430907604252
v_bricks,viewpoint,sift,1_4,4,10356,10633,1924,4.564607906341553,1620,3786,0.841995841995842,0.42789223454833597,1868,4918,0.9708939708939709,0.37982919886132577,1883,5913,0.9786902286902287,0.31845087096228647,1888,8027,0.9812889812889813,0.23520617914538433,1888,9143,0.9812889812889813,0.20649677348791426
v_bricks,viewpoint,sift,1_5,5,10356,11047,371,4.564607906341553,244,2617,0.6576819407008087,0.09323653037829575,340,4165,0.9164420485175202,0.08163265306122448,351,5404,0.9460916442048517,0.0649518874907476,354,7733,0.954177897574124,0.04577783525151946,354,9072,0.954177897574124,0.03902116402116402
v_bricks,viewpoint,sift,1_6,6,10356,10835,27,4.564607906341553,5,1562,0.18518518518518517,0.003201024327784891,9,3235,0.3333333333333333,0.0027820710973724882,11,4718,0.4074074074074074,0.0023314963967782957,11,7175,0.4074074074074074,0.0015331010452961672,11,8619,0.4074074074074074,0.0012762501450284255
v_bricks,viewpoint,orb,1_2,2,2000,2000,666,0.24792251586914063,407,1103,0.6111111111111112,0.36899365367180414,602,1489,0.9039039039039038,0.4042981867024849,649,1615,0.9744744744744744,0.4018575851393189,660,1722,0.990990990990991,0.3832752613240418,663,1839,0.9954954954954955,0.3605220228384992
v_bricks,viewpoint,orb,1_3,3,2000,2000,443,0.24792251586914063,247,994,0.5575620767494357,0.24849094567404426,397,1360,0.8961625282167043,0.29191176470588237,430,1501,0.9706546275395034,0.2864756828780813,440,1625,0.9932279909706546,0.27076923076923076,441,1787,0.9954853273137697,0.246782316731953
v_bricks,viewpoint,orb,1_4,4,2000,2000,162,0.24792251586914063,75,649,0.46296296296296297,0.11556240369799692,144,1024,0.8888888888888888,0.140625,158,1174,0.9753086419753086,0.13458262350936967,160,1331,0.9876543209876543,0.12021036814425244,160,1537,0.9876543209876543,0.10409889394925179
v_bricks,viewpoint,orb,1_5,5,2000,2000,25,0.24792251586914063,9,428,0.36,0.02102803738317757,16,763,0.64,0.020969855832241154,19,910,0.76,0.020879120879120878,19,1080,0.76,0.017592592592592594,19,1341,0.76,0.014168530947054437
v_bricks,viewpoint,orb,1_6,6,2000,2000,5,0.24792251586914063,0,168,0.0,0.0,0,349,0.0,0.0,1,477,0.2,0.0020964360587002098,1,639,0.2,0.001564945226917058,1,870,0.2,0.0011494252873563218
v_busstop,viewpoint,sift,1_2,2,17688,17783,5865,11.610680675506591,2653,4188,0.4523444160272805,0.6334765998089781,4952,8332,0.8443307757885763,0.5943350936149784,5618,10609,0.9578857630008525,0.5295503817513432,5783,14039,0.9860187553282183,0.4119239262055702,5830,16576,0.9940323955669225,0.3517133204633205
v_busstop,viewpoint,sift,1_3,3,17688,18825,2599,11.610680675506591,879,2405,0.3382070026933436,0.3654885654885655,1842,5883,0.7087341285109657,0.31310555838857723,2328,8396,0.8957291265871489,0.2772748928060981,2545,11823,0.9792227779915352,0.215258394654487,2568,14228,0.9880723355136591,0.18048917627213945
v_busstop,viewpoint,sift,1_4,4,17688,17735,3580,11.610680675506591,1038,2536,0.2899441340782123,0.40930599369085174,2319,6196,0.6477653631284916,0.3742737249838606,3120,9276,0.8715083798882681,0.33635187580853815,3481,13382,0.9723463687150838,0.2601255417725303,3534,16363,0.9871508379888269,0.21597506569699934
v_busstop,viewpoint,sift,1_5,5,17688,16074,4795,11.610680675506591,2541,3833,0.5299270072992701,0.6629272110618315,4314,7304,0.8996871741397289,0.5906352683461117,4668,9722,0.9735140771637122,0.48014811767126103,4730,14066,0.986444212721585,0.3362718612256505,4757,17359,0.9920750782064651,0.27403652284117747
v_busstop,viewpoint,sift,1_6,6,17688,17507,6792,11.610680675506591,4359,5728,0.6417844522968198,0.7609986033519553,6482,9167,0.9543580683156655,0.7071015599432748,6696,10995,0.9858657243816255,0.6090040927694407,6742,14723,0.9926383981154299,0.45792297765401074,6761,17336,0.9954358068315665,0.38999769266266726
v_busstop,viewpoint,orb,1_2,2,2000,2000,680,0.26999754905700685,251,998,0.36911764705882355,0.251503006012024,531,1609,0.7808823529411765,0.3300186451211933,642,1828,0.9441176470588235,0.35120350109409193,673,1913,0.9897058823529412,0.35180345007841085,676,1969,0.9941176470588236,0.34332148298628745
v_busstop,viewpoint,orb,1_3,3,2000,2000,233,0.26999754905700685,53,703,0.22746781115879827,0.07539118065433854,144,1311,0.6180257510729614,0.10983981693363844,196,1615,0.8412017167381974,0.12136222910216718,223,1826,0.9570815450643777,0.1221248630887185,227,1926,0.9742489270386266,0.11786085150571132
v_busstop,viewpoint,orb,1_4,4,2000,2000,319,0.26999754905700685,97,872,0.30407523510971785,0.11123853211009174,216,1500,0.677115987460815,0.144,292,1725,0.9153605015673981,0.16927536231884058,311,1840,0.9749216300940439,0.16902173913043478,314,1905,0.9843260188087775,0.16482939632545932
v_busstop,viewpoint,orb,1_5,5,2000,2000,536,0.26999754905700685,183,1071,0.3414179104477612,0.17086834733893558,431,1710,0.8041044776119403,0.252046783625731,507,1820,0.9458955223880597,0.2785714285714286,528,1918,0.9850746268656716,0.27528675703858185,529,1969,0.9869402985074627,0.2686642965972575
v_busstop,viewpoint,orb,1_6,6,2000,2000,733,0.26999754905700685,360,1215,0.49113233287858116,0.2962962962962963,639,1763,0.8717598908594816,0.3624503686897334,707,1867,0.9645293315143247,0.3786823781467595,730,1931,0.9959072305593452,0.3780424650440186,730,1977,0.9959072305593452,0.36924633282751645
v_calder,viewpoint,sift,1_2,2,4482,3731,1091,0.8498049259185791,867,1541,0.7946837763519706,0.5626216742375081,979,1974,0.8973418881759854,0.4959473150962513,1004,2468,0.9202566452795601,0.406807131280389,1017,3411,0.9321723189734189,0.29815303430079154,1028,4250,0.9422548120989918,0.24188235294117647
v_calder,viewpoint,sift,1_3,3,4482,4789,2092,0.8498049259185791,1545,1964,0.738527724665392,0.7866598778004074,2002,2683,0.9569789674952199,0.7461796496459188,2040,2944,0.9751434034416826,0.6929347826086957,2051,3584,0.9804015296367112,0.572265625,2060,4101,0.9847036328871893,0.5023165081687393
v_calder,viewpoint,sift,1_4,4,4482,2739,226,0.8498049259185791,98,784,0.4336283185840708,0.125,127,1325,0.5619469026548672,0.09584905660377359,134,1898,0.5929203539823009,0.07060063224446786,148,2995,0.6548672566371682,0.04941569282136895,150,4079,0.6637168141592921,0.036773719048786464
v_calder,viewpoint,sift,1_5,5,4482,3823,328,0.8498049259185791,158,867,0.4817073170731707,0.18223760092272204,216,1550,0.6585365853658537,0.1393548387096774,237,2295,0.7225609756097561,0.10326797385620914,244,3550,0.7439024390243902,0.06873239436619719,247,4343,0.7530487804878049,0.056873129173382456
v_calder,viewpoint,sift,1_6,6,4482,2476,98,0.8498049259185791,6,439,0.061224489795918366,0.01366742596810934,18,1065,0.1836734693877551,0.016901408450704224,21,1781,0.21428571428571427,0.011791128579449747,23,3115,0.23469387755102042,0.007383627608346709,26,4254,0.2653061224489796,0.0061118946873530795
v_calder,viewpoint,orb,1_2,2,2000,2000,308,0.24220881462097169,161,1301,0.5227272727272727,0.12375096079938509,264,1734,0.8571428571428571,0.1522491349480969,284,1813,0.922077922077922,0.15664644236072808,296,1858,0.961038961038961,0.15931108719052745,297,1897,0.9642857142857143,0.1565629942013706
v_calder,viewpoint,orb,1_3,3,2000,2000,834,0.24220881462097169,377,1147,0.4520383693045564,0.32868352223190933,704,1644,0.8441247002398081,0.4282238442822384,791,1757,0.9484412470023981,0.450199203187251,827,1850,0.9916067146282974,0.447027027027027,829,1901,0.9940047961630696,0.43608627038400843
v_calder,viewpoint,orb,1_4,4,2000,2000,53,0.24220881462097169,19,1067,0.3584905660377358,0.01780693533270853,32,1605,0.6037735849056604,0.019937694704049845,38,1745,0.7169811320754716,0.02177650429799427,40,1808,0.7547169811320755,0.022123893805309734,40,1874,0.7547169811320755,0.021344717182497332
v_calder,viewpoint,orb,1_5,5,2000,2000,98,0.24220881462097169,36,1030,0.3673469387755102,0.03495145631067961,62,1628,0.6326530612244898,0.038083538083538086,72,1780,0.7346938775510204,0.04044943820224719,77,1859,0.7857142857142857,0.04142011834319527,77,1945,0.7857142857142857,0.03958868894601542
v_calder,viewpoint,orb,1_6,6,2000,2000,20,0.24220881462097169,0,818,0.0,0.0,1,1470,0.05,0.0006802721088435374,2,1675,0.1,0.0011940298507462687,5,1801,0.25,0.00277623542476402,5,1911,0.25,0.0026164311878597592
v_cartooncity,viewpoint,sift,1_2,2,11196,7249,4294,3.454404878616333,3977,4634,0.9261760596180717,0.8582218385843764,4107,5138,0.956450861667443,0.7993382639159206,4113,6270,0.9578481602235678,0.6559808612440191,4115,8897,0.9583139264089428,0.46251545464763405,4123,10996,0.9601769911504425,0.3749545289196071
v_cartooncity,viewpoint,sift,1_3,3,11196,6304,1082,3.454404878616333,474,1551,0.43807763401109057,0.3056092843326886,769,3394,0.710720887245841,0.22657631113730112,846,5014,0.7818853974121996,0.16872756282409254,881,7982,0.8142329020332717,0.11037334001503382,887,10011,0.8197781885397413,0.08860253720907002
v_cartooncity,viewpoint,sift,1_4,4,11196,6476,3633,3.454404878616333,3085,3965,0.8491604734379301,0.7780580075662042,3356,4581,0.9237544728874209,0.732591137306265,3385,5244,0.931736856592348,0.6454996186117468,3402,7014,0.9364161849710982,0.48502994011976047,3416,8599,0.9402697495183044,0.3972554948249796
v_cartooncity,viewpoint,sift,1_5,5,11196,5614,626,3.454404878616333,81,888,0.12939297124600638,0.09121621621621621,219,2468,0.3498402555910543,0.0887358184764992,327,4192,0.5223642172523961,0.07800572519083969,428,7300,0.6837060702875399,0.05863013698630137,441,9934,0.7044728434504792,0.04439299375880813
v_cartooncity,viewpoint,sift,1_6,6,11196,6069,921,3.454404878616333,329,1267,0.3572204125950054,0.2596685082872928,569,3103,0.6178067318132465,0.18337093135675153,657,4842,0.7133550488599348,0.13568773234200743,723,7788,0.7850162866449512,0.0928351309707242,732,10007,0.7947882736156352,0.07314879584290997
v_cartooncity,viewpoint,orb,1_2,2,2000,2000,796,0.3310712814331055,479,1097,0.6017587939698492,0.4366453965360073,724,1525,0.9095477386934674,0.47475409836065574,777,1627,0.9761306532663316,0.4775660725261217,788,1720,0.9899497487437185,0.45813953488372094,788,1841,0.9899497487437185,0.4280282455187398
v_cartooncity,viewpoint,orb,1_3,3,2000,2000,53,0.3310712814331055,20,408,0.37735849056603776,0.049019607843137254,34,784,0.6415094339622641,0.04336734693877551,38,959,0.7169811320754716,0.03962460896767466,40,1147,0.7547169811320755,0.03487358326068003,40,1419,0.7547169811320755,0.028188865398167725
v_cartooncity,viewpoint,orb,1_4,4,2000,2000,622,0.3310712814331055,341,1015,0.5482315112540193,0.3359605911330049,535,1376,0.860128617363344,0.38880813953488375,575,1469,0.9244372990353698,0.39142273655547993,594,1555,0.954983922829582,0.3819935691318328,595,1640,0.9565916398713826,0.3628048780487805
v_cartooncity,viewpoint,orb,1_5,5,2000,2000,44,0.3310712814331055,8,358,0.18181818181818182,0.0223463687150838,15,698,0.3409090909090909,0.02148997134670487,18,846,0.4090909090909091,0.02127659574468085,23,1087,0.5227272727272727,0.021159153633854646,25,1314,0.5681818181818182,0.01902587519025875
v_cartooncity,viewpoint,orb,1_6,6,2000,2000,44,0.3310712814331055,12,388,0.2727272727272727,0.030927835051546393,27,764,0.6136363636363636,0.03534031413612566,32,964,0.7272727272727273,0.03319502074688797,33,1200,0.75,0.0275,33,1510,0.75,0.02185430463576159
v_charing,viewpoint,sift,1_2,2,3184,4521,530,0.8133567810058594,177,972,0.3339622641509434,0.18209876543209877,244,1446,0.46037735849056605,0.16874135546334718,263,1641,0.4962264150943396,0.16026812918951858,274,1973,0.5169811320754717,0.1388748099341105,281,2236,0.530188679245283,0.12567084078711985
v_charing,viewpoint,sift,1_3,3,3184,4133,225,0.8133567810058594,17,299,0.07555555555555556,0.056856187290969896,41,747,0.18222222222222223,0.05488621151271754,42,982,0.18666666666666668,0.04276985743380855,45,1298,0.2,0.03466872110939907,46,1593,0.20444444444444446,0.028876333961079723
v_charing,viewpoint,sift,1_4,4,3184,3384,871,0.8133567810058594,358,647,0.41102181400688864,0.5533230293663061,523,1016,0.600459242250287,0.514763779527559,553,1147,0.634902411021814,0.48212728857890147,567,1365,0.6509758897818599,0.4153846153846154,577,1592,0.6624569460390356,0.36243718592964824
v_charing,viewpoint,sift,1_5,5,3184,2859,250,0.8133567810058594,81,354,0.324,0.2288135593220339,150,773,0.6,0.19404915912031048,181,967,0.724,0.18717683557394002,207,1199,0.828,0.17264386989157632,234,1389,0.936,0.16846652267818574
v_charing,viewpoint,sift,1_6,6,3184,2697,141,0.8133567810058594,28,283,0.19858156028368795,0.0989399293286219,69,620,0.48936170212765956,0.11129032258064517,103,851,0.7304964539007093,0.12103407755581669,111,1143,0.7872340425531915,0.09711286089238845,114,1391,0.8085106382978723,0.08195542774982027
v_charing,viewpoint,orb,1_2,2,2000,2000,108,0.26497764587402345,16,255,0.14814814814814814,0.06274509803921569,36,484,0.3333333333333333,0.0743801652892562,40,636,0.37037037037037035,0.06289308176100629,44,847,0.4074074074074074,0.05194805194805195,45,998,0.4166666666666667,0.045090180360721446
v_charing,viewpoint,orb,1_3,3,2000,2000,17,0.26497764587402345,0,65,0.0,0.0,0,121,0.0,0.0,0,157,0.0,0.0,0,194,0.0,0.0,0,218,0.0,0.0
v_charing,viewpoint,orb,1_4,4,2000,2000,54,0.26497764587402345,0,46,0.0,0.0,3,111,0.05555555555555555,0.02702702702702703,8,154,0.14814814814814814,0.05194805194805195,9,195,0.16666666666666666,0.046153846153846156,9,234,0.16666666666666666,0.038461538461538464
v_charing,viewpoint,orb,1_5,5,2000,2000,25,0.26497764587402345,0,3,0.0,0.0,0,10,0.0,0.0,0,16,0.0,0.0,0,22,0.0,0.0,0,29,0.0,0.0
v_charing,viewpoint,orb,1_6,6,2000,2000,18,0.26497764587402345,0,5,0.0,0.0,0,11,0.0,0.0,0,15,0.0,0.0,0,23,0.0,0.0,0,29,0.0,0.0
v_churchill,viewpoint,sift,1_2,2,3452,2999,1098,0.7064048290252686,763,1121,0.6948998178506375,0.6806422836752899,996,1572,0.907103825136612,0.6335877862595419,1044,1752,0.9508196721311475,0.5958904109589042,1062,2085,0.9672131147540983,0.5093525179856115,1079,2503,0.982695810564663,0.4310827007590891
v_churchill,viewpoint,sift,1_3,3,3452,2816,553,0.7064048290252686,286,745,0.5171790235081374,0.3838926174496644,441,1231,0.7974683544303798,0.35824532900081235,471,1498,0.8517179023508138,0.3144192256341789,498,1900,0.9005424954792043,0.26210526315789473,516,2429,0.9330922242314648,0.2124331000411692
v_churchill,viewpoint,sift,1_4,4,3452,2596,390,0.7064048290252686,156,645,0.4,0.24186046511627907,263,1238,0.6743589743589744,0.21243941841680128,313,1618,0.8025641025641026,0.1934487021013597,355,2301,0.9102564102564102,0.15428074750108647,372,2983,0.9538461538461539,0.12470667113643982
v_churchill,viewpoint,sift,1_5,5,3452,3159,1934,0.7064048290252686,1731,1979,0.8950361944157187,0.8746841839312784,1870,2185,0.9669079627714581,0.8558352402745996,1891,2432,0.9777662874870734,0.7775493421052632,1901,2958,0.9829369183040331,0.6426639621365787,1915,3396,0.9901758014477766,0.5638987043580683
v_churchill,viewpoint,sift,1_6,6,3452,2110,127,0.7064048290252686,21,367,0.16535433070866143,0.05722070844686648,52,880,0.4094488188976378,0.05909090909090909,65,1337,0.5118110236220472,0.048616305160807775,79,2140,0.6220472440944882,0.03691588785046729,83,3039,0.6535433070866141,0.027311615663047056
v_churchill,viewpoint,orb,1_2,2,2000,2000,466,0.26558995246887207,151,920,0.3240343347639485,0.1641304347826087,341,1422,0.7317596566523605,0.23980309423347398,410,1588,0.8798283261802575,0.25818639798488663,452,1748,0.9699570815450643,0.2585812356979405,463,1854,0.9935622317596566,0.24973031283710895
v_churchill,viewpoint,orb,1_3,3,2000,2000,183,0.26558995246887207,53,796,0.2896174863387978,0.06658291457286432,100,1268,0.546448087431694,0.07886435331230283,133,1434,0.726775956284153,0.09274755927475593,160,1617,0.8743169398907104,0.09894867037724181,172,1792,0.9398907103825137,0.09598214285714286
v_churchill,viewpoint,orb,1_4,4,2000,2000,64,0.26558995246887207,10,996,0.15625,0.010040160642570281,31,1578,0.484375,0.01964512040557668,44,1743,0.6875,0.025243832472748137,50,1869,0.78125,0.02675227394328518,55,1958,0.859375,0.028089887640449437
v_churchill,viewpoint,orb,1_5,5,2000,2000,1130,0.26558995246887207,684,1487,0.6053097345132743,0.45998655010087425,1016,1875,0.8991150442477877,0.5418666666666667,1100,1942,0.9734513274336283,0.5664263645726055,1120,1985,0.9911504424778761,0.5642317380352645,1128,1995,0.9982300884955753,0.5654135338345865
v_churchill,viewpoint,orb,1_6,6,2000,2000,29,0.26558995246887207,1,852,0.034482758620689655,0.0011737089201877935,5,1476,0.1724137931034483,0.0033875338753387536,7,1640,0.2413793103448276,0.00426829268292683,9,1784,0.3103448275862069,0.005044843049327354,10,1913,0.3448275862068966,0.005227391531625719
v_circus,viewpoint,sift,1_2,2,4503,3675,1851,1.080268955230713,1584,1934,0.8557536466774717,0.8190279214064116,1714,2236,0.9259859535386278,0.7665474060822898,1724,2595,0.9313884386817937,0.6643545279383429,1734,3445,0.9367909238249594,0.5033381712626995,1740,4206,0.940032414910859,0.4136947218259629
v_circus,viewpoint,sift,1_3,3,4503,3611,791,1.080268955230713,174,440,0.21997471554993678,0.39545454545454545,446,1263,0.5638432364096081,0.35312747426761676,546,1849,0.6902654867256637,0.2952947539210384,595,2666,0.7522123893805309,0.2231807951987997,622,3573,0.786346396965866,0.17408340330254687
v_circus,viewpoint,sift,1_4,4,4503,3282,358,1.080268955230713,35,260,0.09776536312849161,0.1346153846153846,112,948,0.3128491620111732,0.11814345991561181,170,1587,0.4748603351955307,0.10712035286704474,195,2470,0.5446927374301676,0.07894736842105263,208,3350,0.5810055865921788,0.06208955223880597
v_circus,viewpoint,sift,1_5,5,4503,3895,1381,1.080268955230713,435,654,0.3149891383055757,0.6651376146788991,914,1545,0.6618392469225199,0.5915857605177993,1129,2196,0.8175235336712527,0.5141165755919854,1201,3060,0.8696596669080376,0.39248366013071895,1217,3931,0.8812454742939899,0.30959043500381583
v_circus,viewpoint,sift,1_6,6,4503,3271,634,1.080268955230713,158,468,0.24921135646687698,0.33760683760683763,341,1240,0.5378548895899053,0.275,405,1839,0.638801261829653,0.22022838499184338,437,2899,0.6892744479495269,0.1507416350465678,456,4012,0.7192429022082019,0.11365902293120637
v_circus,viewpoint,orb,1_2,2,2000,2000,598,0.27601280212402346,326,1278,0.5451505016722408,0.25508607198748046,506,1676,0.8461538461538461,0.301909307875895,539,1775,0.9013377926421404,0.3036619718309859,548,1873,0.9163879598662207,0.29257875066737854,548,1932,0.9163879598662207,0.2836438923395445
v_circus,viewpoint,orb,1_3,3,2000,2000,257,0.27601280212402346,35,468,0.13618677042801555,0.07478632478632478,121,1106,0.4708171206225681,0.10940325497287523,172,1401,0.669260700389105,0.12276945039257674,200,1655,0.7782101167315175,0.12084592145015106,202,1802,0.7859922178988327,0.1120976692563818
v_circus,viewpoint,orb,1_4,4,2000,2000,95,0.27601280212402346,5,306,0.05263157894736842,0.016339869281045753,14,772,0.14736842105263157,0.018134715025906734,27,1091,0.28421052631578947,0.02474793767186068,36,1327,0.37894736842105264,0.027128862094951016,43,1579,0.45263157894736844,0.027232425585813805
v_circus,viewpoint,orb,1_5,5,2000,2000,416,0.27601280212402346,77,591,0.18509615384615385,0.13028764805414553,241,1299,0.5793269230769231,0.1855273287143957,330,1635,0.7932692307692307,0.2018348623853211,363,1806,0.8725961538461539,0.2009966777408638,366,1875,0.8798076923076923,0.1952
v_circus,viewpoint,orb,1_6,6,2000,2000,155,0.27601280212402346,28,429,0.18064516129032257,0.06526806526806526,68,1043,0.43870967741935485,0.06519654841802493,94,1370,0.6064516129032258,0.06861313868613139,109,1635,0.7032258064516129,0.06666666666666667,114,1850,0.7354838709677419,0.061621621621621624
v_coffeehouse,viewpoint,sift,1_2,2,2935,6303,1096,1.0108296394348144,482,748,0.4397810218978102,0.6443850267379679,866,1416,0.7901459854014599,0.6115819209039548,969,1730,0.8841240875912408,0.5601156069364162,1009,2158,0.9206204379562044,0.4675625579240037,1030,2641,0.9397810218978102,0.3900037864445286
v_coffeehouse,viewpoint,sift,1_3,3,2935,6285,1343,1.0108296394348144,586,779,0.43633655994043186,0.7522464698331194,1116,1539,0.8309754281459419,0.7251461988304093,1230,1828,0.9158600148920327,0.6728665207877462,1284,2175,0.9560685033507074,0.5903448275862069,1293,2587,0.9627699180938198,0.4998067259373792
v_coffeehouse,viewpoint,sift,1_4,4,2935,3619,1015,1.0108296394348144,187,316,0.18423645320197043,0.5917721518987342,458,835,0.45123152709359604,0.548502994011976,678,1277,0.6679802955665025,0.5309318715740016,941,1839,0.9270935960591133,0.5116911364872213,976,2265,0.961576354679803,0.43090507726269317
v_coffeehouse,viewpoint,sift,1_5,5,2935,7113,1081,1.0108296394348144,538,747,0.4976873265494912,0.7202141900937081,904,1344,0.8362627197039778,0.6726190476190477,993,1657,0.9185938945420906,0.5992757996378998,1031,2144,0.9537465309898242,0.4808768656716418,1038,2659,0.9602220166512488,0.390372320421211
v_coffeehouse,viewpoint,sift,1_6,6,2935,5111,566,1.0108296394348144,108,261,0.19081272084805653,0.41379310344827586,283,743,0.5,0.38088829071332436,398,1172,0.7031802120141343,0.3395904436860068,472,1745,0.833922261484099,0.270487106017192,528,2322,0.9328621908127208,0.22739018087855298
v_coffeehouse,viewpoint,orb,1_2,2,2000,2000,242,0.33182458877563475,76,848,0.3140495867768595,0.08962264150943396,170,1487,0.7024793388429752,0.11432414256893074,216,1749,0.8925619834710744,0.1234991423670669,237,1920,0.9793388429752066,0.1234375,238,1972,0.9834710743801653,0.1206896551724138
v_coffeehouse,viewpoint,orb,1_3,3,2000,2000,431,0.33182458877563475,129,869,0.29930394431554525,0.14844649021864212,320,1563,0.7424593967517401,0.20473448496481125,385,1790,0.8932714617169374,0.21508379888268156,421,1899,0.9767981438515081,0.22169562927856767,425,1951,0.9860788863109049,0.21783700666324962
v_coffeehouse,viewpoint,orb,1_4,4,2000,2000,244,0.33182458877563475,22,523,0.09016393442622951,0.04206500956022945,78,1173,0.319672131147541,0.06649616368286446,144,1525,0.5901639344262295,0.09442622950819672,215,1765,0.8811475409836066,0.12181303116147309,233,1861,0.9549180327868853,0.12520150456743687
v_coffeehouse,viewpoint,orb,1_5,5,2000,2000,290,0.33182458877563475,102,851,0.35172413793103446,0.11985898942420682,220,1529,0.7586206896551724,0.14388489208633093,270,1781,0.9310344827586207,0.15160022459292533,287,1936,0.9896551724137931,0.14824380165289255,288,1975,0.993103448275862,0.1458227848101266
v_coffeehouse,viewpoint,orb,1_6,6,2000,2000,112,0.33182458877563475,17,290,0.15178571428571427,0.05862068965517241,44,775,0.39285714285714285,0.0567741935483871,71,1181,0.6339285714285714,0.060118543607112614,89,1624,0.7946428571428571,0.05480295566502463,98,1872,0.875,0.05235042735042735
v_colors,viewpoint,sift,1_2,2,391,439,119,0.19470443725585937,34,120,0.2857142857142857,0.2833333333333333,42,147,0.35294117647058826,0.2857142857142857,52,174,0.4369747899159664,0.2988505747126437,59,214,0.4957983193277311,0.2757009345794392,72,267,0.6050420168067226,0.2696629213483146
v_colors,viewpoint,sift,1_3,3,391,399,100,0.19470443725585937,18,87,0.18,0.20689655172413793,24,119,0.24,0.20168067226890757,31,148,0.31,0.20945945945945946,40,187,0.4,0.21390374331550802,50,233,0.5,0.2145922746781116
v_colors,viewpoint,sift,1_4,4,391,636,64,0.19470443725585937,0,26,0.0,0.0,1,50,0.015625,0.02,1,65,0.015625,0.015384615384615385,2,94,0.03125,0.02127659574468085,5,128,0.078125,0.0390625
v_colors,viewpoint,sift,1_5,5,391,557,47,0.19470443725585937,0,17,0.0,0.0,1,49,0.02127659574468085,0.02040816326530612,2,71,0.0425531914893617,0.028169014084507043,2,96,0.0425531914893617,0.020833333333333332,4,131,0.0851063829787234,0.030534351145038167
v_colors,viewpoint,sift,1_6,6,391,1439,44,0.19470443725585937,2,5,0.045454545454545456,0.4,2,33,0.045454545454545456,0.06060606060606061,2,41,0.045454545454545456,0.04878048780487805,3,78,0.06818181818181818,0.038461538461538464,6,105,0.13636363636363635,0.05714285714285714
v_colors,viewpoint,orb,1_2,2,1606,1721,207,0.2056729793548584,82,785,0.3961352657004831,0.10445859872611465,144,1110,0.6956521739130435,0.12972972972972974,170,1207,0.821256038647343,0.14084507042253522,183,1270,0.8840579710144928,0.14409448818897638,185,1349,0.893719806763285,0.13713862120088954
v_colors,viewpoint,orb,1_3,3,1606,1795,107,0.2056729793548584,25,661,0.2336448598130841,0.037821482602118005,57,993,0.5327102803738317,0.05740181268882175,68,1097,0.6355140186915887,0.06198723792160438,80,1154,0.7476635514018691,0.06932409012131716,82,1200,0.7663551401869159,0.06833333333333333
v_colors,viewpoint,orb,1_4,4,1606,1925,65,0.2056729793548584,6,312,0.09230769230769231,0.019230769230769232,14,680,0.2153846153846154,0.020588235294117647,19,841,0.2923076923076923,0.022592152199762187,22,995,0.3384615384615385,0.022110552763819097,25,1086,0.38461538461538464,0.02302025782688766
v_colors,viewpoint,orb,1_5,5,1606,1882,39,0.2056729793548584,0,233,0.0,0.0,3,544,0.07692307692307693,0.0055147058823529415,7,732,0.1794871794871795,0.009562841530054645,9,922,0.23076923076923078,0.009761388286334056,9,1064,0.23076923076923078,0.008458646616541353
v_colors,viewpoint,orb,1_6,6,1606,1856,33,0.2056729793548584,1,170,0.030303030303030304,0.0058823529411764705,3,466,0.09090909090909091,0.006437768240343348,4,678,0.12121212121212122,0.0058997050147492625,5,878,0.15151515151515152,0.0056947608200455585,9,1003,0.2727272727272727,0.00897308075772682
v_courses,viewpoint,sift,1_2,2,3645,3573,2035,0.8371220588684082,1110,1441,0.5454545454545454,0.7702984038861902,1709,2266,0.8398034398034399,0.7541924095322153,1839,2558,0.9036855036855037,0.718921032056294,1866,2989,0.9169533169533169,0.6242890598862496,1875,3383,0.9213759213759214,0.5542417972214011
v_courses,viewpoint,sift,1_3,3,3645,3243,1240,0.8371220588684082,293,561,0.23629032258064517,0.5222816399286988,637,1337,0.5137096774193548,0.47643979057591623,882,2004,0.7112903225806452,0.44011976047904194,1028,2673,0.8290322580645161,0.38458660680882906,1073,3299,0.8653225806451613,0.32525007578053955
v_courses,viewpoint,sift,1_4,4,3645,3475,1285,0.8371220588684082,285,567,0.22178988326848248,0.5026455026455027,768,1545,0.5976653696498054,0.4970873786407767,989,2118,0.7696498054474709,0.4669499527856468,1086,2738,0.845136186770428,0.3966398831263696,1115,3348,0.867704280155642,0.3330346475507766
v_courses,viewpoint,sift,1_5,5,3645,3496,615,0.8371220588684082,29,221,0.04715447154471545,0.13122171945701358,122,795,0.1983739837398374,0.15345911949685534,240,1477,0.3902439024390244,0.16249153689911983,401,2396,0.6520325203252032,0.16736227045075125,445,3237,0.7235772357723578,0.13747296879827
v_courses,viewpoint,sift,1_6,6,3645,3179,448,0.8371220588684082,8,167,0.017857142857142856,0.04790419161676647,47,603,0.10491071428571429,0.0779436152570481,115,1177,0.25669642857142855,0.09770603228547153,238,2167,0.53125,0.10982925703737886,293,3100,0.6540178571428571,0.09451612903225806
v_courses,viewpoint,orb,1_2,2,2000,2000,968,0.3130685806274414,447,1244,0.4617768595041322,0.35932475884244375,788,1763,0.8140495867768595,0.446965399886557,899,1879,0.9287190082644629,0.47844598190526877,938,1946,0.96900826446281,0.48201438848920863,943,1978,0.9741735537190083,0.47674418604651164
v_courses,viewpoint,orb,1_3,3,2000,2000,336,0.3130685806274414,61,789,0.18154761904761904,0.07731305449936629,192,1427,0.5714285714285714,0.1345480028030834,264,1683,0.7857142857142857,0.1568627450980392,303,1851,0.9017857142857143,0.16369529983792544,313,1964,0.9315476190476191,0.15936863543788188
v_courses,viewpoint,orb,1_4,4,2000,2000,669,0.3130685806274414,155,762,0.23168908819133036,0.20341207349081364,432,1405,0.6457399103139013,0.3074733096085409,570,1630,0.852017937219731,0.3496932515337423,624,1770,0.9327354260089686,0.3525423728813559,632,1880,0.9446935724962631,0.33617021276595743
v_courses,viewpoint,orb,1_5,5,2000,2000,296,0.3130685806274414,36,459,0.12162162162162163,0.0784313725490196,118,988,0.39864864864864863,0.1194331983805668,185,1314,0.625,0.14079147640791476,260,1542,0.8783783783783784,0.16861219195849547,268,1693,0.9054054054054054,0.15829887773183698
v_courses,viewpoint,orb,1_6,6,2000,2000,178,0.3130685806274414,12,350,0.06741573033707865,0.03428571428571429,48,802,0.2696629213483146,0.059850374064837904,90,1131,0.5056179775280899,0.07957559681697612,138,1373,0.7752808988764045,0.10050983248361253,148,1572,0.8314606741573034,0.09414758269720101
v_dirtywall,viewpoint,sift,1_2,2,14050,13057,5763,6.799590015411377,4931,6253,0.855630747874371,0.7885814808891732,5516,7572,0.9571403782752039,0.728473322768093,5651,8986,0.980565677598473,0.6288671266414423,5701,12042,0.989241714384869,0.4734263411393456,5708,13904,0.9904563595349645,0.4105293440736479
v_dirtywall,viewpoint,sift,1_3,3,14050,9595,1937,6.799590015411377,1494,3161,0.771295818275684,0.4726352420120215,1801,4591,0.9297883324728963,0.39228926159878025,1840,6041,0.9499225606608157,0.3045853335540473,1864,9388,0.9623128549303046,0.19855134213890072,1873,12906,0.966959215281363,0.14512629784596312
v_dirtywall,viewpoint,sift,1_4,4,14050,9357,388,6.799590015411377,200,2023,0.5154639175257731,0.09886307464162135,304,3696,0.7835051546391752,0.08225108225108226,336,5411,0.865979381443299,0.062095730918499355,345,8892,0.8891752577319587,0.038798920377867745,349,12511,0.8994845360824743,0.02789545200223803
v_dirtywall,viewpoint,sift,1_5,5,14050,12713,2321,6.799590015411377,1722,4001,0.7419215855234813,0.4303924018995251,2186,6191,0.941835415769065,0.35309319980617027,2249,7948,0.968978888410168,0.282964267740312,2279,11349,0.981904351572598,0.2008106441096132,2285,13657,0.984489444205084,0.16731346562202534
v_dirtywall,viewpoint,sift,1_6,6,14050,9840,262,6.799590015411377,177,1642,0.6755725190839694,0.10779537149817296,211,3260,0.8053435114503816,0.0647239263803681,220,5183,0.8396946564885496,0.04244645957939417,220,9058,0.8396946564885496,0.024287922278648708,221,13104,0.8435114503816794,0.016865079365079364
v_dirtywall,viewpoint,orb,1_2,2,2000,2000,689,0.2856959342956543,384,1020,0.5573294629898403,0.3764705882352941,619,1481,0.8984034833091437,0.4179608372721134,672,1600,0.9753265602322206,0.42,684,1689,0.9927431059506531,0.4049733570159858,686,1819,0.9956458635703919,0.377130291368884
v_dirtywall,viewpoint,orb,1_3,3,2000,2000,370,0.2856959342956543,161,810,0.43513513513513513,0.19876543209876543,302,1184,0.8162162162162162,0.25506756756756754,351,1318,0.9486486486486486,0.26631259484066766,360,1437,0.972972972972973,0.25052192066805845,363,1584,0.981081081081081,0.22916666666666666
v_dirtywall,viewpoint,orb,1_4,4,2000,2000,103,0.2856959342956543,37,600,0.3592233009708738,0.06166666666666667,82,988,0.7961165048543689,0.08299595141700405,97,1142,0.941747572815534,0.08493870402802102,100,1308,0.970873786407767,0.0764525993883792,100,1478,0.970873786407767,0.06765899864682003
v_dirtywall,viewpoint,orb,1_5,5,2000,2000,191,0.2856959342956543,98,729,0.5130890052356021,0.13443072702331962,162,1216,0.8481675392670157,0.13322368421052633,180,1390,0.9424083769633508,0.12949640287769784,183,1545,0.9581151832460733,0.11844660194174757,184,1707,0.9633507853403142,0.10779144698301113
v_dirtywall,viewpoint,orb,1_6,6,2000,2000,12,0.2856959342956543,3,147,0.25,0.02040816326530612,6,314,0.5,0.01910828025477707,6,425,0.5,0.01411764705882353,6,595,0.5,0.010084033613445379,6,856,0.5,0.007009345794392523
v_dogman,viewpoint,sift,1_2,2,1398,1382,515,0.2571512222290039,331,406,0.6427184466019418,0.8152709359605911,450,587,0.8737864077669902,0.7666098807495741,468,681,0.9087378640776699,0.6872246696035242,487,884,0.945631067961165,0.5509049773755657,498,1094,0.9669902912621359,0.45521023765996343
v_dogman,viewpoint,sift,1_3,3,1398,1605,705,0.2571512222290039,551,610,0.7815602836879433,0.9032786885245901,622,745,0.8822695035460993,0.8348993288590604,637,845,0.9035460992907801,0.7538461538461538,653,1046,0.926241134751773,0.624282982791587,657,1288,0.9319148936170213,0.5100931677018633
v_dogman,viewpoint,sift,1_4,4,1398,1587,69,0.2571512222290039,5,107,0.07246376811594203,0.04672897196261682,19,280,0.2753623188405797,0.06785714285714285,29,431,0.42028985507246375,0.06728538283062645,36,684,0.5217391304347826,0.05263157894736842,50,1039,0.7246376811594203,0.04812319538017324
v_dogman,viewpoint,sift,1_5,5,1398,1347,315,0.2571512222290039,165,289,0.5238095238095238,0.5709342560553633,242,486,0.7682539682539683,0.49794238683127573,273,611,0.8666666666666667,0.44680851063829785,285,819,0.9047619047619048,0.34798534798534797,296,1098,0.9396825396825397,0.26958105646630237
v_dogman,viewpoint,sift,1_6,6,1398,1285,49,0.2571512222290039,2,52,0.04081632653061224,0.038461538461538464,8,186,0.16326530612244897,0.043010752688172046,11,327,0.22448979591836735,0.03363914373088685,17,562,0.3469387755102041,0.030249110320284697,24,925,0.4897959183673469,0.025945945945945945
v_dogman,viewpoint,orb,1_2,2,2000,2000,601,0.2626053810119629,223,1006,0.37104825291181365,0.2216699801192843,460,1497,0.7653910149750416,0.3072812291249165,552,1696,0.9184692179700499,0.32547169811320753,591,1833,0.9833610648918469,0.32242225859247137,600,1902,0.9983361064891847,0.31545741324921134
v_dogman,viewpoint,orb,1_3,3,2000,2000,981,0.2626053810119629,534,1322,0.5443425076452599,0.4039334341906203,867,1771,0.8837920489296636,0.48955392433653305,945,1886,0.963302752293578,0.5010604453870625,972,1951,0.9908256880733946,0.4982060481804203,977,1974,0.9959225280326198,0.4949341438703141
v_dogman,viewpoint,orb,1_4,4,2000,2000,25,0.2626053810119629,1,482,0.04,0.002074688796680498,4,988,0.16,0.004048582995951417,8,1232,0.32,0.006493506493506494,13,1463,0.52,0.00888585099111415,15,1662,0.6,0.009025270758122744
v_dogman,viewpoint,orb,1_5,5,2000,2000,293,0.2626053810119629,100,876,0.3412969283276451,0.1141552511415525,188,1431,0.6416382252559727,0.13137665967854648,232,1602,0.7918088737201365,0.14481897627965043,275,1765,0.9385665529010239,0.1558073654390935,286,1865,0.9761092150170648,0.15335120643431635
v_dogman,viewpoint,orb,1_6,6,2000,2000,31,0.2626053810119629,2,356,0.06451612903225806,0.0056179775280898875,4,752,0.12903225806451613,0.005319148936170213,6,971,0.1935483870967742,0.006179196704428424,13,1211,0.41935483870967744,0.010734929810074319,17,1517,0.5483870967741935,0.01120632827949901
v_eastsouth,viewpoint,sift,1_2,2,10261,8811,2958,3.5208216667175294,2645,3850,0.894185260311021,0.687012987012987,2882,4750,0.9743069641649763,0.6067368421052631,2900,6048,0.9803921568627451,0.4794973544973545,2910,8749,0.9837728194726166,0.33260944107898044,2913,10151,0.9847870182555781,0.2869668013003645
v_eastsouth,viewpoint,sift,1_3,3,10261,7881,1970,3.5208216667175294,1806,2916,0.916751269035533,0.6193415637860082,1916,3753,0.9725888324873097,0.5105249134026112,1928,5374,0.9786802030456853,0.35876442128768143,1933,8300,0.9812182741116752,0.23289156626506025,1935,10067,0.9822335025380711,0.1922121784046886
v_eastsouth,viewpoint,sift,1_4,4,10261,7417,1312,3.5208216667175294,988,1784,0.7530487804878049,0.5538116591928252,1261,3179,0.9611280487804879,0.3966656181189053,1272,4924,0.9695121951219512,0.25832656376929325,1275,8158,0.9717987804878049,0.1562883059573425,1277,10052,0.9733231707317073,0.12703939514524473
v_eastsouth,viewpoint,sift,1_5,5,10261,7040,988,3.5208216667175294,884,1529,0.8947368421052632,0.578155657292348,941,2787,0.9524291497975709,0.3376390383925368,943,4857,0.9544534412955465,0.19415276919909408,947,8157,0.958502024291498,0.11609660414368027,949,10108,0.9605263157894737,0.09388603086664028
v_eastsouth,viewpoint,sift,1_6,6,10261,5189,529,3.5208216667175294,463,1020,0.8752362948960303,0.453921568627451,492,2465,0.9300567107750473,0.1995943204868154,496,4571,0.9376181474480151,0.10851017282870269,496,7824,0.9376181474480151,0.06339468302658487,496,9976,0.9376181474480151,0.04971932638331997
v_eastsouth,viewpoint,orb,1_2,2,2000,2000,912,0.3057684898376465,519,1131,0.569078947368421,0.4588859416445623,823,1505,0.9024122807017544,0.546843853820598,888,1622,0.9736842105263158,0.5474722564734895,906,1780,0.993421052631579,0.5089887640449439,909,1923,0.9967105263157895,0.47269890795631825
v_eastsouth,viewpoint,orb,1_3,3,2000,2000,664,0.3057684898376465,394,967,0.5933734939759037,0.4074457083764219,589,1335,0.8870481927710844,0.4411985018726592,632,1515,0.9518072289156626,0.4171617161716172,652,1677,0.9819277108433735,0.38878950506857485,656,1880,0.9879518072289156,0.34893617021276596
v_eastsouth,viewpoint,orb,1_4,4,2000,2000,370,0.3057684898376465,186,725,0.5027027027027027,0.25655172413793104,329,1180,0.8891891891891892,0.2788135593220339,356,1387,0.9621621621621622,0.25666906993511174,359,1589,0.9702702702702702,0.22592825676526118,362,1841,0.9783783783783784,0.1966322650733297
v_eastsouth,viewpoint,orb,1_5,5,2000,2000,174,0.3057684898376465,107,425,0.6149425287356322,0.25176470588235295,156,723,0.896551724137931,0.2157676348547718,163,909,0.9367816091954023,0.1793179317931793,164,1185,0.9425287356321839,0.13839662447257384,166,1610,0.9540229885057471,0.1031055900621118
v_eastsouth,viewpoint,orb,1_6,6,2000,2000,123,0.3057684898376465,80,410,0.6504065040650406,0.1951219512195122,116,783,0.943089430894309,0.14814814814814814,117,961,0.9512195121951219,0.12174817898022892,119,1268,0.967479674796748,0.09384858044164038,119,1751,0.967479674796748,0.06796116504854369
v_feast,viewpoint,sift,1_2,2,18279,12115,4958,11.441736936569214,4419,5695,0.891286809197257,0.7759438103599648,4807,7089,0.9695441710367083,0.6780928198617576,4860,9778,0.9802339653085922,0.49703415831458375,4875,14978,0.9832593787817668,0.32547736680464684,4879,18049,0.9840661557079468,0.2703196853011247
v_feast,viewpoint,sift,1_3,3,18279,16564,3854,11.441736936569214,1492,3127,0.38713025428126624,0.477134633834346,2935,7021,0.7615464452516866,0.418031619427432,3408,10103,0.8842760768033212,0.3373255468672671,3662,15112,0.9501816294758693,0.2423239809422975,3764,18059,0.9766476388168137,0.20842793067168724
v_feast,viewpoint,sift,1_4,4,18279,11047,1374,11.441736936569214,604,2491,0.4395924308588064,0.24247290244881572,1008,5944,0.7336244541484717,0.1695827725437416,1129,9554,0.8216885007278021,0.11817039983253087,1202,14802,0.8748180494905385,0.0812052425347926,1245,17976,0.9061135371179039,0.06925901201602136
v_feast,viewpoint,sift,1_5,5,18279,15409,3029,11.441736936569214,1119,2901,0.3694288544073952,0.3857290589451913,2205,6688,0.7279630241003632,0.329694976076555,2604,10006,0.8596896665566194,0.26024385368778735,2843,15063,0.9385935952459558,0.18874062271791808,2936,18017,0.9692967976229779,0.16295720708220016
v_feast,viewpoint,sift,1_6,6,18279,13425,1201,11.441736936569214,307,1912,0.2556203164029975,0.16056485355648537,769,5275,0.6402997502081599,0.145781990521327,946,8780,0.787676935886761,0.10774487471526197,1063,14335,0.8850957535387177,0.07415416811998604,1113,18020,0.9267277268942548,0.061764705882352944
v_feast,viewpoint,orb,1_2,2,2000,2000,704,0.3526564598083496,430,1187,0.6107954545454546,0.36225779275484415,653,1583,0.9275568181818182,0.41250789639924196,693,1653,0.984375,0.4192377495462795,701,1747,0.9957386363636364,0.4012593016599886,702,1868,0.9971590909090909,0.3758029978586724
v_feast,viewpoint,orb,1_3,3,2000,2000,379,0.3526564598083496,136,728,0.35883905013192613,0.18681318681318682,301,1263,0.7941952506596306,0.23832145684877276,351,1455,0.9261213720316622,0.24123711340206186,375,1595,0.9894459102902374,0.23510971786833856,377,1752,0.9947229551451188,0.2151826484018265
v_feast,viewpoint,orb,1_4,4,2000,2000,79,0.3526564598083496,21,429,0.26582278481012656,0.04895104895104895,59,808,0.7468354430379747,0.07301980198019802,68,957,0.8607594936708861,0.07105538140020899,71,1142,0.8987341772151899,0.06217162872154115,72,1465,0.9113924050632911,0.049146757679180884
v_feast,viewpoint,orb,1_5,5,2000,2000,412,0.3526564598083496,162,698,0.3932038834951456,0.23209169054441262,316,1195,0.7669902912621359,0.2644351464435146,384,1382,0.9320388349514563,0.2778581765557164,408,1509,0.9902912621359223,0.27037773359840955,408,1696,0.9902912621359223,0.24056603773584906
v_feast,viewpoint,orb,1_6,6,2000,2000,150,0.3526564598083496,36,524,0.24,0.06870229007633588,95,983,0.6333333333333333,0.09664292980671414,128,1162,0.8533333333333334,0.11015490533562823,139,1324,0.9266666666666666,0.10498489425981873,141,1568,0.94,0.0899234693877551
v_fest,viewpoint,sift,1_2,2,9402,9991,3287,4.040138387680054,2160,3035,0.6571341648919988,0.7116968698517299,3066,4601,0.9327654396105871,0.6663768745924799,3194,5206,0.9717067234560389,0.6135228582404917,3227,6445,0.9817462731974445,0.5006982156710629,3238,7415,0.985092789777913,0.43668240053944707
v_fest,viewpoint,sift,1_3,3,9402,8961,916,4.040138387680054,188,1055,0.2052401746724891,0.17819905213270143,482,2650,0.5262008733624454,0.18188679245283018,663,3940,0.7237991266375546,0.1682741116751269,771,5803,0.8417030567685589,0.13286231259693262,840,7307,0.9170305676855895,0.11495825920350349
v_fest,viewpoint,sift,1_4,4,9402,9528,2550,4.040138387680054,1099,1721,0.43098039215686273,0.6385822196397444,2109,3442,0.8270588235294117,0.6127251597908193,2404,4195,0.9427450980392157,0.5730631704410012,2471,5231,0.9690196078431372,0.472376218696234,2485,6227,0.9745098039215686,0.39906857234623416
v_fest,viewpoint,sift,1_5,5,9402,8857,1015,4.040138387680054,292,1165,0.2876847290640394,0.2506437768240343,689,3038,0.6788177339901478,0.22679394338380512,881,4423,0.8679802955665025,0.1991860728012661,941,6358,0.9270935960591133,0.14800251651462723,953,8065,0.9389162561576355,0.11816491010539368
v_fest,viewpoint,sift,1_6,6,9402,8178,468,4.040138387680054,71,792,0.1517094017094017,0.08964646464646464,234,2314,0.5,0.10112359550561797,336,3535,0.717948717948718,0.09504950495049505,397,5638,0.8482905982905983,0.07041504079460802,404,7559,0.8632478632478633,0.05344622304537637
v_fest,viewpoint,orb,1_2,2,2000,2000,618,0.2819684982299805,282,935,0.4563106796116505,0.3016042780748663,533,1362,0.8624595469255664,0.39133627019089573,597,1457,0.9660194174757282,0.40974605353466026,613,1552,0.9919093851132686,0.3949742268041237,614,1637,0.9935275080906149,0.3750763591936469
v_fest,viewpoint,orb,1_3,3,2000,2000,98,0.2819684982299805,13,515,0.1326530612244898,0.02524271844660194,42,988,0.42857142857142855,0.04251012145748988,69,1146,0.7040816326530612,0.060209424083769635,81,1340,0.826530612244898,0.06044776119402985,88,1518,0.8979591836734694,0.057971014492753624
v_fest,viewpoint,orb,1_4,4,2000,2000,495,0.2819684982299805,148,635,0.298989898989899,0.23307086614173228,358,1115,0.7232323232323232,0.32107623318385653,445,1269,0.898989898989899,0.35066981875492514,487,1396,0.9838383838383838,0.34885386819484243,489,1519,0.9878787878787879,0.3219223173140224
v_fest,viewpoint,orb,1_5,5,2000,2000,171,0.2819684982299805,36,547,0.21052631578947367,0.06581352833638025,103,1029,0.6023391812865497,0.1000971817298348,137,1227,0.8011695906432749,0.11165444172779136,162,1401,0.9473684210526315,0.11563169164882227,164,1577,0.9590643274853801,0.10399492707672796
v_fest,viewpoint,orb,1_6,6,2000,2000,71,0.2819684982299805,5,421,0.07042253521126761,0.011876484560570071,27,832,0.38028169014084506,0.03245192307692308,44,1041,0.6197183098591549,0.04226705091258405,58,1230,0.8169014084507042,0.04715447154471545,58,1418,0.8169014084507042,0.04090267983074753
v_gardens,viewpoint,sift,1_2,2,6072,6797,1227,2.0976963520050047,774,1778,0.6308068459657702,0.43532058492688414,1060,2699,0.8638956805215974,0.39273805113004817,1122,3305,0.9144254278728606,0.3394856278366112,1150,4475,0.9372453137734311,0.2569832402234637,1155,5523,0.941320293398533,0.20912547528517111
v_gardens,viewpoint,sift,1_3,3,6072,6428,213,2.0976963520050047,10,465,0.046948356807511735,0.021505376344086023,54,1486,0.2535211267605634,0.03633916554508748,93,2412,0.43661971830985913,0.03855721393034826,142,3753,0.6666666666666666,0.03783639754862776,149,5045,0.6995305164319249,0.029534192269573836
v_gardens,viewpoint,sift,1_4,4,6072,7702,2129,2.0976963520050047,1762,2810,0.8276186002818224,0.6270462633451958,2006,3452,0.9422263973696571,0.5811123986095017,2045,3925,0.9605448567402537,0.5210191082802548,2060,5021,0.9675904180366369,0.4102768372834097,2064,5749,0.9694692343823391,0.359018959819099
v_gardens,viewpoint,sift,1_5,5,6072,7782,272,2.0976963520050047,37,713,0.13602941176470587,0.051893408134642355,125,1915,0.45955882352941174,0.06527415143603134,190,2874,0.6985294117647058,0.06610995128740431,221,4274,0.8125,0.05170800187178287,224,5317,0.8235294117647058,0.04212902012413015
v_gardens,viewpoint,sift,1_6,6,6072,5612,2045,2.0976963520050047,1603,2355,0.7838630806845965,0.6806794055201698,1894,3028,0.9261613691931541,0.6254953764861294,1937,3459,0.9471882640586797,0.5599884359641515,1950,4505,0.9535452322738386,0.4328523862375139,1956,5422,0.956479217603912,0.36075248985614167
v_gardens,viewpoint,orb,1_2,2,2000,2000,339,0.28069629669189455,114,897,0.336283185840708,0.12709030100334448,247,1363,0.7286135693215339,0.18121790168745414,297,1552,0.8761061946902655,0.19136597938144329,324,1722,0.9557522123893806,0.18815331010452963,327,1847,0.9646017699115044,0.17704385489983757
v_gardens,viewpoint,orb,1_3,3,2000,2000,26,0.28069629669189455,2,371,0.07692307692307693,0.005390835579514825,5,799,0.19230769230769232,0.006257822277847309,9,1024,0.34615384615384615,0.0087890625,14,1251,0.5384615384615384,0.011191047162270184,17,1568,0.6538461538461539,0.010841836734693877
v_gardens,viewpoint,orb,1_4,4,2000,2000,579,0.28069629669189455,299,1050,0.5164075993091537,0.28476190476190477,478,1488,0.8255613126079447,0.32123655913978494,551,1631,0.9516407599309153,0.3378295524218271,570,1738,0.9844559585492227,0.32796317606444186,573,1840,0.9896373056994818,0.3114130434782609
v_gardens,viewpoint,orb,1_5,5,2000,2000,46,0.28069629669189455,7,524,0.15217391304347827,0.013358778625954198,10,968,0.21739130434782608,0.010330578512396695,20,1168,0.43478260869565216,0.017123287671232876,26,1357,0.5652173913043478,0.01915991156963891,27,1540,0.5869565217391305,0.01753246753246753
v_gardens,viewpoint,orb,1_6,6,2000,2000,674,0.28069629669189455,341,1124,0.5059347181008902,0.30338078291814946,573,1518,0.8501483679525222,0.3774703557312253,632,1619,0.9376854599406528,0.39036442248301423,663,1709,0.983679525222552,0.3879461673493271,668,1809,0.9910979228486647,0.3692647871752349
v_grace,viewpoint,sift,1_2,2,4226,4546,1887,1.2579851150512695,1572,2401,0.8330683624801272,0.6547271970012495,1658,2616,0.8786433492315845,0.6337920489296636,1679,2771,0.8897721250662427,0.6059184409960303,1693,3314,0.8971913089560148,0.5108630054315028,1703,3855,0.9024907260201378,0.4417639429312581
v_grace,viewpoint,sift,1_3,3,4226,4606,1310,1.2579851150512695,926,1899,0.7068702290076336,0.48762506582411796,1065,2359,0.8129770992366412,0.45146248410343365,1085,2611,0.8282442748091603,0.4155495978552279,1097,3230,0.8374045801526717,0.3396284829721362,1109,3879,0.8465648854961833,0.2858984274297499
v_grace,viewpoint,sift,1_4,4,4226,4909,766,1.2579851150512695,385,1318,0.5026109660574413,0.2921092564491654,484,1925,0.6318537859007833,0.25142857142857145,505,2313,0.6592689295039165,0.21833117163856464,518,3084,0.6762402088772846,0.16796368352788585,529,3856,0.6906005221932114,0.13718879668049794
v_grace,viewpoint,sift,1_5,5,4226,4863,402,1.2579851150512695,83,750,0.2064676616915423,0.11066666666666666,123,1441,0.30597014925373134,0.08535739070090215,132,2016,0.3283582089552239,0.06547619047619048,141,2943,0.35074626865671643,0.047910295616717634,143,3759,0.35572139303482586,0.03804203245544028
v_grace,viewpoint,sift,1_6,6,4226,4834,221,1.2579851150512695,5,348,0.02262443438914027,0.014367816091954023,9,974,0.04072398190045249,0.009240246406570842,10,1580,0.04524886877828054,0.006329113924050633,10,2599,0.04524886877828054,0.003847633705271258,11,3584,0.049773755656108594,0.0030691964285714285
v_grace,viewpoint,orb,1_2,2,2000,2000,851,0.30568671226501465,417,1156,0.4900117508813161,0.3607266435986159,663,1617,0.7790834312573442,0.4100185528756957,718,1752,0.8437132784958872,0.4098173515981735,741,1843,0.8707403055229143,0.4020618556701031,744,1892,0.8742655699177438,0.39323467230443976
v_grace,viewpoint,orb,1_3,3,2000,2000,455,0.30568671226501465,150,1049,0.32967032967032966,0.14299332697807435,299,1504,0.6571428571428571,0.1988031914893617,342,1627,0.7516483516483516,0.21020282728948986,359,1729,0.789010989010989,0.20763447079236552,362,1804,0.7956043956043956,0.2006651884700665
v_grace,viewpoint,orb,1_4,4,2000,2000,223,0.30568671226501465,47,829,0.21076233183856502,0.05669481302774427,99,1259,0.4439461883408072,0.07863383637807785,128,1428,0.5739910313901345,0.0896358543417367,138,1529,0.6188340807174888,0.09025506867233486,139,1725,0.6233183856502242,0.08057971014492754
v_grace,viewpoint,orb,1_5,5,2000,2000,122,0.30568671226501465,7,593,0.05737704918032787,0.011804384485666104,12,992,0.09836065573770492,0.012096774193548387,12,1134,0.09836065573770492,0.010582010582010581,13,1270,0.10655737704918032,0.010236220472440945,15,1561,0.12295081967213115,0.009609224855861628
v_grace,viewpoint,orb,1_6,6,2000,2000,36,0.30568671226501465,0,374,0.0,0.0,3,716,0.08333333333333333,0.004189944134078212,3,888,0.08333333333333333,0.0033783783783783786,4,1090,0.1111111111111111,0.003669724770642202,8,1531,0.2222222222222222,0.005225342913128674
v_graffiti,viewpoint,sift,1_2,2,2674,3062,1099,0.6403522491455078,750,926,0.6824385805277525,0.8099352051835853,992,1309,0.902638762511374,0.7578304048892284,1023,1477,0.9308462238398544,0.6926201760324983,1035,1861,0.9417652411282984,0.5561526061257388,1045,2291,0.9508644222020018,0.4561326931470973
v_graffiti,viewpoint,sift,1_3,3,2674,3506,520,0.6403522491455078,137,390,0.26346153846153847,0.35128205128205126,280,887,0.5384615384615384,0.3156708004509583,384,1388,0.7384615384615385,0.276657060518732,439,1951,0.8442307692307692,0.22501281394156844,452,2464,0.8692307692307693,0.18344155844155843
v_graffiti,viewpoint,sift,1_4,4,2674,3668,139,0.6403522491455078,28,338,0.2014388489208633,0.08284023668639054,46,722,0.33093525179856115,0.06371191135734072,50,1034,0.3597122302158273,0.048355899419729204,54,1610,0.38848920863309355,0.03354037267080745,63,2242,0.45323741007194246,0.028099910793933987
v_graffiti,viewpoint,sift,1_5,5,2674,3923,87,0.6403522491455078,1,182,0.011494252873563218,0.005494505494505495,2,481,0.022988505747126436,0.004158004158004158,2,806,0.022988505747126436,0.0024813895781637717,2,1397,0.022988505747126436,0.0014316392269148174,6,2059,0.06896551724137931,0.0029140359397765905
v_graffiti,viewpoint,sift,1_6,6,2674,4792,49,0.6403522491455078,1,135,0.02040816326530612,0.007407407407407408,1,454,0.02040816326530612,0.0022026431718061676,1,875,0.02040816326530612,0.001142857142857143,1,1585,0.02040816326530612,0.0006309148264984228,3,2316,0.061224489795918366,0.0012953367875647669
v_graffiti,viewpoint,orb,1_2,2,2000,2000,716,0.25547966957092283,347,1030,0.48463687150837986,0.33689320388349514,600,1543,0.8379888268156425,0.38885288399222295,680,1677,0.9497206703910615,0.4054859868813357,707,1766,0.9874301675977654,0.4003397508493771,710,1814,0.9916201117318436,0.3914002205071665
v_graffiti,viewpoint,orb,1_3,3,2000,2000,193,0.25547966957092283,40,666,0.20725388601036268,0.06006006006006006,100,1291,0.5181347150259067,0.07745933384972889,144,1538,0.7461139896373057,0.09362808842652796,175,1719,0.9067357512953368,0.10180337405468295,181,1815,0.9378238341968912,0.09972451790633609
v_graffiti,viewpoint,orb,1_4,4,2000,2000,46,0.25547966957092283,5,621,0.10869565217391304,0.008051529790660225,10,1091,0.21739130434782608,0.00916590284142988,13,1252,0.2826086956521739,0.010383386581469648,14,1438,0.30434782608695654,0.009735744089012517,18,1656,0.391304347826087,0.010869565217391304
v_graffiti,viewpoint,orb,1_5,5,2000,2000,16,0.25547966957092283,0,398,0.0,0.0,1,834,0.0625,0.001199040767386091,1,1044,0.0625,0.0009578544061302681,1,1266,0.0625,0.0007898894154818325,2,1505,0.125,0.00132890365448505
v_graffiti,viewpoint,orb,1_6,6,2000,2000,14,0.25547966957092283,0,323,0.0,0.0,0,730,0.0,0.0,0,975,0.0,0.0,0,1194,0.0,0.0,0,1476,0.0,0.0
v_home,viewpoint,sift,1_2,2,7019,6717,1130,2.100229597091675,701,2283,0.620353982300885,0.3070521243977223,964,3274,0.8530973451327434,0.2944410507025046,1004,4223,0.8884955752212389,0.23774567842765806,1016,5721,0.8991150442477877,0.17759133018703024,1034,6565,0.9150442477876106,0.1575019040365575
v_home,viewpoint,sift,1_3,3,7019,5067,427,2.100229597091675,85,853,0.1990632318501171,0.09964830011723329,230,2044,0.5386416861826698,0.11252446183953033,303,3034,0.7096018735362998,0.0998681608437706,320,4442,0.7494145199063232,0.07203962179198559,330,5473,0.7728337236533958,0.06029599853827882
v_home,viewpoint,sift,1_4,4,7019,5705,1261,2.100229597091675,737,2135,0.584456780333069,0.3451990632318501,1111,3223,0.8810467882632831,0.3447098976109215,1141,4139,0.9048374306106265,0.2756704517999517,1161,5815,0.9206978588421887,0.1996560619088564,1170,6755,0.9278350515463918,0.17320503330866024
v_home,viewpoint,sift,1_5,5,7019,3996,265,2.100229597091675,14,528,0.052830188679245285,0.026515151515151516,58,1701,0.2188679245283019,0.03409758965314521,93,2759,0.35094339622641507,0.033707865168539325,120,4382,0.4528301886792453,0.02738475581926061,157,5675,0.5924528301886792,0.027665198237885463
v_home,viewpoint,sift,1_6,6,7019,6283,2590,2.100229597091675,2395,3185,0.9247104247104247,0.7519623233908949,2483,3532,0.9586872586872587,0.7030011325028312,2499,4475,0.9648648648648649,0.5584357541899442,2502,5905,0.9660231660231661,0.4237087214225233,2506,6683,0.9675675675675676,0.3749812958252282
v_home,viewpoint,orb,1_2,2,2000,2000,258,0.27466564178466796,109,1034,0.42248062015503873,0.10541586073500966,198,1602,0.7674418604651163,0.12359550561797752,228,1740,0.8837209302325582,0.1310344827586207,240,1867,0.9302325581395349,0.12854847348687734,242,1931,0.937984496124031,0.12532366649404453
v_home,viewpoint,orb,1_3,3,2000,2000,107,0.27466564178466796,17,768,0.1588785046728972,0.022135416666666668,40,1367,0.37383177570093457,0.029261155815654718,58,1594,0.5420560747663551,0.03638644918444166,69,1751,0.6448598130841121,0.03940605368360937,78,1844,0.7289719626168224,0.04229934924078091
v_home,viewpoint,orb,1_4,4,2000,2000,318,0.27466564178466796,132,982,0.41509433962264153,0.13441955193482688,248,1555,0.779874213836478,0.1594855305466238,278,1710,0.8742138364779874,0.16257309941520467,291,1823,0.9150943396226415,0.15962698848052662,295,1909,0.9276729559748428,0.15453116815086432
v_home,viewpoint,orb,1_5,5,2000,2000,43,0.27466564178466796,2,567,0.046511627906976744,0.003527336860670194,8,1130,0.18604651162790697,0.007079646017699115,14,1298,0.32558139534883723,0.01078582434514638,20,1370,0.46511627906976744,0.014598540145985401,22,1447,0.5116279069767442,0.01520387007601935
v_home,viewpoint,orb,1_6,6,2000,2000,741,0.27466564178466796,433,1111,0.5843454790823212,0.38973897389738976,670,1573,0.9041835357624831,0.4259376986649714,713,1704,0.9622132253711201,0.4184272300469484,723,1799,0.9757085020242915,0.4018899388549194,724,1912,0.9770580296896086,0.3786610878661088
v_laptop,viewpoint,sift,1_2,2,1892,1437,1081,0.28198823928833006,1055,1170,0.9759481961147086,0.9017094017094017,1062,1193,0.9824236817761333,0.8901927912824812,1066,1333,0.9861239592969473,0.7996999249812453,1068,1638,0.9879740980573543,0.652014652014652,1068,1841,0.9879740980573543,0.5801195002715915
v_laptop,viewpoint,sift,1_3,3,1892,1041,714,0.28198823928833006,670,761,0.938375350140056,0.8804204993429697,682,806,0.9551820728291317,0.8461538461538461,682,1017,0.9551820728291317,0.6705998033431662,686,1453,0.9607843137254902,0.47212663454920856,692,1800,0.969187675070028,0.3844444444444444
v_laptop,viewpoint,sift,1_4,4,1892,930,567,0.28198823928833006,534,608,0.9417989417989417,0.8782894736842105,542,668,0.9559082892416225,0.811377245508982,543,890,0.9576719576719577,0.6101123595505618,545,1328,0.9611992945326279,0.41039156626506024,548,1759,0.9664902998236331,0.3115406480955088
v_laptop,viewpoint,sift,1_5,5,1892,992,583,0.28198823928833006,548,642,0.9399656946826758,0.8535825545171339,559,703,0.9588336192109777,0.7951635846372689,560,890,0.9605488850771869,0.6292134831460674,561,1300,0.9622641509433962,0.43153846153846154,564,1718,0.967409948542024,0.32828870779976715
v_laptop,viewpoint,sift,1_6,6,1892,1214,714,0.28198823928833006,659,789,0.9229691876750701,0.835234474017744,686,874,0.9607843137254902,0.7848970251716247,688,1125,0.9635854341736695,0.6115555555555555,692,1564,0.969187675070028,0.4424552429667519,692,1823,0.969187675070028,0.37959407569939657
v_laptop,viewpoint,orb,1_2,2,2000,2000,1108,0.34623079299926757,683,1462,0.6164259927797834,0.46716826265389877,1005,1853,0.9070397111913358,0.5423637344846195,1080,1938,0.9747292418772563,0.5572755417956656,1102,1977,0.9945848375451264,0.5574102175012645,1108,1992,1.0,0.5562248995983936
v_laptop,viewpoint,orb,1_3,3,2000,2000,883,0.34623079299926757,514,1459,0.5821064552661381,0.3522960932145305,789,1839,0.8935447338618346,0.4290375203915171,864,1927,0.9784824462061155,0.44836533471717693,880,1963,0.9966024915062288,0.44829342842587877,882,1987,0.9988674971687429,0.44388525415198793
v_laptop,viewpoint,orb,1_4,4,2000,2000,744,0.34623079299926757,428,1349,0.5752688172043011,0.3172720533728688,677,1814,0.9099462365591398,0.37320837927232636,724,1904,0.9731182795698925,0.3802521008403361,743,1936,0.9986559139784946,0.3837809917355372,743,1969,0.9986559139784946,0.3773489080751651
v_laptop,viewpoint,orb,1_5,5,2000,2000,800,0.34623079299926757,418,1310,0.5225,0.3190839694656489,694,1768,0.8675,0.3925339366515837,766,1872,0.9575,0.4091880341880342,793,1928,0.99125,0.4113070539419087,797,1962,0.99625,0.40621814475025486
v_laptop,viewpoint,orb,1_6,6,2000,2000,811,0.34623079299926757,443,1358,0.5462392108508015,0.32621502209131076,703,1798,0.8668310727496917,0.39098998887652947,771,1915,0.9506781750924784,0.40261096605744123,799,1966,0.9852034525277436,0.4064089521871821,807,1989,0.9950678175092479,0.4057315233785822
v_london,viewpoint,sift,1_2,2,19456,19997,9176,12.969773006439208,8780,10931,0.9568439407149084,0.8032201994328058,9027,11620,0.9837619877942458,0.7768502581755594,9052,12185,0.9864864864864865,0.7428805908904391,9066,14613,0.9880122057541413,0.6204064873742559,9083,16220,0.9898648648648649,0.5599876695437731
v_london,viewpoint,sift,1_3,3,19456,17411,5683,12.969773006439208,5229,8738,0.9201126165757523,0.5984206912336919,5565,9904,0.9792363188456801,0.561894184168013,5590,10542,0.9836354038360021,0.5302599127300323,5605,13516,0.9862748548301953,0.4146936963598698,5614,15675,0.9878585254267113,0.35814992025518344
v_london,viewpoint,sift,1_4,4,19456,16389,4516,12.969773006439208,3686,7591,0.8162090345438441,0.4855750230536161,4338,9847,0.9605845881310895,0.44054026607088453,4406,11291,0.9756421612046059,0.3902223009476574,4431,15003,0.9811780336581045,0.2953409318136373,4447,17682,0.9847209920283436,0.25149869924216717
v_london,viewpoint,sift,1_5,5,19456,12581,4012,12.969773006439208,3441,6902,0.8576769690927218,0.4985511445957693,3871,8715,0.9648554336989033,0.44417670682730925,3922,9517,0.977567298105683,0.4121046548282022,3938,12751,0.981555333998006,0.308838522468826,3947,16460,0.9837986041874377,0.23979343863912514
v_london,viewpoint,sift,1_6,6,19456,10427,3753,12.969773006439208,3115,5899,0.8300026645350387,0.528055602644516,3624,7722,0.9656274980015987,0.4693084693084693,3663,8573,0.9760191846522782,0.4272716668610755,3679,11859,0.9802824407140954,0.310228518424825,3686,16285,0.9821476152411405,0.2263432606693276
v_london,viewpoint,orb,1_2,2,2000,2000,674,0.2840831756591797,345,846,0.5118694362017804,0.4078014184397163,566,1183,0.8397626112759644,0.47844463229078615,645,1293,0.956973293768546,0.4988399071925754,670,1379,0.9940652818991098,0.485859318346628,672,1477,0.9970326409495549,0.4549763033175355
v_london,viewpoint,orb,1_3,3,2000,2000,607,0.2840831756591797,268,749,0.4415156507413509,0.35781041388518026,502,1163,0.8270181219110379,0.4316423043852107,565,1268,0.9308072487644151,0.44558359621451105,594,1358,0.9785831960461285,0.4374079528718704,597,1444,0.9835255354200988,0.4134349030470914
v_london,viewpoint,orb,1_4,4,2000,2000,255,0.2840831756591797,108,765,0.4235294117647059,0.1411764705882353,211,1191,0.8274509803921568,0.17716204869857263,236,1337,0.9254901960784314,0.17651458489154825,250,1469,0.9803921568627451,0.17018379850238258,251,1649,0.984313725490196,0.15221346270466948
v_london,viewpoint,orb,1_5,5,2000,2000,616,0.2840831756591797,281,745,0.45616883116883117,0.37718120805369126,521,1140,0.8457792207792207,0.4570175438596491,586,1263,0.9512987012987013,0.4639746634996041,602,1360,0.9772727272727273,0.4426470588235294,609,1468,0.9886363636363636,0.414850136239782
v_london,viewpoint,orb,1_6,6,2000,2000,559,0.2840831756591797,227,738,0.40608228980322003,0.3075880758807588,466,1124,0.8336314847942755,0.41459074733096085,523,1234,0.9355992844364938,0.42382495948136145,546,1324,0.9767441860465116,0.4123867069486405,548,1428,0.9803220035778175,0.38375350140056025
v_machines,viewpoint,sift,1_2,2,5800,4782,1656,1.3118826389312743,281,550,0.16968599033816426,0.5109090909090909,888,1760,0.5362318840579711,0.5045454545454545,1320,2840,0.7971014492753623,0.4647887323943662,1539,3999,0.9293478260869565,0.38484621155288823,1566,4915,0.9456521739130435,0.31861648016276706
v_machines,viewpoint,sift,1_3,3,5800,3759,365,1.3118826389312743,23,299,0.06301369863013699,0.07692307692307693,99,1115,0.27123287671232876,0.08878923766816144,174,2006,0.4767123287671233,0.08673978065802593,243,3401,0.6657534246575343,0.0714495736548074,268,4742,0.7342465753424657,0.05651623787431464
v_machines,viewpoint,sift,1_4,4,5800,3606,1549,1.3118826389312743,365,671,0.23563589412524208,0.5439642324888226,974,1939,0.6287927695287282,0.5023207839092315,1346,2980,0.8689477081988379,0.45167785234899327,1443,4298,0.9315687540348612,0.3357375523499302,1453,5514,0.9380245319561007,0.26351106274936525
v_machines,viewpoint,sift,1_5,5,5800,2984,321,1.3118826389312743,23,347,0.07165109034267912,0.06628242074927954,89,1259,0.2772585669781931,0.07069102462271644,155,2286,0.48286604361370716,0.06780402449693788,197,3892,0.6137071651090342,0.050616649537512846,224,5236,0.6978193146417445,0.0427807486631016
v_machines,viewpoint,sift,1_6,6,5800,3711,1885,1.3118826389312743,1476,1934,0.783023872679045,0.7631851085832472,1745,2551,0.9257294429708223,0.6840454723637789,1764,3237,0.9358090185676392,0.5449490268767377,1776,4575,0.9421750663129973,0.3881967213114754,1784,5627,0.9464190981432361,0.31704282921627863
v_machines,viewpoint,orb,1_2,2,2000,2000,408,0.2626258373260498,59,589,0.14460784313725492,0.100169779286927,233,1289,0.571078431372549,0.18076027928626842,336,1610,0.8235294117647058,0.20869565217391303,388,1740,0.9509803921568627,0.22298850574712645,403,1818,0.9877450980392157,0.22167216721672167
v_machines,viewpoint,orb,1_3,3,2000,2000,60,0.2626258373260498,3,281,0.05,0.010676156583629894,15,746,0.25,0.020107238605898123,25,1112,0.4166666666666667,0.022482014388489208,34,1495,0.5666666666666667,0.02274247491638796,41,1743,0.6833333333333333,0.023522662076878944
v_machines,viewpoint,orb,1_4,4,2000,2000,405,0.2626258373260498,91,830,0.22469135802469137,0.10963855421686747,257,1550,0.6345679012345679,0.16580645161290322,357,1788,0.8814814814814815,0.19966442953020133,393,1881,0.9703703703703703,0.20893141945773525,397,1929,0.980246913580247,0.20580611715914982
v_machines,viewpoint,orb,1_5,5,2000,2000,64,0.2626258373260498,6,522,0.09375,0.011494252873563218,20,1177,0.3125,0.016992353440951572,33,1482,0.515625,0.022267206477732792,49,1771,0.765625,0.02766798418972332,57,1915,0.890625,0.029765013054830286
v_machines,viewpoint,orb,1_6,6,2000,2000,756,0.2626258373260498,404,1329,0.5343915343915344,0.3039879608728367,688,1753,0.91005291005291,0.39247005134055907,731,1850,0.966931216931217,0.39513513513513515,751,1913,0.9933862433862434,0.3925771040250915,752,1955,0.9947089947089947,0.3846547314578005
v_man,viewpoint,sift,1_2,2,2699,2512,739,0.5367007732391358,212,416,0.2868741542625169,0.5096153846153846,488,926,0.6603518267929634,0.5269978401727862,584,1168,0.790257104194858,0.5,663,1518,0.8971583220568335,0.4367588932806324,695,2097,0.9404600811907984,0.33142584644730566
v_man,viewpoint,sift,1_3,3,2699,2021,263,0.5367007732391358,26,142,0.09885931558935361,0.18309859154929578,95,493,0.3612167300380228,0.1926977687626775,135,788,0.5133079847908745,0.1713197969543147,171,1298,0.6501901140684411,0.13174114021571648,214,2098,0.8136882129277566,0.10200190657769304
v_man,viewpoint,sift,1_4,4,2699,2095,110,0.5367007732391358,12,188,0.10909090909090909,0.06382978723404255,24,576,0.21818181818181817,0.041666666666666664,36,876,0.32727272727272727,0.0410958904109589,43,1402,0.39090909090909093,0.030670470756062766,55,2048,0.5,0.02685546875
v_man,viewpoint,sift,1_5,5,2699,1804,573,0.5367007732391358,48,105,0.08376963350785341,0.45714285714285713,211,408,0.3682373472949389,0.5171568627450981,396,774,0.6910994764397905,0.5116279069767442,486,1170,0.8481675392670157,0.4153846153846154,512,1780,0.893542757417103,0.2876404494382023
v_man,viewpoint,sift,1_6,6,2699,2408,602,0.5367007732391358,185,348,0.3073089700996678,0.5316091954022989,370,778,0.6146179401993356,0.4755784061696658,469,1053,0.7790697674418605,0.4453941120607787,547,1473,0.9086378737541528,0.3713509843856076,568,2120,0.9435215946843853,0.2679245283018868
v_man,viewpoint,orb,1_2,2,2000,2000,353,0.2588599681854248,97,704,0.2747875354107649,0.1377840909090909,240,1236,0.6798866855524079,0.1941747572815534,302,1384,0.8555240793201133,0.21820809248554912,334,1520,0.9461756373937678,0.21973684210526315,344,1651,0.9745042492917847,0.20835857056329496
v_man,viewpoint,orb,1_3,3,2000,2000,82,0.2588599681854248,5,433,0.06097560975609756,0.011547344110854504,20,906,0.24390243902439024,0.02207505518763797,49,1146,0.5975609756097561,0.04275741710296684,64,1359,0.7804878048780488,0.047093451066961,77,1472,0.9390243902439024,0.052309782608695655
v_man,viewpoint,orb,1_4,4,2000,2000,22,0.2588599681854248,3,459,0.13636363636363635,0.006535947712418301,6,896,0.2727272727272727,0.006696428571428571,10,1101,0.45454545454545453,0.009082652134423252,13,1294,0.5909090909090909,0.010046367851622875,13,1549,0.5909090909090909,0.008392511297611363
v_man,viewpoint,orb,1_5,5,2000,2000,284,0.2588599681854248,24,331,0.08450704225352113,0.07250755287009064,100,807,0.352112676056338,0.12391573729863693,193,1136,0.6795774647887324,0.1698943661971831,263,1359,0.926056338028169,0.19352465047829287,271,1508,0.954225352112676,0.1797082228116711
v_man,viewpoint,orb,1_6,6,2000,2000,294,0.2588599681854248,65,567,0.22108843537414966,0.1146384479717813,168,1065,0.5714285714285714,0.15774647887323945,228,1287,0.7755102040816326,0.17715617715617715,268,1450,0.9115646258503401,0.18482758620689654,279,1610,0.9489795918367347,0.17329192546583852
v_maskedman,viewpoint,sift,1_2,2,2137,1513,461,0.4254969596862793,262,337,0.5683297180043384,0.7774480712166172,408,582,0.8850325379609545,0.7010309278350515,433,741,0.9392624728850325,0.5843454790823212,440,1093,0.9544468546637744,0.4025617566331198,442,1648,0.9587852494577006,0.2682038834951456
v_maskedman,viewpoint,sift,1_3,3,2137,1483,429,0.4254969596862793,276,344,0.6433566433566433,0.8023255813953488,371,556,0.8648018648018648,0.6672661870503597,385,741,0.8974358974358975,0.5195681511470985,395,1100,0.9207459207459208,0.35909090909090907,398,1690,0.9277389277389277,0.23550295857988165
v_maskedman,viewpoint,sift,1_4,4,2137,2284,541,0.4254969596862793,211,358,0.3900184842883549,0.5893854748603352,441,812,0.8151571164510166,0.5431034482758621,507,1086,0.9371534195933456,0.46685082872928174,523,1471,0.966728280961183,0.3555404486743712,527,1893,0.9741219963031423,0.27839408346539884
v_maskedman,viewpoint,sift,1_5,5,2137,2267,679,0.4254969596862793,292,420,0.43004418262150224,0.6952380952380952,547,891,0.8055964653902798,0.6139169472502806,641,1154,0.9440353460972017,0.5554592720970537,651,1479,0.9587628865979382,0.44016227180527384,658,1892,0.9690721649484536,0.3477801268498943
v_maskedman,viewpoint,sift,1_6,6,2137,2619,73,0.4254969596862793,24,111,0.3287671232876712,0.21621621621621623,42,251,0.5753424657534246,0.16733067729083664,51,404,0.6986301369863014,0.12623762376237624,59,692,0.8082191780821918,0.08526011560693642,60,1307,0.821917808219178,0.045906656465187455
v_maskedman,viewpoint,orb,1_2,2,2000,1992,280,0.25949850082397463,97,558,0.3464285714285714,0.17383512544802868,196,961,0.7,0.20395421436004163,242,1154,0.8642857142857143,0.2097053726169844,269,1375,0.9607142857142857,0.19563636363636364,271,1614,0.9678571428571429,0.16790582403965304
v_maskedman,viewpoint,orb,1_3,3,2000,1981,282,0.25949850082397463,117,563,0.4148936170212766,0.20781527531083482,219,981,0.776595744680851,0.22324159021406728,249,1139,0.8829787234042553,0.218612818261633,266,1370,0.9432624113475178,0.19416058394160585,274,1648,0.9716312056737588,0.1662621359223301
v_maskedman,viewpoint,orb,1_4,4,2000,2000,206,0.25949850082397463,44,483,0.21359223300970873,0.09109730848861283,110,892,0.5339805825242718,0.12331838565022421,158,1096,0.7669902912621359,0.14416058394160583,198,1268,0.9611650485436893,0.15615141955835962,201,1461,0.9757281553398058,0.1375770020533881
v_maskedman,viewpoint,orb,1_5,5,2000,2000,256,0.25949850082397463,85,553,0.33203125,0.15370705244122965,172,1012,0.671875,0.16996047430830039,220,1251,0.859375,0.17585931254996004,249,1466,0.97265625,0.169849931787176,251,1641,0.98046875,0.15295551492992077
v_maskedman,viewpoint,orb,1_6,6,2000,2000,11,0.25949850082397463,0,16,0.0,0.0,0,40,0.0,0.0,0,65,0.0,0.0,2,104,0.18181818181818182,0.019230769230769232,2,205,0.18181818181818182,0.00975609756097561
v_pomegranate,viewpoint,sift,1_2,2,9564,8313,1783,3.0870930671691896,302,847,0.1693774537296691,0.3565525383707202,946,2801,0.5305664610207516,0.3377365226704748,1453,4496,0.8149186763881099,0.3231761565836299,1707,6588,0.957375210319686,0.25910746812386154,1744,8483,0.9781267526640494,0.20558764587999528
v_pomegranate,viewpoint,sift,1_3,3,9564,7760,1793,3.0870930671691896,390,1055,0.21751254880089235,0.3696682464454976,1089,3149,0.6073619631901841,0.34582407113369323,1387,4797,0.77356385945343,0.2891390452366062,1648,7099,0.9191299498047965,0.23214537258768841,1740,8871,0.9704406023424428,0.19614474129184986
v_pomegranate,viewpoint,sift,1_4,4,9564,6906,2027,3.0870930671691896,1097,1962,0.5411938825851011,0.5591233435270132,1688,3532,0.8327577701036014,0.47791619479048697,1889,4805,0.9319190922545634,0.3931321540062435,1955,7110,0.9644795263936853,0.2749648382559775,1984,8962,0.978786383818451,0.22137915643829503
v_pomegranate,viewpoint,sift,1_5,5,9564,3964,1495,3.0870930671691896,297,537,0.19866220735785953,0.553072625698324,943,1770,0.6307692307692307,0.5327683615819209,1242,2707,0.8307692307692308,0.4588104913188031,1408,4173,0.9418060200668896,0.3374071411454589,1424,6807,0.9525083612040134,0.209196415454679
v_pomegranate,viewpoint,sift,1_6,6,9564,3796,1396,3.0870930671691896,328,571,0.2349570200573066,0.574430823117338,925,1654,0.6626074498567335,0.5592503022974608,1234,2409,0.8839541547277937,0.5122457451224575,1315,3659,0.9419770773638968,0.3593878108772889,1336,6560,0.9570200573065902,0.20365853658536584
v_pomegranate,viewpoint,orb,1_2,2,2000,2000,444,0.26731233596801757,64,360,0.14414414414414414,0.17777777777777778,228,867,0.5135135135135135,0.2629757785467128,345,1111,0.777027027027027,0.31053105310531054,430,1265,0.9684684684684685,0.33992094861660077,438,1425,0.9864864864864865,0.30736842105263157
v_pomegranate,viewpoint,orb,1_3,3,2000,2000,374,0.26731233596801757,49,436,0.13101604278074866,0.11238532110091744,146,930,0.39037433155080214,0.15698924731182795,237,1270,0.6336898395721925,0.18661417322834645,340,1558,0.9090909090909091,0.21822849807445444,367,1763,0.9812834224598931,0.2081678956324447
v_pomegranate,viewpoint,orb,1_4,4,2000,2000,477,0.26731233596801757,122,667,0.2557651991614256,0.18290854572713644,310,1175,0.649895178197065,0.26382978723404255,402,1373,0.8427672955974843,0.29278951201748,465,1533,0.9748427672955975,0.30332681017612523,469,1785,0.9832285115303984,0.2627450980392157
v_pomegranate,viewpoint,orb,1_5,5,2000,2000,384,0.26731233596801757,60,423,0.15625,0.14184397163120568,195,905,0.5078125,0.2154696132596685,303,1171,0.7890625,0.2587532023911187,372,1369,0.96875,0.2717311906501096,379,1562,0.9869791666666666,0.24263764404609475
v_pomegranate,viewpoint,orb,1_6,6,2000,2000,386,0.26731233596801757,73,518,0.18911917098445596,0.14092664092664092,240,1018,0.6217616580310881,0.2357563850687623,344,1225,0.8911917098445595,0.2808163265306122,383,1350,0.9922279792746114,0.2837037037037037,383,1501,0.9922279792746114,0.2551632245169887
v_posters,viewpoint,sift,1_2,2,18199,9780,3075,9.093785619735717,2152,2932,0.6998373983739837,0.7339699863574352,2668,5169,0.8676422764227643,0.5161539949700136,2698,8599,0.8773983739837399,0.31375741365275034,2709,14062,0.8809756097560976,0.1926468496657659,2722,17635,0.8852032520325204,0.15435214062943012
v_posters,viewpoint,sift,1_3,3,18199,10493,3762,9.093785619735717,2389,3326,0.6350345560871876,0.7182802164762477,3125,5790,0.8306751727804359,0.5397236614853195,3379,9214,0.8981924508240298,0.36672454959843714,3414,14357,0.9074960127591707,0.23779341087971026,3421,17698,0.9093567251461988,0.19329867781670246
v_posters,viewpoint,sift,1_4,4,18199,11140,3999,9.093785619735717,3113,3916,0.7784446111527882,0.7949438202247191,3624,5786,0.9062265566391597,0.626339440027653,3652,8974,0.9132283070767692,0.40695342099398263,3658,14154,0.9147286821705426,0.258442843012576,3667,17677,0.9169792448112029,0.2074447021553431
v_posters,viewpoint,sift,1_5,5,18199,11164,1982,9.093785619735717,623,1975,0.3143289606458123,0.31544303797468354,1180,4858,0.5953582240161454,0.2428983120625772,1409,8232,0.7108980827447023,0.17116132167152576,1561,13629,0.7875882946518667,0.1145351823317925,1579,17202,0.7966700302724521,0.09179165213347285
v_posters,viewpoint,sift,1_6,6,18199,10152,1221,9.093785619735717,416,1785,0.3407043407043407,0.2330532212885154,564,4168,0.4619164619164619,0.13531669865642995,663,7448,0.542997542997543,0.0890171858216971,853,13010,0.6986076986076986,0.06556495003843198,984,16964,0.8058968058968059,0.058005187455788726
v_posters,viewpoint,orb,1_2,2,2000,2000,322,0.3126643657684326,169,820,0.5248447204968945,0.20609756097560974,293,1338,0.9099378881987578,0.21898355754857998,304,1492,0.9440993788819876,0.2037533512064343,309,1650,0.9596273291925466,0.18727272727272729,309,1815,0.9596273291925466,0.17024793388429751
v_posters,viewpoint,orb,1_3,3,2000,2000,362,0.3126643657684326,172,875,0.47513812154696133,0.19657142857142856,305,1377,0.8425414364640884,0.2214960058097313,341,1536,0.9419889502762431,0.22200520833333334,348,1714,0.9613259668508287,0.20303383897316218,348,1898,0.9613259668508287,0.1833508956796628
v_posters,viewpoint,orb,1_4,4,2000,2000,469,0.3126643657684326,320,932,0.6823027718550106,0.34334763948497854,441,1369,0.9402985074626866,0.32213294375456536,456,1507,0.9722814498933902,0.3025879230258792,456,1670,0.9722814498933902,0.27305389221556886,456,1881,0.9722814498933902,0.24242424242424243
v_posters,viewpoint,orb,1_5,5,2000,2000,75,0.3126643657684326,28,516,0.37333333333333335,0.05426356589147287,50,995,0.6666666666666666,0.05025125628140704,53,1157,0.7066666666666667,0.045808124459809856,59,1355,0.7866666666666666,0.043542435424354244,61,1573,0.8133333333333334,0.03877940241576605
v_posters,viewpoint,orb,1_6,6,2000,2000,73,0.3126643657684326,29,607,0.3972602739726027,0.047775947281713346,40,989,0.547945205479452,0.04044489383215369,43,1122,0.589041095890411,0.03832442067736185,52,1330,0.7123287671232876,0.039097744360902256,55,1601,0.7534246575342466,0.034353529044347283
v_samples,viewpoint,sift,1_2,2,7702,4471,2112,2.2583354473114015,1740,2211,0.8238636363636364,0.7869742198100407,1970,2793,0.9327651515151515,0.7053347654851414,2003,3512,0.9483901515151515,0.5703302961275627,2021,5184,0.9569128787878788,0.3898533950617284,2025,7129,0.9588068181818182,0.28405105905456585
v_samples,viewpoint,sift,1_3,3,7702,5054,2122,2.2583354473114015,1586,2151,0.7474081055607917,0.7373314737331473,1974,2947,0.9302544769085768,0.669833729216152,2012,3620,0.9481621112158342,0.5558011049723757,2029,5257,0.9561734213006597,0.3859615750428001,2032,7100,0.9575871819038643,0.28619718309859155
v_samples,viewpoint,sift,1_4,4,7702,5092,1390,2.2583354473114015,926,1799,0.6661870503597123,0.5147304057809894,1218,2746,0.8762589928057554,0.4435542607428988,1264,3536,0.9093525179856116,0.3574660633484163,1288,5340,0.9266187050359712,0.24119850187265918,1297,7200,0.9330935251798561,0.18013888888888888
v_samples,viewpoint,sift,1_5,5,7702,4664,1759,2.2583354473114015,1322,1988,0.7515633882888004,0.6649899396378269,1612,2735,0.9164297896532121,0.5893967093235832,1654,3444,0.9403069926094372,0.4802555168408827,1665,5140,0.946560545764639,0.3239299610894942,1673,6975,0.9511085844229676,0.23985663082437275
v_samples,viewpoint,sift,1_6,6,7702,4630,1096,2.2583354473114015,683,1528,0.6231751824817519,0.4469895287958115,932,2431,0.8503649635036497,0.38338132455779517,974,3237,0.8886861313868614,0.30089589125733707,1000,4991,0.9124087591240876,0.2003606491685033,1009,7003,0.9206204379562044,0.14408110809653005
v_samples,viewpoint,orb,1_2,2,2000,2000,522,0.27262539863586427,242,1261,0.46360153256704983,0.19191118160190326,448,1726,0.8582375478927203,0.25955967555040554,489,1828,0.9367816091954023,0.2675054704595186,500,1876,0.9578544061302682,0.26652452025586354,500,1906,0.9578544061302682,0.2623294858342078
v_samples,viewpoint,orb,1_3,3,2000,2000,528,0.27262539863586427,241,1200,0.4564393939393939,0.20083333333333334,459,1719,0.8693181818181818,0.2670157068062827,502,1808,0.9507575757575758,0.2776548672566372,509,1857,0.9640151515151515,0.27409800753904145,509,1888,0.9640151515151515,0.2695974576271186
v_samples,viewpoint,orb,1_4,4,2000,2000,242,0.27262539863586427,109,1107,0.45041322314049587,0.0984643179765131,177,1611,0.731404958677686,0.10986964618249534,205,1713,0.8471074380165289,0.11967308814944541,213,1802,0.8801652892561983,0.11820199778024418,213,1856,0.8801652892561983,0.11476293103448276
v_samples,viewpoint,orb,1_5,5,2000,2000,357,0.27262539863586427,173,1174,0.484593837535014,0.14735945485519591,299,1662,0.8375350140056023,0.17990373044524668,322,1741,0.9019607843137255,0.18495117748420448,329,1785,0.9215686274509803,0.1843137254901961,330,1815,0.9243697478991597,0.18181818181818182
v_samples,viewpoint,orb,1_6,6,2000,2000,178,0.27262539863586427,67,1114,0.37640449438202245,0.06014362657091562,118,1597,0.6629213483146067,0.07388854101440201,134,1713,0.7528089887640449,0.07822533566841798,139,1790,0.7808988764044944,0.0776536312849162,139,1852,0.7808988764044944,0.07505399568034557
v_soldiers,viewpoint,sift,1_2,2,618,451,189,0.21491398811340331,106,154,0.5608465608465608,0.6883116883116883,157,228,0.8306878306878307,0.6885964912280702,173,255,0.9153439153439153,0.6784313725490196,177,278,0.9365079365079365,0.6366906474820144,181,332,0.9576719576719577,0.5451807228915663
v_soldiers,viewpoint,sift,1_3,3,618,550,149,0.21491398811340331,72,94,0.48322147651006714,0.7659574468085106,109,161,0.7315436241610739,0.6770186335403726,131,196,0.8791946308724832,0.6683673469387755,138,232,0.9261744966442953,0.5948275862068966,144,291,0.9664429530201343,0.4948453608247423
v_soldiers,viewpoint,sift,1_4,4,618,779,122,0.21491398811340331,57,93,0.4672131147540984,0.6129032258064516,94,167,0.7704918032786885,0.562874251497006,105,194,0.860655737704918,0.5412371134020618,111,224,0.9098360655737705,0.4955357142857143,114,286,0.9344262295081968,0.3986013986013986
v_soldiers,viewpoint,sift,1_5,5,618,1165,73,0.21491398811340331,27,62,0.3698630136986301,0.43548387096774194,49,132,0.6712328767123288,0.3712121212121212,59,168,0.8082191780821918,0.35119047619047616,66,218,0.9041095890410958,0.30275229357798167,67,287,0.9178082191780822,0.23344947735191637
v_soldiers,viewpoint,sift,1_6,6,618,1942,176,0.21491398811340331,100,188,0.5681818181818182,0.5319148936170213,154,316,0.875,0.4873417721518987,163,353,0.9261363636363636,0.46175637393767704,173,430,0.9829545454545454,0.40232558139534885,175,520,0.9943181818181818,0.33653846153846156
v_soldiers,viewpoint,orb,1_2,2,1593,1118,219,0.20514936447143556,60,408,0.273972602739726,0.14705882352941177,153,726,0.6986301369863014,0.21074380165289255,187,854,0.8538812785388128,0.2189695550351288,203,953,0.9269406392694064,0.2130115424973767,207,1061,0.9452054794520548,0.1950989632422243
v_soldiers,viewpoint,orb,1_3,3,1593,1380,237,0.20514936447143556,68,363,0.2869198312236287,0.18732782369146006,157,614,0.6624472573839663,0.255700325732899,207,719,0.8734177215189873,0.28789986091794156,227,811,0.9578059071729957,0.279901356350185,230,869,0.9704641350210971,0.2646720368239356
v_soldiers,viewpoint,orb,1_4,4,1593,1998,186,0.20514936447143556,47,350,0.25268817204301075,0.13428571428571429,123,633,0.6612903225806451,0.1943127962085308,164,732,0.8817204301075269,0.22404371584699453,175,805,0.9408602150537635,0.21739130434782608,177,873,0.9516129032258065,0.2027491408934708
v_soldiers,viewpoint,orb,1_5,5,1593,2000,118,0.20514936447143556,16,226,0.13559322033898305,0.07079646017699115,57,417,0.4830508474576271,0.1366906474820144,90,519,0.7627118644067796,0.17341040462427745,104,607,0.8813559322033898,0.171334431630972,108,679,0.9152542372881356,0.15905743740795286
v_soldiers,viewpoint,orb,1_6,6,1593,2000,112,0.20514936447143556,49,512,0.4375,0.095703125,91,820,0.8125,0.11097560975609756,106,924,0.9464285714285714,0.11471861471861472,107,1021,0.9553571428571429,0.10479921645445642,108,1107,0.9642857142857143,0.0975609756097561
v_strand,viewpoint,sift,1_2,2,5112,7125,2931,1.1675204277038573,2708,3332,0.9239167519617878,0.8127250900360145,2818,3586,0.9614466052541795,0.7858337981037368,2838,3763,0.9682702149437052,0.7541854903002924,2845,4324,0.9706584783350393,0.6579555966697502,2851,4836,0.972705561241897,0.5895368072787428
v_strand,viewpoint,sift,1_3,3,5112,3892,1783,1.1675204277038573,344,672,0.19293325855300056,0.5119047619047619,830,1611,0.4655075715086932,0.5152079453755432,1226,2448,0.6876051598429613,0.5008169934640523,1525,3397,0.8553000560852496,0.4489255225198705,1655,4414,0.9282108805384184,0.37494336202990486
v_strand,viewpoint,sift,1_4,4,5112,3357,1301,1.1675204277038573,158,337,0.12144504227517294,0.4688427299703264,597,1256,0.45887778631821674,0.4753184713375796,937,2104,0.7202152190622598,0.4453422053231939,1128,3164,0.8670253651037664,0.35651074589127685,1215,4285,0.9338970023059185,0.28354725787631274
v_strand,viewpoint,sift,1_5,5,5112,2975,1275,1.1675204277038573,110,257,0.08627450980392157,0.4280155642023346,648,1240,0.508235294117647,0.5225806451612903,839,1910,0.6580392156862745,0.43926701570680626,1016,3037,0.7968627450980392,0.3345406651300626,1158,4200,0.908235294117647,0.2757142857142857
v_strand,viewpoint,sift,1_6,6,5112,3094,755,1.1675204277038573,80,272,0.10596026490066225,0.29411764705882354,254,1111,0.33642384105960266,0.22862286228622863,413,1967,0.5470198675496689,0.2099644128113879,548,3273,0.7258278145695364,0.1674304919034525,642,4498,0.8503311258278146,0.14273010226767452
v_strand,viewpoint,orb,1_2,2,2000,2000,1221,0.2732274055480957,774,1326,0.6339066339066339,0.583710407239819,1089,1715,0.8918918918918919,0.6349854227405248,1178,1839,0.9647829647829648,0.6405655247417075,1201,1916,0.9836199836199836,0.6268267223382046,1211,1948,0.9918099918099919,0.6216632443531828
v_strand,viewpoint,orb,1_3,3,2000,2000,684,0.2732274055480957,69,640,0.10087719298245613,0.1078125,303,1384,0.44298245614035087,0.21893063583815028,500,1704,0.7309941520467836,0.2934272300469484,665,1860,0.9722222222222222,0.3575268817204301,681,1926,0.9956140350877193,0.35358255451713394
v_strand,viewpoint,orb,1_4,4,2000,2000,504,0.2732274055480957,83,692,0.16468253968253968,0.1199421965317919,291,1451,0.5773809523809523,0.2005513439007581,439,1725,0.871031746031746,0.2544927536231884,484,1851,0.9603174603174603,0.2614802809292274,492,1906,0.9761904761904762,0.25813221406086045
v_strand,viewpoint,orb,1_5,5,2000,2000,405,0.2732274055480957,81,658,0.2,0.12310030395136778,277,1413,0.6839506172839506,0.19603680113234254,370,1672,0.9135802469135802,0.22129186602870812,396,1792,0.9777777777777777,0.22098214285714285,401,1860,0.9901234567901235,0.21559139784946235
v_strand,viewpoint,orb,1_6,6,2000,2000,157,0.2732274055480957,21,684,0.1337579617834395,0.03070175438596491,79,1414,0.5031847133757962,0.05586987270155587,123,1748,0.7834394904458599,0.07036613272311212,144,1898,0.9171974522292994,0.07586933614330875,151,1961,0.9617834394904459,0.07700152983171851
v_sunseason,viewpoint,sift,1_2,2,15694,15644,8115,9.85232048034668,6276,10200,0.7733826247689464,0.6152941176470588,6436,10756,0.7930991990141713,0.5983637039791744,6457,11451,0.795686999383857,0.56388088376561,6470,13672,0.7972889710412816,0.4732299590403745,6474,15297,0.7977818853974122,0.4232202392626005
v_sunseason,viewpoint,sift,1_3,3,15694,15524,5071,9.85232048034668,3107,7605,0.6126996647604023,0.40854700854700854,3338,8815,0.6582528100966278,0.37867271695972776,3385,10007,0.6675211989745612,0.3382632157489757,3405,12772,0.6714651942417669,0.2665988098966489,3414,14644,0.6732399921120095,0.23313302376399891
v_sunseason,viewpoint,sift,1_4,4,15694,17667,2414,9.85232048034668,673,3391,0.2787903893951947,0.1984665290474786,1031,6089,0.4270919635459818,0.1693217277056988,1119,8378,0.4635459817729909,0.13356409644306516,1167,12236,0.48342999171499584,0.09537430532853874,1177,14911,0.4875724937862469,0.07893501441888538
v_sunseason,viewpoint,sift,1_5,5,15694,16264,1776,9.85232048034668,209,2166,0.11768018018018019,0.09649122807017543,405,4776,0.22804054054054054,0.08479899497487438,512,7157,0.2882882882882883,0.07153835405896325,576,11071,0.32432432432432434,0.05202782043175865,586,14017,0.32995495495495497,0.04180637796960833
v_sunseason,viewpoint,sift,1_6,6,15694,15941,1105,9.85232048034668,39,1563,0.03529411764705882,0.02495201535508637,186,4152,0.16832579185520363,0.044797687861271675,283,6668,0.25610859728506785,0.042441511697660465,322,10737,0.2914027149321267,0.029989755052621775,329,13796,0.29773755656108597,0.023847492026674397
v_sunseason,viewpoint,orb,1_2,2,2000,2000,1089,0.3049612045288086,629,1183,0.5775941230486685,0.5316990701606086,903,1588,0.8292011019283747,0.568639798488665,990,1702,0.9090909090909091,0.581668625146886,1005,1790,0.9228650137741047,0.5614525139664804,1009,1903,0.9265381083562901,0.5302154492905938
v_sunseason,viewpoint,orb,1_3,3,2000,2000,797,0.3049612045288086,376,1067,0.47176913425345046,0.35238987816307404,611,1526,0.766624843161857,0.40039318479685454,659,1632,0.8268506900878294,0.40379901960784315,676,1762,0.848180677540778,0.3836549375709421,679,1876,0.8519447929736512,0.3619402985074627
v_sunseason,viewpoint,orb,1_4,4,2000,2000,397,0.3049612045288086,119,706,0.29974811083123426,0.16855524079320114,243,1149,0.6120906801007556,0.21148825065274152,288,1295,0.72544080604534,0.22239382239382238,298,1434,0.7506297229219143,0.20781032078103207,300,1654,0.7556675062972292,0.18137847642079807
v_sunseason,viewpoint,orb,1_5,5,2000,2000,93,0.3049612045288086,18,480,0.1935483870967742,0.0375,48,932,0.5161290322580645,0.05150214592274678,60,1123,0.6451612903225806,0.053428317008014245,64,1253,0.6881720430107527,0.05107741420590583,66,1515,0.7096774193548387,0.04356435643564356
v_sunseason,viewpoint,orb,1_6,6,2000,2000,23,0.3049612045288086,2,341,0.08695652173913043,0.005865102639296188,4,671,0.17391304347826086,0.005961251862891207,7,900,0.30434782608695654,0.0077777777777777776,8,1097,0.34782608695652173,0.007292616226071103,9,1367,0.391304347826087,0.006583760058522311
v_tabletop,viewpoint,sift,1_2,2,10088,9085,2305,4.312347507476806,897,1667,0.3891540130151844,0.5380923815236952,1941,3669,0.8420824295010846,0.5290269828291088,2127,4519,0.9227765726681127,0.470679353839345,2170,5924,0.9414316702819957,0.3663065496286293,2175,7298,0.9436008676789588,0.2980268566730611
v_tabletop,viewpoint,sift,1_3,3,10088,10048,229,4.312347507476806,31,1294,0.13537117903930132,0.023956723338485315,94,3198,0.4104803493449782,0.029393370856785492,105,4913,0.4585152838427948,0.02137187054752697,110,7510,0.48034934497816595,0.014647137150466045,113,9232,0.49344978165938863,0.012240034662045061
v_tabletop,viewpoint,sift,1_4,4,10088,9037,204,4.312347507476806,24,1107,0.11764705882352941,0.02168021680216802,41,2836,0.20098039215686275,0.014456981664315938,52,4380,0.2549019607843137,0.011872146118721462,62,6748,0.30392156862745096,0.009187907528156491,62,8556,0.30392156862745096,0.007246376811594203
v_tabletop,viewpoint,sift,1_5,5,10088,8345,187,4.312347507476806,21,1067,0.11229946524064172,0.019681349578256794,36,2813,0.1925133689839572,0.012797724848915748,44,4342,0.23529411764705882,0.010133578995854445,46,6988,0.24598930481283424,0.00658271322266743,48,8948,0.25668449197860965,0.005364327223960662
v_tabletop,viewpoint,sift,1_6,6,10088,9485,205,4.312347507476806,27,1059,0.13170731707317074,0.025495750708215296,51,2775,0.24878048780487805,0.018378378378378378,64,4353,0.3121951219512195,0.014702504020215943,68,6895,0.33170731707317075,0.009862218999274837,71,8810,0.3463414634146341,0.008059023836549375
v_tabletop,viewpoint,orb,1_2,2,2000,2000,324,0.2502711772918701,77,798,0.23765432098765432,0.09649122807017543,227,1353,0.7006172839506173,0.16777531411677754,275,1488,0.8487654320987654,0.18481182795698925,289,1557,0.8919753086419753,0.18561335902376364,291,1585,0.8981481481481481,0.18359621451104102
v_tabletop,viewpoint,orb,1_3,3,2000,2000,40,0.2502711772918701,0,835,0.0,0.0,2,1439,0.05,0.001389854065323141,2,1625,0.05,0.0012307692307692308,2,1795,0.05,0.0011142061281337048,2,1929,0.05,0.0010368066355624676
v_tabletop,viewpoint,orb,1_4,4,2000,2000,38,0.2502711772918701,0,749,0.0,0.0,2,1253,0.05263157894736842,0.0015961691939345571,2,1430,0.05263157894736842,0.0013986013986013986,3,1559,0.07894736842105263,0.001924310455420141,4,1700,0.10526315789473684,0.002352941176470588
v_tabletop,viewpoint,orb,1_5,5,2000,2000,31,0.2502711772918701,0,822,0.0,0.0,1,1423,0.03225806451612903,0.0007027406886858749,1,1569,0.03225806451612903,0.0006373486297004461,1,1679,0.03225806451612903,0.0005955926146515784,2,1819,0.06451612903225806,0.0010995052226498076
v_tabletop,viewpoint,orb,1_6,6,2000,2000,37,0.2502711772918701,0,803,0.0,0.0,2,1325,0.05405405405405406,0.0015094339622641509,3,1480,0.08108108108108109,0.002027027027027027,3,1599,0.08108108108108109,0.001876172607879925,4,1757,0.10810810810810811,0.0022766078542970974
v_talent,viewpoint,sift,1_2,2,8232,5716,1449,2.527905797958374,800,1255,0.5521048999309869,0.6374501992031872,1128,2267,0.7784679089026915,0.49757388619320686,1152,3417,0.7950310559006211,0.33713784021071114,1162,5508,0.8019323671497585,0.21096586782861293,1173,7562,0.8095238095238095,0.15511769373181697
v_talent,viewpoint,sift,1_3,3,8232,6092,1385,2.527905797958374,714,1309,0.5155234657039711,0.5454545454545454,977,2421,0.7054151624548737,0.40355225113589427,1007,3621,0.7270758122743682,0.2780999723833195,1021,5774,0.7371841155234657,0.17682715621752684,1028,7780,0.7422382671480144,0.13213367609254498
v_talent,viewpoint,sift,1_4,4,8232,6785,866,2.527905797958374,383,948,0.44226327944572746,0.4040084388185654,572,2308,0.6605080831408776,0.24783362218370883,605,3689,0.6986143187066974,0.16400108430468963,619,5886,0.7147806004618937,0.10516479782534828,643,7821,0.7424942263279446,0.08221455056898094
v_talent,viewpoint,sift,1_5,5,8232,5147,329,2.527905797958374,32,561,0.0972644376899696,0.0570409982174688,81,1662,0.24620060790273557,0.048736462093862815,110,2967,0.3343465045592705,0.03707448601280755,127,5167,0.3860182370820669,0.02457905941552158,131,7449,0.3981762917933131,0.017586253188347428
v_talent,viewpoint,sift,1_6,6,8232,5811,989,2.527905797958374,396,1196,0.40040444893832156,0.3311036789297659,571,2262,0.5773508594539939,0.2524314765694076,619,3537,0.6258847320525783,0.17500706813683914,631,5661,0.6380182002022244,0.11146440558205264,639,7646,0.6461071789686552,0.0835731101229401
v_talent,viewpoint,orb,1_2,2,2000,2000,282,0.2581634998321533,65,799,0.23049645390070922,0.08135168961201501,183,1481,0.648936170212766,0.12356515867656989,232,1634,0.8226950354609929,0.1419828641370869,237,1691,0.8404255319148937,0.140153755174453,237,1772,0.8404255319148937,0.13374717832957111
v_talent,viewpoint,orb,1_3,3,2000,2000,211,0.2581634998321533,51,767,0.24170616113744076,0.06649282920469361,127,1364,0.6018957345971564,0.09310850439882698,155,1563,0.7345971563981043,0.09916826615483046,162,1633,0.7677725118483413,0.09920391916717697,162,1702,0.7677725118483413,0.09518213866039953
v_talent,viewpoint,orb,1_4,4,2000,2000,191,0.2581634998321533,37,632,0.193717277486911,0.058544303797468354,109,1231,0.5706806282722513,0.08854589764419171,127,1467,0.6649214659685864,0.08657123381049761,132,1636,0.6910994764397905,0.08068459657701711,132,1774,0.6910994764397905,0.07440811724915446
v_talent,viewpoint,orb,1_5,5,2000,2000,62,0.2581634998321533,7,351,0.11290322580645161,0.019943019943019943,19,792,0.3064516129032258,0.023989898989898988,23,988,0.3709677419354839,0.02327935222672065,25,1202,0.4032258064516129,0.020798668885191347,26,1429,0.41935483870967744,0.01819454163750875
v_talent,viewpoint,orb,1_6,6,2000,2000,113,0.2581634998321533,27,650,0.23893805309734514,0.04153846153846154,64,1128,0.5663716814159292,0.05673758865248227,70,1350,0.6194690265486725,0.05185185185185185,73,1528,0.6460176991150443,0.047774869109947646,74,1645,0.6548672566371682,0.044984802431610946
v_tempera,viewpoint,sift,1_2,2,2454,1601,841,0.3820901393890381,744,887,0.8846611177170036,0.8387824126268321,768,985,0.9131985731272295,0.7796954314720812,778,1206,0.925089179548157,0.6451077943615257,783,1650,0.9310344827586207,0.47454545454545455,792,2175,0.9417360285374554,0.3641379310344828
v_tempera,viewpoint,sift,1_3,3,2454,1615,602,0.3820901393890381,435,696,0.7225913621262459,0.625,521,931,0.8654485049833887,0.5596133190118152,533,1166,0.8853820598006644,0.4571183533447684,542,1613,0.9003322259136213,0.3360198388096714,549,2184,0.9119601328903655,0.25137362637362637
v_tempera,viewpoint,sift,1_4,4,2454,1666,713,0.3820901393890381,577,777,0.8092566619915849,0.7425997425997426,631,942,0.884992987377279,0.6698513800424628,647,1216,0.9074333800841514,0.5320723684210527,663,1712,0.9298737727910238,0.3872663551401869,673,2236,0.9438990182328191,0.3009838998211091
v_tempera,viewpoint,sift,1_5,5,2454,1819,392,0.3820901393890381,269,603,0.6862244897959183,0.4461028192371476,337,894,0.8596938775510204,0.3769574944071588,349,1145,0.8903061224489796,0.30480349344978164,358,1643,0.9132653061224489,0.21789409616555083,365,2170,0.9311224489795918,0.16820276497695852
v_tempera,viewpoint,sift,1_6,6,2454,1040,70,0.3820901393890381,12,159,0.17142857142857143,0.07547169811320754,27,433,0.38571428571428573,0.06235565819861432,30,703,0.42857142857142855,0.04267425320056899,32,1235,0.45714285714285713,0.025910931174089068,33,1951,0.4714285714285714,0.016914402870322913
v_tempera,viewpoint,orb,1_2,2,2000,2000,693,0.2515582084655762,433,1404,0.6248196248196248,0.3084045584045584,615,1809,0.8874458874458875,0.33996683250414594,660,1893,0.9523809523809523,0.3486529318541997,688,1911,0.9927849927849928,0.36002093144950287,688,1946,0.9927849927849928,0.35354573484069884
v_tempera,viewpoint,orb,1_3,3,2000,2000,449,0.2515582084655762,212,1288,0.47216035634743875,0.16459627329192547,361,1730,0.8040089086859689,0.20867052023121388,402,1824,0.8953229398663697,0.22039473684210525,431,1863,0.9599109131403119,0.2313472893183038,440,1903,0.9799554565701559,0.23121387283236994
v_tempera,viewpoint,orb,1_4,4,2000,2000,289,0.2515582084655762,137,1256,0.4740484429065744,0.10907643312101911,220,1797,0.7612456747404844,0.12242626599888703,258,1901,0.8927335640138409,0.135718043135192,275,1917,0.9515570934256056,0.14345331246739698,281,1953,0.972318339100346,0.14388120839733742
v_tempera,viewpoint,orb,1_5,5,2000,2000,81,0.2515582084655762,25,975,0.30864197530864196,0.02564102564102564,42,1590,0.5185185185185185,0.026415094339622643,53,1804,0.654320987654321,0.029379157427937917,59,1893,0.7283950617283951,0.03116745905969361,66,1937,0.8148148148148148,0.034073309241094474
v_tempera,viewpoint,orb,1_6,6,2000,1939,28,0.2515582084655762,2,998,0.07142857142857142,0.002004008016032064,5,1607,0.17857142857142858,0.0031113876789047915,6,1783,0.21428571428571427,0.0033651149747616375,7,1829,0.25,0.0038272279934390375,11,1864,0.39285714285714285,0.005901287553648069
v_there,viewpoint,sift,1_2,2,636,620,211,0.24497528076171876,98,169,0.46445497630331756,0.5798816568047337,144,251,0.6824644549763034,0.5737051792828686,158,283,0.7488151658767772,0.558303886925795,180,344,0.8530805687203792,0.5232558139534884,194,439,0.919431279620853,0.4419134396355353
v_there,viewpoint,sift,1_3,3,636,2230,25,0.24497528076171876,0,57,0.0,0.0,2,109,0.08,0.01834862385321101,3,151,0.12,0.019867549668874173,5,249,0.2,0.020080321285140562,5,383,0.2,0.013054830287206266
v_there,viewpoint,sift,1_4,4,636,2660,19,0.24497528076171876,1,35,0.05263157894736842,0.02857142857142857,1,83,0.05263157894736842,0.012048192771084338,2,127,0.10526315789473684,0.015748031496062992,3,242,0.15789473684210525,0.012396694214876033,4,414,0.21052631578947367,0.00966183574879227
v_there,viewpoint,sift,1_5,5,636,2804,14,0.24497528076171876,1,26,0.07142857142857142,0.038461538461538464,1,81,0.07142857142857142,0.012345679012345678,1,140,0.07142857142857142,0.007142857142857143,1,261,0.07142857142857142,0.0038314176245210726,1,426,0.07142857142857142,0.002347417840375587
v_there,viewpoint,sift,1_6,6,636,2875,14,0.24497528076171876,0,20,0.0,0.0,0,63,0.0,0.0,0,116,0.0,0.0,0,184,0.0,0.0,0,423,0.0,0.0
v_there,viewpoint,orb,1_2,2,1227,1251,191,0.15795841217041015,83,528,0.43455497382198954,0.1571969696969697,154,786,0.806282722513089,0.19592875318066158,173,858,0.9057591623036649,0.20163170163170163,183,906,0.9581151832460733,0.20198675496688742,186,989,0.9738219895287958,0.18806875631951467
v_there,viewpoint,orb,1_3,3,1227,2000,12,0.15795841217041015,4,154,0.3333333333333333,0.025974025974025976,6,241,0.5,0.024896265560165973,7,269,0.5833333333333334,0.026022304832713755,7,329,0.5833333333333334,0.02127659574468085,7,392,0.5833333333333334,0.017857142857142856
v_there,viewpoint,orb,1_4,4,1227,2000,5,0.15795841217041015,0,84,0.0,0.0,0,144,0.0,0.0,0,191,0.0,0.0,0,242,0.0,0.0,0,326,0.0,0.0
v_there,viewpoint,orb,1_5,5,1227,2000,10,0.15795841217041015,0,47,0.0,0.0,0,102,0.0,0.0,0,150,0.0,0.0,0,175,0.0,0.0,0,278,0.0,0.0
v_there,viewpoint,orb,1_6,6,1227,2000,5,0.15795841217041015,0,13,0.0,0.0,0,61,0.0,0.0,0,113,0.0,0.0,0,165,0.0,0.0,0,263,0.0,0.0
v_underground,viewpoint,sift,1_2,2,3887,3742,1583,0.6561206817626953,1283,2170,0.8104864181933038,0.5912442396313364,1417,2411,0.8951358180669615,0.5877229365408544,1442,2471,0.9109286165508528,0.5835694050991501,1456,2594,0.919772583701832,0.5612952968388589,1465,3001,0.9254579911560329,0.48817060979673443
v_underground,viewpoint,sift,1_3,3,3887,2673,777,0.6561206817626953,356,1200,0.45817245817245816,0.2966666666666667,522,1667,0.6718146718146718,0.3131373725254949,562,1837,0.7232947232947233,0.30593358737071313,596,2060,0.767052767052767,0.28932038834951457,611,2551,0.7863577863577863,0.23951391611132888
v_underground,viewpoint,sift,1_4,4,3887,2058,439,0.6561206817626953,158,754,0.35990888382687924,0.20954907161803712,245,1040,0.5580865603644647,0.23557692307692307,276,1198,0.6287015945330297,0.2303839732888147,302,1421,0.6879271070615034,0.21252638986629135,320,1885,0.7289293849658315,0.16976127320954906
v_underground,viewpoint,sift,1_5,5,3887,1775,294,0.6561206817626953,51,374,0.17346938775510204,0.13636363636363635,84,590,0.2857142857142857,0.1423728813559322,109,760,0.3707482993197279,0.14342105263157895,130,1088,0.4421768707482993,0.11948529411764706,144,1747,0.4897959183673469,0.0824270177447052
v_underground,viewpoint,sift,1_6,6,3887,1373,217,0.6561206817626953,5,193,0.02304147465437788,0.025906735751295335,11,323,0.05069124423963134,0.034055727554179564,19,483,0.08755760368663594,0.039337474120082816,22,830,0.10138248847926268,0.02650602409638554,27,1604,0.12442396313364056,0.01683291770573566
v_underground,viewpoint,orb,1_2,2,2000,2000,616,0.2516022205352783,340,1258,0.551948051948052,0.2702702702702703,507,1680,0.823051948051948,0.30178571428571427,562,1810,0.9123376623376623,0.3104972375690608,576,1863,0.935064935064935,0.30917874396135264,580,1893,0.9415584415584416,0.306391970417327
v_underground,viewpoint,orb,1_3,3,2000,2000,162,0.2516022205352783,54,898,0.3333333333333333,0.060133630289532294,107,1409,0.6604938271604939,0.07594038325053229,125,1599,0.7716049382716049,0.07817385866166354,128,1749,0.7901234567901234,0.07318467695826186,130,1798,0.8024691358024691,0.07230255839822025
v_underground,viewpoint,orb,1_4,4,2000,2000,60,0.2516022205352783,10,757,0.16666666666666666,0.013210039630118891,17,1327,0.2833333333333333,0.01281085154483798,21,1519,0.35,0.013824884792626729,24,1670,0.4,0.01437125748502994,25,1733,0.4166666666666667,0.014425851125216388
v_underground,viewpoint,orb,1_5,5,2000,2000,28,0.2516022205352783,1,497,0.03571428571428571,0.002012072434607646,1,875,0.03571428571428571,0.001142857142857143,1,1035,0.03571428571428571,0.000966183574879227,2,1129,0.07142857142857142,0.001771479185119575,2,1160,0.07142857142857142,0.0017241379310344827
v_underground,viewpoint,orb,1_6,6,2000,2000,19,0.2516022205352783,0,332,0.0,0.0,0,726,0.0,0.0,0,915,0.0,0.0,0,1081,0.0,0.0,0,1166,0.0,0.0
v_vitro,viewpoint,sift,1_2,2,7268,6930,3439,2.1728225708007813,2864,3900,0.8328002326257633,0.7343589743589743,3161,4619,0.9191625472521082,0.6843472613119723,3180,5034,0.9246874091305612,0.6317044100119189,3189,6079,0.9273044489677231,0.524592860667873,3199,7085,0.9302122710090143,0.45151729004940017
v_vitro,viewpoint,sift,1_3,3,7268,6562,2017,2.1728225708007813,1079,2074,0.5349529003470501,0.5202507232401157,1718,3629,0.8517600396628656,0.4734086525213557,1779,4317,0.8820029747149232,0.4120917303683113,1795,5623,0.8899355478433317,0.319224613195803,1802,6759,0.8934060485870104,0.26660748631454356
v_vitro,viewpoint,sift,1_4,4,7268,5542,954,2.1728225708007813,344,1236,0.36058700209643607,0.2783171521035599,644,2628,0.6750524109014675,0.2450532724505327,706,3570,0.740041928721174,0.19775910364145657,728,5086,0.7631027253668763,0.14313802595359812,739,6465,0.7746331236897275,0.11430781129156999
v_vitro,viewpoint,sift,1_5,5,7268,7113,2783,2.1728225708007813,1852,2778,0.6654689184333453,0.6666666666666666,2442,3883,0.8774703557312253,0.6288951841359773,2482,4325,0.8918433345310816,0.5738728323699422,2503,5247,0.8993891484010061,0.4770344959024204,2514,6126,0.9033417175709666,0.4103819784524976
v_vitro,viewpoint,sift,1_6,6,7268,6309,1279,2.1728225708007813,541,1404,0.42298670836591085,0.3853276353276353,971,2858,0.7591868647380766,0.3397480755773268,1037,3516,0.8107896794370602,0.2949374288964733,1045,4528,0.8170445660672401,0.2307862190812721,1058,5731,0.8272087568412823,0.1846100157040656
v_vitro,viewpoint,orb,1_2,2,2000,2000,446,0.2946002006530762,206,1174,0.4618834080717489,0.17546848381601363,335,1601,0.7511210762331838,0.20924422236102436,358,1759,0.8026905829596412,0.20352472996020465,365,1874,0.8183856502242153,0.19477054429028814,368,1941,0.8251121076233184,0.18959299330242144
v_vitro,viewpoint,orb,1_3,3,2000,2000,236,0.2946002006530762,65,795,0.2754237288135593,0.08176100628930817,147,1299,0.6228813559322034,0.11316397228637413,169,1436,0.7161016949152542,0.11768802228412256,176,1628,0.7457627118644068,0.10810810810810811,176,1780,0.7457627118644068,0.09887640449438202
v_vitro,viewpoint,orb,1_4,4,2000,2000,105,0.2946002006530762,15,573,0.14285714285714285,0.02617801047120419,34,1063,0.3238095238095238,0.03198494825964252,40,1207,0.38095238095238093,0.033140016570008285,45,1402,0.42857142857142855,0.03209700427960057,45,1685,0.42857142857142855,0.026706231454005934
v_vitro,viewpoint,orb,1_5,5,2000,2000,352,0.2946002006530762,137,827,0.38920454545454547,0.1656590084643289,240,1296,0.6818181818181818,0.18518518518518517,272,1537,0.7727272727272727,0.17696811971372803,287,1718,0.8153409090909091,0.1670547147846333,291,1799,0.8267045454545454,0.16175653140633686
v_vitro,viewpoint,orb,1_6,6,2000,2000,151,0.2946002006530762,36,617,0.23841059602649006,0.05834683954619125,85,1101,0.5629139072847682,0.07720254314259764,99,1219,0.6556291390728477,0.081214109926169,101,1456,0.6688741721854304,0.06936813186813187,106,1707,0.7019867549668874,0.062097246631517285
v_wall,viewpoint,sift,1_2,2,1689,1248,615,0.2686720371246338,363,435,0.5902439024390244,0.8344827586206897,555,700,0.9024390243902439,0.7928571428571428,601,812,0.9772357723577236,0.7401477832512315,604,979,0.9821138211382113,0.616956077630235,605,1267,0.983739837398374,0.47750591949486976
v_wall,viewpoint,sift,1_3,3,1689,1398,484,0.2686720371246338,174,227,0.359504132231405,0.7665198237885462,323,472,0.6673553719008265,0.684322033898305,414,654,0.8553719008264463,0.6330275229357798,473,851,0.9772727272727273,0.5558166862514688,474,1110,0.9793388429752066,0.42702702702702705
v_wall,viewpoint,sift,1_4,4,1689,1543,881,0.2686720371246338,712,818,0.8081725312145289,0.8704156479217604,832,1000,0.9443813847900113,0.832,856,1096,0.9716231555051078,0.781021897810219,859,1285,0.9750283768444948,0.6684824902723735,863,1488,0.9795686719636776,0.5799731182795699
v_wall,viewpoint,sift,1_5,5,1689,1740,384,0.2686720371246338,189,376,0.4921875,0.5026595744680851,309,669,0.8046875,0.4618834080717489,339,822,0.8828125,0.4124087591240876,368,1072,0.9583333333333334,0.34328358208955223,378,1314,0.984375,0.2876712328767123
v_wall,viewpoint,sift,1_6,6,1689,1548,386,0.2686720371246338,143,212,0.3704663212435233,0.6745283018867925,240,407,0.6217616580310881,0.5896805896805897,281,547,0.727979274611399,0.5137111517367459,361,795,0.9352331606217616,0.4540880503144654,378,1104,0.9792746113989638,0.3423913043478261
v_wall,viewpoint,orb,1_2,2,2000,2000,748,0.2969170570373535,304,906,0.40641711229946526,0.3355408388520971,595,1465,0.7954545454545454,0.4061433447098976,704,1647,0.9411764705882353,0.42744383727990287,744,1749,0.9946524064171123,0.42538593481989706,746,1827,0.9973262032085561,0.40831964969896006
v_wall,viewpoint,orb,1_3,3,2000,2000,461,0.2969170570373535,130,521,0.28199566160520606,0.2495201535508637,259,907,0.561822125813449,0.2855567805953694,358,1163,0.7765726681127982,0.30782459157351677,442,1375,0.9587852494577006,0.32145454545454544,456,1516,0.9891540130151844,0.3007915567282322
v_wall,viewpoint,orb,1_4,4,2000,2000,885,0.2969170570373535,483,1164,0.5457627118644067,0.41494845360824745,761,1604,0.8598870056497175,0.47443890274314215,853,1738,0.9638418079096045,0.4907940161104718,878,1838,0.992090395480226,0.4776931447225245,880,1909,0.9943502824858758,0.46097433211105293
v_wall,viewpoint,orb,1_5,5,2000,2000,157,0.2969170570373535,42,711,0.267515923566879,0.05907172995780591,120,1231,0.7643312101910829,0.09748172217709179,135,1418,0.8598726114649682,0.09520451339915374,150,1606,0.9554140127388535,0.09339975093399751,151,1763,0.9617834394904459,0.08564946114577425
v_wall,viewpoint,orb,1_6,6,2000,2000,294,0.2969170570373535,82,430,0.2789115646258503,0.19069767441860466,157,747,0.5340136054421769,0.2101740294511379,202,930,0.6870748299319728,0.2172043010752688,264,1169,0.8979591836734694,0.22583404619332764,290,1350,0.9863945578231292,0.21481481481481482
v_wapping,viewpoint,sift,1_2,2,8918,8716,973,4.430799293518066,689,2105,0.7081192189105858,0.3273159144893112,864,3154,0.8879753340184995,0.27393785668991755,888,3912,0.9126413155190134,0.22699386503067484,907,5737,0.9321685508735869,0.15809656614955553,914,7743,0.9393627954779034,0.1180421025442335
v_wapping,viewpoint,sift,1_3,3,8918,15056,505,4.430799293518066,224,1162,0.44356435643564357,0.1927710843373494,336,2346,0.6653465346534654,0.1432225063938619,423,3432,0.8376237623762376,0.12325174825174826,436,5455,0.8633663366336634,0.07992667277726856,446,7817,0.8831683168316832,0.05705513624152488
v_wapping,viewpoint,sift,1_4,4,8918,15375,674,4.430799293518066,256,1561,0.3798219584569733,0.16399743754003843,530,3298,0.7863501483679525,0.16070345664038813,590,4240,0.8753709198813057,0.1391509433962264,599,5917,0.8887240356083086,0.10123373331079939,604,7467,0.8961424332344213,0.08088924601580287
v_wapping,viewpoint,sift,1_5,5,8918,11486,269,4.430799293518066,65,636,0.241635687732342,0.10220125786163523,125,1602,0.4646840148698885,0.0780274656679151,162,2753,0.6022304832713755,0.05884489647657101,171,4895,0.6356877323420075,0.03493360572012257,175,7467,0.6505576208178439,0.02343645372974421
v_wapping,viewpoint,sift,1_6,6,8918,6866,93,4.430799293518066,5,349,0.053763440860215055,0.014326647564469915,11,1132,0.11827956989247312,0.009717314487632508,23,2158,0.24731182795698925,0.010658016682113068,30,4183,0.3225806451612903,0.007171886206072197,34,7216,0.3655913978494624,0.0047117516629711755
v_wapping,viewpoint,orb,1_2,2,2000,2000,315,0.3025362968444824,113,675,0.35873015873015873,0.1674074074074074,225,1063,0.7142857142857143,0.2116650987770461,276,1206,0.8761904761904762,0.22885572139303484,296,1356,0.9396825396825397,0.2182890855457227,302,1617,0.9587301587301588,0.18676561533704392
v_wapping,viewpoint,orb,1_3,3,2000,2000,69,0.3025362968444824,19,312,0.2753623188405797,0.060897435897435896,44,599,0.6376811594202898,0.07345575959933222,54,708,0.782608695652174,0.07627118644067797,62,831,0.8985507246376812,0.07460890493381468,63,971,0.9130434782608695,0.06488156539649846
v_wapping,viewpoint,orb,1_4,4,2000,2000,57,0.3025362968444824,12,288,0.21052631578947367,0.041666666666666664,25,614,0.43859649122807015,0.04071661237785016,30,774,0.5263157894736842,0.03875968992248062,34,907,0.5964912280701754,0.037486218302094816,35,1102,0.6140350877192983,0.03176043557168784
v_wapping,viewpoint,orb,1_5,5,2000,2000,33,0.3025362968444824,6,189,0.18181818181818182,0.031746031746031744,14,379,0.42424242424242425,0.036939313984168866,19,485,0.5757575757575758,0.03917525773195876,26,579,0.7878787878787878,0.044905008635578586,28,732,0.8484848484848485,0.03825136612021858
v_wapping,viewpoint,orb,1_6,6,2000,2000,13,0.3025362968444824,0,175,0.0,0.0,2,355,0.15384615384615385,0.005633802816901409,3,465,0.23076923076923078,0.0064516129032258064,4,588,0.3076923076923077,0.006802721088435374,4,748,0.3076923076923077,0.0053475935828877
v_war,viewpoint,sift,1_2,2,5321,4654,703,1.2310204029083252,90,354,0.12802275960170698,0.2542372881355932,224,1172,0.3186344238975818,0.19112627986348124,360,2063,0.5120910384068279,0.17450315075133302,533,3305,0.7581792318634424,0.16127080181543116,576,4555,0.8193456614509246,0.12645444566410538
v_war,viewpoint,sift,1_3,3,5321,3572,289,1.2310204029083252,25,296,0.08650519031141868,0.08445945945945946,74,965,0.2560553633217993,0.0766839378238342,110,1709,0.3806228373702422,0.06436512580456408,145,2872,0.5017301038062284,0.0504874651810585,169,4357,0.5847750865051903,0.03878815698875373
v_war,viewpoint,sift,1_4,4,5321,4569,2064,1.2310204029083252,990,1284,0.4796511627906977,0.7710280373831776,1776,2409,0.8604651162790697,0.7372353673723536,1912,2946,0.9263565891472868,0.6490156143923965,1948,3874,0.9437984496124031,0.5028394424367578,1953,4954,0.9462209302325582,0.39422688736374645
v_war,viewpoint,sift,1_5,5,5321,4043,1411,1.2310204029083252,285,542,0.20198440822111977,0.525830258302583,759,1623,0.5379163713678242,0.4676524953789279,1116,2564,0.7909284195605953,0.43525741029641185,1255,3730,0.8894401133947555,0.33646112600536193,1265,4849,0.8965272856130404,0.26087853165601155
v_war,viewpoint,sift,1_6,6,5321,2754,228,1.2310204029083252,9,275,0.039473684210526314,0.03272727272727273,29,892,0.12719298245614036,0.032511210762331835,47,1673,0.20614035087719298,0.028093245666467422,90,2981,0.39473684210526316,0.030191211003019122,98,4442,0.4298245614035088,0.022062134173795586
v_war,viewpoint,orb,1_2,2,2000,2000,210,0.28131537437438964,32,457,0.1523809523809524,0.0700218818380744,85,1031,0.40476190476190477,0.08244422890397672,148,1417,0.7047619047619048,0.10444601270289344,193,1677,0.919047619047619,0.11508646392367322,200,1811,0.9523809523809523,0.11043622308117063
v_war,viewpoint,orb,1_3,3,2000,2000,73,0.28131537437438964,5,463,0.0684931506849315,0.01079913606911447,24,951,0.3287671232876712,0.025236593059936908,37,1217,0.5068493150684932,0.030402629416598194,51,1455,0.6986301369863014,0.03505154639175258,56,1701,0.7671232876712328,0.03292181069958848
v_war,viewpoint,orb,1_4,4,2000,2000,823,0.28131537437438964,304,1101,0.36938031591737547,0.2761126248864669,668,1770,0.8116646415552855,0.37740112994350283,785,1919,0.9538274605103281,0.40906722251172484,815,1969,0.9902794653705954,0.4139156932453022,817,1990,0.9927095990279465,0.4105527638190955
v_war,viewpoint,orb,1_5,5,2000,2000,394,0.28131537437438964,101,802,0.2563451776649746,0.1259351620947631,233,1567,0.5913705583756346,0.14869176770899808,325,1827,0.8248730964467005,0.17788724685276408,379,1909,0.9619289340101523,0.19853326348873757,384,1953,0.9746192893401016,0.1966205837173579
v_war,viewpoint,orb,1_6,6,2000,2000,25,0.28131537437438964,1,488,0.04,0.0020491803278688526,4,1007,0.16,0.003972194637537239,7,1303,0.28,0.005372217958557176,12,1564,0.48,0.0076726342710997444,13,1763,0.52,0.00737379466817924
v_weapons,viewpoint,sift,1_2,2,4356,4116,2072,1.0944356441497802,1592,1998,0.7683397683397684,0.7967967967967968,1910,2474,0.9218146718146718,0.7720291026677445,1959,2686,0.9454633204633205,0.72933730454207,1971,3308,0.9512548262548263,0.5958282950423216,1983,3903,0.957046332046332,0.5080707148347425
v_weapons,viewpoint,sift,1_3,3,4356,3781,841,1.0944356441497802,548,1438,0.6516052318668252,0.3810848400556328,696,1985,0.8275862068965517,0.35062972292191436,743,2381,0.8834720570749108,0.3120537589248215,767,3122,0.9120095124851367,0.24567584881486226,789,3850,0.9381688466111772,0.20493506493506494
v_weapons,viewpoint,sift,1_4,4,4356,4281,1763,1.0944356441497802,1343,1714,0.761769710720363,0.7835472578763127,1602,2141,0.9086783891094725,0.7482484820177487,1676,2342,0.9506522972206466,0.7156276686592656,1704,2704,0.9665343165059558,0.6301775147928994,1715,3212,0.9727736812251844,0.5339352428393525
v_weapons,viewpoint,sift,1_5,5,4356,3884,1279,1.0944356441497802,940,1681,0.7349491790461298,0.5591909577632361,1134,2212,0.8866301798279906,0.5126582278481012,1186,2615,0.9272869429241595,0.45353728489483747,1213,3473,0.9483971853010165,0.349265764468759,1224,4117,0.9569976544175137,0.2973038620354627
v_weapons,viewpoint,sift,1_6,6,4356,3498,825,1.0944356441497802,549,1344,0.6654545454545454,0.40848214285714285,699,1912,0.8472727272727273,0.3655857740585774,735,2396,0.8909090909090909,0.30676126878130217,767,3387,0.9296969696969697,0.2264540891644523,776,4090,0.9406060606060606,0.18973105134474327
v_weapons,viewpoint,orb,1_2,2,2000,2000,641,0.2671793460845947,272,761,0.4243369734789392,0.35742444152431013,475,1090,0.7410296411856474,0.43577981651376146,522,1211,0.8143525741029641,0.4310487200660611,537,1279,0.8377535101404057,0.41985926505082094,541,1388,0.84399375975039,0.38976945244956773
v_weapons,viewpoint,orb,1_3,3,2000,2000,139,0.2671793460845947,62,658,0.4460431654676259,0.09422492401215805,98,917,0.7050359712230215,0.10687022900763359,111,999,0.7985611510791367,0.1111111111111111,113,1052,0.8129496402877698,0.10741444866920152,114,1111,0.8201438848920863,0.10261026102610261
v_weapons,viewpoint,orb,1_4,4,2000,2000,382,0.2671793460845947,125,383,0.32722513089005234,0.3263707571801567,265,563,0.693717277486911,0.4706927175843694,346,634,0.9057591623036649,0.5457413249211357,372,676,0.9738219895287958,0.5502958579881657,376,729,0.9842931937172775,0.5157750342935528
v_weapons,viewpoint,orb,1_5,5,2000,2000,299,0.2671793460845947,110,1146,0.36789297658862874,0.09598603839441536,197,1600,0.6588628762541806,0.123125,227,1703,0.7591973244147158,0.13329418672930124,245,1776,0.8193979933110368,0.13795045045045046,249,1836,0.8327759197324415,0.13562091503267973
v_weapons,viewpoint,orb,1_6,6,2000,2000,138,0.2671793460845947,49,1028,0.35507246376811596,0.047665369649805445,91,1534,0.6594202898550725,0.059322033898305086,105,1632,0.7608695652173914,0.06433823529411764,113,1692,0.8188405797101449,0.06678486997635934,119,1759,0.8623188405797102,0.06765207504263786
v_woman,viewpoint,sift,1_2,2,1855,7756,512,0.690733814239502,432,601,0.84375,0.718801996672213,474,753,0.92578125,0.6294820717131474,480,932,0.9375,0.5150214592274678,483,1232,0.943359375,0.39204545454545453,485,1608,0.947265625,0.30161691542288555
v_woman,viewpoint,sift,1_3,3,1855,4959,468,0.690733814239502,293,462,0.6260683760683761,0.6341991341991342,403,679,0.8611111111111112,0.593519882179676,430,798,0.9188034188034188,0.5388471177944862,446,996,0.9529914529914529,0.44779116465863456,452,1269,0.9658119658119658,0.3561859732072498
v_woman,viewpoint,sift,1_4,4,1855,4872,283,0.690733814239502,135,335,0.47703180212014135,0.40298507462686567,213,588,0.7526501766784452,0.3622448979591837,241,745,0.8515901060070671,0.32348993288590605,255,964,0.901060070671378,0.2645228215767635,259,1255,0.9151943462897526,0.20637450199203186
v_woman,viewpoint,sift,1_5,5,1855,7970,237,0.690733814239502,169,371,0.7130801687763713,0.4555256064690027,205,568,0.8649789029535865,0.3609154929577465,213,714,0.8987341772151899,0.29831932773109243,220,1024,0.9282700421940928,0.21484375,223,1370,0.9409282700421941,0.16277372262773723
v_woman,viewpoint,sift,1_6,6,1855,3000,117,0.690733814239502,42,224,0.358974358974359,0.1875,71,422,0.6068376068376068,0.16824644549763032,82,593,0.7008547008547008,0.13827993254637436,90,851,0.7692307692307693,0.10575793184488837,91,1215,0.7777777777777778,0.07489711934156379
v_woman,viewpoint,orb,1_2,2,2000,2000,190,0.2582563877105713,103,407,0.5421052631578948,0.25307125307125306,162,642,0.8526315789473684,0.2523364485981308,177,743,0.9315789473684211,0.23822341857335128,184,893,0.968421052631579,0.20604703247480402,184,1119,0.968421052631579,0.1644325290437891
v_woman,viewpoint,orb,1_3,3,2000,2000,289,0.2582563877105713,97,431,0.3356401384083045,0.22505800464037123,205,761,0.7093425605536332,0.26938239159001315,239,891,0.8269896193771626,0.26823793490460157,267,997,0.9238754325259516,0.2678034102306921,280,1091,0.9688581314878892,0.2566452795600367
v_woman,viewpoint,orb,1_4,4,2000,2000,155,0.2582563877105713,35,227,0.22580645161290322,0.15418502202643172,99,463,0.6387096774193548,0.21382289416846653,124,562,0.8,0.2206405693950178,145,669,0.9354838709677419,0.21674140508221226,149,809,0.9612903225806452,0.1841779975278121
v_woman,viewpoint,orb,1_5,5,2000,2000,120,0.2582563877105713,49,280,0.4083333333333333,0.175,92,463,0.7666666666666667,0.19870410367170627,104,573,0.8666666666666667,0.18150087260034903,111,706,0.925,0.15722379603399433,112,912,0.9333333333333333,0.12280701754385964
v_woman,viewpoint,orb,1_6,6,2000,2000,26,0.2582563877105713,6,227,0.23076923076923078,0.02643171806167401,13,409,0.5,0.03178484107579462,20,518,0.7692307692307693,0.03861003861003861,22,665,0.8461538461538461,0.03308270676691729,22,873,0.8461538461538461,0.025200458190148912
v_wormhole,viewpoint,sift,1_2,2,4856,5279,986,1.2738801002502442,490,978,0.4969574036511156,0.5010224948875256,818,1946,0.8296146044624746,0.42034943473792397,905,2654,0.9178498985801217,0.34099472494348154,933,3769,0.9462474645030426,0.24754576810825152,939,4610,0.9523326572008114,0.20368763557483732
v_wormhole,viewpoint,sift,1_3,3,4856,4689,1511,1.2738801002502442,511,885,0.3381866313699537,0.5774011299435028,1208,2095,0.799470549305096,0.5766109785202864,1379,2620,0.9126406353408338,0.5263358778625954,1441,3330,0.9536730641958967,0.4327327327327327,1449,4076,0.9589675711449371,0.35549558390579
v_wormhole,viewpoint,sift,1_4,4,4856,5340,2285,1.2738801002502442,1067,1391,0.4669584245076586,0.7670740474478792,1941,2607,0.84945295404814,0.7445339470655926,2206,3193,0.9654266958424508,0.6908863138114626,2221,3889,0.9719912472647703,0.5710979686294677,2239,4409,0.9798687089715536,0.5078249036062599
v_wormhole,viewpoint,sift,1_5,5,4856,4399,705,1.2738801002502442,244,641,0.34609929078014184,0.38065522620904835,466,1429,0.6609929078014184,0.3261021693491952,607,2084,0.8609929078014185,0.29126679462571975,644,2910,0.9134751773049645,0.22130584192439862,654,3681,0.9276595744680851,0.17766911165444174
v_wormhole,viewpoint,sift,1_6,6,4856,3599,237,1.2738801002502442,9,288,0.0379746835443038,0.03125,36,939,0.1518987341772152,0.038338658146964855,81,1576,0.34177215189873417,0.05139593908629442,142,2706,0.5991561181434599,0.0524759793052476,194,3597,0.8185654008438819,0.053933833750347514
v_wormhole,viewpoint,orb,1_2,2,2000,2000,416,0.26345224380493165,142,715,0.34134615384615385,0.1986013986013986,298,1269,0.7163461538461539,0.23483057525610718,377,1503,0.90625,0.25083166999334666,404,1675,0.9711538461538461,0.24119402985074626,405,1782,0.9735576923076923,0.22727272727272727
v_wormhole,viewpoint,orb,1_3,3,2000,2000,465,0.26345224380493165,88,581,0.18924731182795698,0.1514629948364888,268,1142,0.5763440860215053,0.23467600700525393,370,1341,0.7956989247311828,0.2759134973900075,439,1490,0.9440860215053763,0.29463087248322145,455,1596,0.978494623655914,0.2850877192982456
v_wormhole,viewpoint,orb,1_4,4,2000,2000,715,0.26345224380493165,226,856,0.31608391608391606,0.26401869158878505,534,1506,0.7468531468531469,0.3545816733067729,663,1690,0.9272727272727272,0.3923076923076923,706,1796,0.9874125874125874,0.3930957683741648,711,1900,0.9944055944055944,0.3742105263157895
v_wormhole,viewpoint,orb,1_5,5,2000,2000,177,0.26345224380493165,36,570,0.2033898305084746,0.06315789473684211,88,1079,0.4971751412429379,0.08155699721964782,124,1282,0.7005649717514124,0.0967238689547582,157,1427,0.8870056497175142,0.11002102312543798,166,1537,0.9378531073446328,0.10800260247234873
v_wormhole,viewpoint,orb,1_6,6,2000,2000,21,0.26345224380493165,1,312,0.047619047619047616,0.003205128205128205,6,729,0.2857142857142857,0.00823045267489712,10,978,0.47619047619047616,0.010224948875255624,13,1189,0.6190476190476191,0.010933557611438183,13,1421,0.6190476190476191,0.009148486980999296
v_wounded,viewpoint,sift,1_2,2,4280,4687,1810,0.7686034202575683,1624,2075,0.8972375690607735,0.7826506024096386,1714,2293,0.9469613259668508,0.7474923680767553,1728,2463,0.9546961325966851,0.7015834348355664,1740,2985,0.9613259668508287,0.5829145728643216,1747,3372,0.9651933701657458,0.5180901542111507
v_wounded,viewpoint,sift,1_3,3,4280,3610,417,0.7686034202575683,228,951,0.5467625899280576,0.23974763406940064,334,1525,0.8009592326139089,0.21901639344262294,359,1827,0.8609112709832134,0.19649698960043788,369,2355,0.8848920863309353,0.15668789808917197,373,2846,0.894484412470024,0.13106113843991568
v_wounded,viewpoint,sift,1_4,4,4280,566,36,0.7686034202575683,0,64,0.0,0.0,0,233,0.0,0.0,0,414,0.0,0.0,3,823,0.08333333333333333,0.0036452004860267314,6,1583,0.16666666666666666,0.003790271636133923
v_wounded,viewpoint,sift,1_5,5,4280,1859,197,0.7686034202575683,54,396,0.27411167512690354,0.13636363636363635,106,873,0.5380710659898477,0.12142038946162657,119,1194,0.6040609137055838,0.09966499162479062,132,1827,0.6700507614213198,0.0722495894909688,138,2761,0.700507614213198,0.049981890619340816
v_wounded,viewpoint,sift,1_6,6,4280,987,74,0.7686034202575683,4,162,0.05405405405405406,0.024691358024691357,6,405,0.08108108108108109,0.014814814814814815,7,607,0.0945945945945946,0.011532125205930808,9,1053,0.12162162162162163,0.008547008547008548,14,2030,0.1891891891891892,0.006896551724137931
v_wounded,viewpoint,orb,1_2,2,2000,2000,142,0.2809749126434326,25,139,0.176056338028169,0.17985611510791366,71,239,0.5,0.29707112970711297,104,268,0.7323943661971831,0.3880597014925373,111,302,0.7816901408450704,0.3675496688741722,114,334,0.8028169014084507,0.3413173652694611
v_wounded,viewpoint,orb,1_3,3,2000,2000,131,0.2809749126434326,11,175,0.08396946564885496,0.06285714285714286,28,276,0.21374045801526717,0.10144927536231885,39,358,0.29770992366412213,0.10893854748603352,52,420,0.3969465648854962,0.12380952380952381,55,457,0.4198473282442748,0.12035010940919037
v_wounded,viewpoint,orb,1_4,4,2000,1827,16,0.2809749126434326,0,104,0.0,0.0,0,163,0.0,0.0,0,202,0.0,0.0,2,225,0.125,0.008888888888888889,3,244,0.1875,0.012295081967213115
v_wounded,viewpoint,orb,1_5,5,2000,2000,111,0.2809749126434326,4,191,0.036036036036036036,0.020942408376963352,7,383,0.06306306306306306,0.018276762402088774,12,499,0.10810810810810811,0.02404809619238477,16,596,0.14414414414414414,0.026845637583892617,18,701,0.16216216216216217,0.025677603423680456
v_wounded,viewpoint,orb,1_6,6,2000,2000,27,0.2809749126434326,0,122,0.0,0.0,0,202,0.0,0.0,1,233,0.037037037037037035,0.004291845493562232,1,260,0.037037037037037035,0.0038461538461538464,1,277,0.037037037037037035,0.0036101083032490976
v_yard,viewpoint,sift,1_2,2,9499,11692,2894,4.4741888523101805,1567,2531,0.5414651002073255,0.6191228763334651,2493,4354,0.8614374568071873,0.5725769407441433,2760,5444,0.9536973047684866,0.5069801616458487,2831,7131,0.9782308223911541,0.396999018370495,2847,8449,0.9837595024187975,0.33696295419576283
v_yard,viewpoint,sift,1_3,3,9499,10819,1190,4.4741888523101805,262,621,0.22016806722689075,0.4219001610305958,670,1665,0.5630252100840336,0.4024024024024024,919,2453,0.7722689075630252,0.37464329392580514,1089,3277,0.915126050420168,0.332316142813549,1134,3861,0.9529411764705882,0.2937062937062937
v_yard,viewpoint,sift,1_4,4,9499,10693,1904,4.4741888523101805,946,2008,0.49684873949579833,0.4711155378486056,1501,3582,0.7883403361344538,0.41903964265773314,1731,4862,0.9091386554621849,0.3560263266145619,1842,6973,0.967436974789916,0.2641617668148573,1856,8569,0.9747899159663865,0.2165947018321858
v_yard,viewpoint,sift,1_5,5,9499,10033,665,4.4741888523101805,116,915,0.17443609022556392,0.126775956284153,292,2449,0.43909774436090226,0.11923233973050225,403,3847,0.606015037593985,0.10475695347023654,551,6007,0.8285714285714286,0.09172631929415681,607,7685,0.912781954887218,0.0789850357839948
v_yard,viewpoint,sift,1_6,6,9499,7269,205,4.4741888523101805,15,521,0.07317073170731707,0.028790786948176585,47,1692,0.22926829268292684,0.027777777777777776,74,2991,0.36097560975609755,0.02474088933467068,101,5121,0.4926829268292683,0.019722710408123414,133,7297,0.6487804878048781,0.018226668493901605
v_yard,viewpoint,orb,1_2,2,2000,2000,434,0.2854920864105225,144,648,0.3317972350230415,0.2222222222222222,327,1072,0.7534562211981567,0.3050373134328358,393,1230,0.9055299539170507,0.3195121951219512,426,1372,0.9815668202764977,0.3104956268221574,432,1515,0.9953917050691244,0.2851485148514851
v_yard,viewpoint,orb,1_3,3,2000,2000,186,0.2854920864105225,42,256,0.22580645161290322,0.1640625,107,493,0.5752688172043011,0.21703853955375255,142,610,0.7634408602150538,0.23278688524590163,168,724,0.9032258064516129,0.23204419889502761,177,774,0.9516129032258065,0.22868217054263565
v_yard,viewpoint,orb,1_4,4,2000,2000,308,0.2854920864105225,93,775,0.30194805194805197,0.12,214,1235,0.6948051948051948,0.17327935222672064,272,1406,0.8831168831168831,0.1934566145092461,300,1533,0.974025974025974,0.19569471624266144,305,1673,0.9902597402597403,0.18230723251643755
v_yard,viewpoint,orb,1_5,5,2000,2000,107,0.2854920864105225,7,445,0.06542056074766354,0.015730337078651686,30,821,0.2803738317757009,0.03654080389768575,58,1047,0.5420560747663551,0.055396370582617004,89,1235,0.8317757009345794,0.07206477732793522,97,1433,0.9065420560747663,0.06769016050244243
v_yard,viewpoint,orb,1_6,6,2000,2000,27,0.2854920864105225,2,225,0.07407407407407407,0.008888888888888889,6,490,0.2222222222222222,0.012244897959183673,11,675,0.4074074074074074,0.016296296296296295,16,929,0.5925925925925926,0.017222820236813777,20,1231,0.7407407407407407,0.016246953696181964
v_yuri,viewpoint,sift,1_2,2,1126,2137,273,0.27909393310546876,203,345,0.7435897435897436,0.5884057971014492,240,445,0.8791208791208791,0.5393258426966292,248,492,0.9084249084249084,0.5040650406504065,254,644,0.9304029304029304,0.3944099378881988,260,883,0.9523809523809523,0.2944507361268403
v_yuri,viewpoint,sift,1_3,3,1126,820,303,0.27909393310546876,107,198,0.35313531353135313,0.5404040404040404,202,357,0.6666666666666666,0.5658263305322129,233,413,0.768976897689769,0.5641646489104116,255,482,0.8415841584158416,0.529045643153527,265,630,0.8745874587458746,0.42063492063492064
v_yuri,viewpoint,sift,1_4,4,1126,857,92,0.27909393310546876,12,58,0.13043478260869565,0.20689655172413793,21,177,0.22826086956521738,0.11864406779661017,38,300,0.41304347826086957,0.12666666666666668,59,458,0.6413043478260869,0.12882096069868995,69,686,0.75,0.10058309037900874
v_yuri,viewpoint,sift,1_5,5,1126,427,234,0.27909393310546876,94,126,0.4017094017094017,0.746031746031746,150,217,0.6410256410256411,0.6912442396313364,176,266,0.7521367521367521,0.6616541353383458,194,311,0.8290598290598291,0.6237942122186495,201,428,0.8589743589743589,0.4696261682242991
v_yuri,viewpoint,sift,1_6,6,1126,413,165,0.27909393310546876,18,30,0.10909090909090909,0.6,45,117,0.2727272727272727,0.38461538461538464,75,178,0.45454545454545453,0.42134831460674155,110,248,0.6666666666666666,0.4435483870967742,132,404,0.8,0.32673267326732675
v_yuri,viewpoint,orb,1_2,2,2000,2000,437,0.22456369400024415,219,690,0.5011441647597255,0.3173913043478261,367,974,0.8398169336384439,0.37679671457905545,405,1093,0.9267734553775744,0.3705397987191217,416,1216,0.9519450800915332,0.34210526315789475,419,1470,0.9588100686498856,0.28503401360544217
v_yuri,viewpoint,orb,1_3,3,2000,1706,266,0.22456369400024415,51,469,0.19172932330827067,0.10874200426439233,147,847,0.5526315789473685,0.17355371900826447,209,1000,0.7857142857142857,0.209,244,1119,0.9172932330827067,0.21805183199285075,252,1161,0.9473684210526315,0.21705426356589147
v_yuri,viewpoint,orb,1_4,4,2000,1687,52,0.22456369400024415,2,344,0.038461538461538464,0.005813953488372093,5,738,0.09615384615384616,0.006775067750677507,13,1005,0.25,0.012935323383084577,28,1274,0.5384615384615384,0.02197802197802198,38,1431,0.7307692307692307,0.026554856743535988
v_yuri,viewpoint,orb,1_5,5,2000,937,365,0.22456369400024415,58,389,0.1589041095890411,0.14910025706940874,188,799,0.5150684931506849,0.23529411764705882,282,1040,0.7726027397260274,0.27115384615384613,333,1231,0.9123287671232877,0.27051177904142976,351,1420,0.9616438356164384,0.2471830985915493
v_yuri,viewpoint,orb,1_6,6,2000,926,149,0.22456369400024415,11,237,0.0738255033557047,0.046413502109704644,40,551,0.2684563758389262,0.07259528130671507,69,823,0.46308724832214765,0.08383961117861483,111,1151,0.7449664429530202,0.09643788010425716,132,1435,0.8859060402684564,0.09198606271777003
